month_start,category,customer_state,orders,items_sold,revenue
2017-01-01,agro_industry_and_commerce,PI,1,1,46.34
2017-01-01,agro_industry_and_commerce,SP,1,2,61.42
2017-01-01,air_conditioning,RJ,1,1,207.00
2017-01-01,air_conditioning,SP,2,3,531.36
2017-01-01,auto,BA,1,1,114.10
2017-01-01,auto,GO,1,1,135.30
2017-01-01,auto,MA,1,1,74.11
2017-01-01,auto,MG,4,4,1206.79
2017-01-01,auto,PR,5,6,737.80
2017-01-01,auto,RJ,2,2,98.03
2017-01-01,auto,RS,3,3,401.95
2017-01-01,auto,SC,2,2,274.89
2017-01-01,auto,SP,8,11,2343.41
2017-01-01,baby,GO,1,1,53.00
2017-01-01,baby,MG,6,12,935.76
2017-01-01,baby,PE,1,1,195.44
2017-01-01,baby,PI,1,1,710.00
2017-01-01,baby,PR,4,4,460.23
2017-01-01,baby,RJ,3,3,457.35
2017-01-01,baby,RN,1,1,182.64
2017-01-01,baby,RS,3,3,2708.05
2017-01-01,baby,SC,1,1,237.99
2017-01-01,baby,SP,10,13,1001.48
2017-01-01,bed_bath_table,AC,2,3,538.38
2017-01-01,bed_bath_table,CE,1,1,96.65
2017-01-01,bed_bath_table,MG,6,6,600.01
2017-01-01,bed_bath_table,PA,1,1,145.90
2017-01-01,bed_bath_table,PR,3,3,255.44
2017-01-01,bed_bath_table,RJ,9,11,823.80
2017-01-01,bed_bath_table,RS,2,2,271.05
2017-01-01,bed_bath_table,SC,2,2,178.54
2017-01-01,bed_bath_table,SE,1,1,88.29
2017-01-01,bed_bath_table,SP,16,16,1639.54
2017-01-01,books_general_interest,SP,2,2,271.55
2017-01-01,computers,RS,1,1,2217.99
2017-01-01,computers_accessories,BA,1,1,50.80
2017-01-01,computers_accessories,ES,1,1,35.42
2017-01-01,computers_accessories,GO,2,3,402.21
2017-01-01,computers_accessories,MA,1,1,38.00
2017-01-01,computers_accessories,MG,3,3,278.61
2017-01-01,computers_accessories,PR,3,3,166.66
2017-01-01,computers_accessories,RJ,1,1,113.86
2017-01-01,computers_accessories,RS,2,2,2064.70
2017-01-01,computers_accessories,SP,10,16,1227.34
2017-01-01,consoles_games,ES,1,1,29.42
2017-01-01,consoles_games,MG,4,5,629.22
2017-01-01,consoles_games,PA,1,1,69.45
2017-01-01,consoles_games,PE,1,1,240.89
2017-01-01,consoles_games,PI,1,1,221.85
2017-01-01,consoles_games,PR,1,1,327.90
2017-01-01,consoles_games,RJ,1,1,124.84
2017-01-01,consoles_games,SC,1,1,239.64
2017-01-01,consoles_games,SP,8,9,3028.52
2017-01-01,cool_stuff,CE,1,1,242.99
2017-01-01,cool_stuff,DF,2,2,947.95
2017-01-01,cool_stuff,ES,1,1,203.73
2017-01-01,cool_stuff,GO,3,3,447.64
2017-01-01,cool_stuff,MG,5,8,747.92
2017-01-01,cool_stuff,MT,1,1,476.34
2017-01-01,cool_stuff,PA,1,1,139.99
2017-01-01,cool_stuff,PE,1,1,186.49
2017-01-01,cool_stuff,PR,1,2,846.52
2017-01-01,cool_stuff,RJ,2,4,243.35
2017-01-01,cool_stuff,RO,1,1,491.36
2017-01-01,cool_stuff,RS,1,1,137.67
2017-01-01,cool_stuff,SC,2,3,942.45
2017-01-01,cool_stuff,SP,8,8,1548.62
2017-01-01,dvds_blu_ray,PR,1,2,47.80
2017-01-01,electronics,PE,1,1,86.90
2017-01-01,electronics,PR,1,1,44.02
2017-01-01,electronics,RJ,2,2,128.01
2017-01-01,electronics,RS,1,1,55.11
2017-01-01,electronics,SP,6,6,458.39
2017-01-01,fashio_female_clothing,RJ,1,1,69.45
2017-01-01,fashio_female_clothing,SP,1,1,33.36
2017-01-01,fashion_bags_accessories,BA,1,1,160.42
2017-01-01,fashion_bags_accessories,CE,1,1,58.74
2017-01-01,fashion_bags_accessories,DF,1,2,83.07
2017-01-01,fashion_bags_accessories,MG,3,4,302.42
2017-01-01,fashion_bags_accessories,MT,1,2,65.36
2017-01-01,fashion_bags_accessories,PA,1,1,44.74
2017-01-01,fashion_bags_accessories,PR,10,10,244.48
2017-01-01,fashion_bags_accessories,RJ,3,4,180.12
2017-01-01,fashion_bags_accessories,RS,1,1,75.73
2017-01-01,fashion_bags_accessories,SC,2,3,262.45
2017-01-01,fashion_bags_accessories,SP,6,6,659.08
2017-01-01,fashion_male_clothing,PA,1,1,159.11
2017-01-01,fashion_shoes,SP,1,1,49.01
2017-01-01,fashion_underwear_beach,DF,1,1,102.15
2017-01-01,fashion_underwear_beach,RJ,1,1,69.00
2017-01-01,fixed_telephony,GO,2,3,176.77
2017-01-01,fixed_telephony,MG,1,1,25.51
2017-01-01,fixed_telephony,RJ,2,2,50.61
2017-01-01,fixed_telephony,RS,4,5,261.62
2017-01-01,fixed_telephony,SP,10,11,455.05
2017-01-01,food,SP,2,2,78.82
2017-01-01,furniture_bedroom,PR,7,7,124.34
2017-01-01,furniture_bedroom,SP,1,1,24.42
2017-01-01,furniture_decor,AC,1,1,184.76
2017-01-01,furniture_decor,BA,3,4,392.66
2017-01-01,furniture_decor,CE,2,2,176.51
2017-01-01,furniture_decor,DF,2,3,283.49
2017-01-01,furniture_decor,ES,2,2,150.15
2017-01-01,furniture_decor,MA,1,1,77.52
2017-01-01,furniture_decor,MG,20,25,2841.16
2017-01-01,furniture_decor,PA,1,1,84.81
2017-01-01,furniture_decor,PB,1,1,84.52
2017-01-01,furniture_decor,PE,1,1,169.90
2017-01-01,furniture_decor,PI,1,1,69.94
2017-01-01,furniture_decor,PR,3,3,349.54
2017-01-01,furniture_decor,RJ,17,20,2339.65
2017-01-01,furniture_decor,RN,1,1,70.51
2017-01-01,furniture_decor,RS,11,16,1227.18
2017-01-01,furniture_decor,SC,4,5,310.29
2017-01-01,furniture_decor,SP,61,90,7051.34
2017-01-01,furniture_living_room,GO,1,1,259.99
2017-01-01,furniture_living_room,MT,1,1,234.59
2017-01-01,furniture_living_room,RJ,4,5,675.67
2017-01-01,furniture_living_room,SP,2,3,348.97
2017-01-01,garden_tools,AL,1,1,159.94
2017-01-01,garden_tools,BA,2,2,251.86
2017-01-01,garden_tools,GO,1,15,783.00
2017-01-01,garden_tools,MG,9,9,2476.98
2017-01-01,garden_tools,MT,1,2,343.88
2017-01-01,garden_tools,PA,1,1,56.60
2017-01-01,garden_tools,PR,2,2,605.55
2017-01-01,garden_tools,RJ,6,7,1382.55
2017-01-01,garden_tools,RS,3,5,459.76
2017-01-01,garden_tools,SC,1,1,256.79
2017-01-01,garden_tools,SP,9,9,1671.43
2017-01-01,health_beauty,BA,4,4,1653.64
2017-01-01,health_beauty,CE,1,1,149.90
2017-01-01,health_beauty,DF,2,2,316.87
2017-01-01,health_beauty,ES,2,2,418.07
2017-01-01,health_beauty,GO,2,2,415.96
2017-01-01,health_beauty,MG,11,11,1810.30
2017-01-01,health_beauty,MT,1,1,121.62
2017-01-01,health_beauty,PB,1,1,378.61
2017-01-01,health_beauty,PE,1,1,378.61
2017-01-01,health_beauty,PI,2,2,266.16
2017-01-01,health_beauty,PR,5,6,638.47
2017-01-01,health_beauty,RJ,7,7,770.49
2017-01-01,health_beauty,RN,2,2,856.99
2017-01-01,health_beauty,RS,8,8,1691.97
2017-01-01,health_beauty,SC,1,1,45.52
2017-01-01,health_beauty,SP,28,30,3515.34
2017-01-01,health_beauty,TO,1,1,374.28
2017-01-01,home_appliances_2,PR,1,2,49.98
2017-01-01,home_appliances_2,RJ,1,1,227.90
2017-01-01,home_appliances_2,SC,2,2,1040.54
2017-01-01,home_appliances_2,SP,2,2,713.28
2017-01-01,home_comfort_2,SP,2,2,95.57
2017-01-01,housewares,BA,1,4,117.96
2017-01-01,housewares,GO,2,2,193.11
2017-01-01,housewares,MA,1,1,90.61
2017-01-01,housewares,MG,1,2,78.00
2017-01-01,housewares,RJ,1,2,383.82
2017-01-01,housewares,RS,1,1,179.83
2017-01-01,housewares,SC,2,2,704.05
2017-01-01,housewares,SP,12,14,1522.38
2017-01-01,kitchen_dining_laundry_garden_furniture,BA,1,1,128.20
2017-01-01,luggage_accessories,MG,2,2,323.79
2017-01-01,luggage_accessories,RJ,1,1,102.69
2017-01-01,luggage_accessories,SP,1,2,138.90
2017-01-01,market_place,PA,1,1,87.83
2017-01-01,market_place,SE,1,1,45.40
2017-01-01,market_place,SP,3,3,371.13
2017-01-01,music,PR,2,2,37.24
2017-01-01,musical_instruments,SP,1,1,357.74
2017-01-01,office_furniture,BA,1,1,137.60
2017-01-01,office_furniture,MG,1,1,278.07
2017-01-01,office_furniture,RJ,1,1,224.98
2017-01-01,office_furniture,SP,3,5,701.13
2017-01-01,perfumery,BA,3,3,605.84
2017-01-01,perfumery,MA,1,1,336.56
2017-01-01,perfumery,MG,4,5,734.72
2017-01-01,perfumery,RJ,5,5,1065.32
2017-01-01,perfumery,RO,1,1,125.09
2017-01-01,perfumery,RS,3,3,726.83
2017-01-01,perfumery,SC,2,6,197.96
2017-01-01,perfumery,SE,1,1,80.77
2017-01-01,perfumery,SP,9,9,1780.92
2017-01-01,pet_shop,BA,2,3,250.72
2017-01-01,pet_shop,ES,1,1,123.04
2017-01-01,pet_shop,MS,1,1,170.36
2017-01-01,pet_shop,PR,6,6,102.72
2017-01-01,pet_shop,SP,2,3,349.55
2017-01-01,security_and_services,RO,1,1,209.06
2017-01-01,small_appliances,MG,2,2,616.72
2017-01-01,small_appliances,PR,1,1,117.27
2017-01-01,small_appliances,RJ,1,1,53.46
2017-01-01,small_appliances,SP,2,2,1000.80
2017-01-01,sports_leisure,BA,1,1,187.49
2017-01-01,sports_leisure,DF,4,4,348.67
2017-01-01,sports_leisure,GO,1,1,93.84
2017-01-01,sports_leisure,MA,1,1,99.67
2017-01-01,sports_leisure,MG,2,2,1039.15
2017-01-01,sports_leisure,MT,1,3,317.01
2017-01-01,sports_leisure,PE,2,2,833.87
2017-01-01,sports_leisure,PI,1,1,139.69
2017-01-01,sports_leisure,PR,3,3,331.58
2017-01-01,sports_leisure,RJ,7,7,1118.64
2017-01-01,sports_leisure,RS,5,7,443.72
2017-01-01,sports_leisure,SC,3,3,806.54
2017-01-01,sports_leisure,SE,1,1,167.32
2017-01-01,sports_leisure,SP,25,38,4827.76
2017-01-01,stationery,MG,2,9,835.69
2017-01-01,stationery,PR,1,1,19.62
2017-01-01,stationery,SP,4,4,899.30
2017-01-01,telephony,AL,1,2,294.42
2017-01-01,telephony,CE,1,1,54.90
2017-01-01,telephony,DF,1,1,22.55
2017-01-01,telephony,MG,4,7,224.38
2017-01-01,telephony,MT,1,1,36.99
2017-01-01,telephony,PE,1,1,59.83
2017-01-01,telephony,RJ,2,3,205.03
2017-01-01,telephony,RS,1,1,59.99
2017-01-01,telephony,SP,5,5,170.18
2017-01-01,toys,BA,3,3,274.08
2017-01-01,toys,ES,1,1,50.95
2017-01-01,toys,MG,9,9,1517.47
2017-01-01,toys,MT,2,2,327.00
2017-01-01,toys,PA,1,1,328.35
2017-01-01,toys,PR,1,1,17.62
2017-01-01,toys,RJ,6,6,571.84
2017-01-01,toys,RN,1,1,157.99
2017-01-01,toys,RS,1,1,84.99
2017-01-01,toys,SP,15,15,1658.39
2017-01-01,toys,TO,1,1,302.58
2017-01-01,unknown,GO,1,1,370.68
2017-01-01,unknown,MG,1,1,194.00
2017-01-01,unknown,RJ,1,1,108.00
2017-01-01,unknown,RS,1,2,71.80
2017-01-01,unknown,SC,1,2,57.96
2017-01-01,unknown,SP,5,5,996.29
2017-01-01,watches_gifts,CE,1,1,305.44
2017-01-01,watches_gifts,GO,1,1,1326.79
2017-01-01,watches_gifts,MG,2,2,348.56
2017-01-01,watches_gifts,PA,1,1,406.14
2017-01-01,watches_gifts,PR,1,1,460.22
2017-01-01,watches_gifts,RJ,3,3,2207.27
2017-01-01,watches_gifts,SP,2,2,3256.41
2017-02-01,agro_industry_and_commerce,GO,1,1,39.77
2017-02-01,agro_industry_and_commerce,MG,1,1,36.51
2017-02-01,agro_industry_and_commerce,MS,2,2,151.91
2017-02-01,agro_industry_and_commerce,RJ,2,2,72.20
2017-02-01,agro_industry_and_commerce,SP,1,1,30.71
2017-02-01,air_conditioning,BA,2,2,436.52
2017-02-01,air_conditioning,ES,2,2,423.02
2017-02-01,air_conditioning,MG,2,2,418.60
2017-02-01,air_conditioning,RJ,1,1,124.97
2017-02-01,air_conditioning,SP,4,4,1285.23
2017-02-01,audio,MG,2,2,105.91
2017-02-01,audio,RJ,1,1,44.01
2017-02-01,audio,RS,2,2,97.93
2017-02-01,auto,AL,1,1,126.71
2017-02-01,auto,BA,4,5,591.56
2017-02-01,auto,CE,1,2,98.44
2017-02-01,auto,DF,2,2,394.87
2017-02-01,auto,ES,1,1,245.68
2017-02-01,auto,GO,1,1,173.09
2017-02-01,auto,MG,13,15,2899.89
2017-02-01,auto,MT,1,1,112.46
2017-02-01,auto,PB,1,1,89.52
2017-02-01,auto,PE,1,1,184.32
2017-02-01,auto,PR,6,8,1689.60
2017-02-01,auto,RJ,11,11,1706.64
2017-02-01,auto,RN,1,1,34.84
2017-02-01,auto,RO,1,1,34.34
2017-02-01,auto,RS,3,3,260.33
2017-02-01,auto,SC,2,2,58.67
2017-02-01,auto,SP,24,26,5434.96
2017-02-01,auto,TO,1,1,165.71
2017-02-01,baby,BA,1,1,208.16
2017-02-01,baby,ES,1,1,195.42
2017-02-01,baby,MG,4,4,381.73
2017-02-01,baby,PI,1,2,157.94
2017-02-01,baby,PR,5,5,415.74
2017-02-01,baby,RJ,2,2,951.99
2017-02-01,baby,RN,2,2,107.21
2017-02-01,baby,RS,1,1,60.96
2017-02-01,baby,SC,1,1,39.46
2017-02-01,baby,SP,13,13,923.95
2017-02-01,bed_bath_table,AM,2,2,279.85
2017-02-01,bed_bath_table,BA,4,4,507.88
2017-02-01,bed_bath_table,DF,2,3,207.16
2017-02-01,bed_bath_table,ES,1,1,118.88
2017-02-01,bed_bath_table,MA,1,1,137.14
2017-02-01,bed_bath_table,MG,27,29,3989.29
2017-02-01,bed_bath_table,MS,1,1,103.79
2017-02-01,bed_bath_table,PB,1,1,137.14
2017-02-01,bed_bath_table,PR,16,21,2925.51
2017-02-01,bed_bath_table,RJ,21,22,2475.07
2017-02-01,bed_bath_table,RO,1,1,101.98
2017-02-01,bed_bath_table,RS,6,6,655.96
2017-02-01,bed_bath_table,SC,1,1,34.52
2017-02-01,bed_bath_table,SP,56,64,6788.54
2017-02-01,books_general_interest,BA,1,1,142.89
2017-02-01,books_general_interest,CE,1,1,145.01
2017-02-01,books_general_interest,RJ,3,3,300.68
2017-02-01,books_general_interest,RS,1,1,166.00
2017-02-01,books_general_interest,SP,2,2,195.44
2017-02-01,books_technical,SP,1,1,182.40
2017-02-01,cine_photo,MG,1,1,95.24
2017-02-01,computers,DF,1,1,3602.47
2017-02-01,computers_accessories,AC,2,4,184.78
2017-02-01,computers_accessories,BA,2,2,215.97
2017-02-01,computers_accessories,DF,1,1,3736.22
2017-02-01,computers_accessories,ES,3,5,520.92
2017-02-01,computers_accessories,GO,1,1,348.46
2017-02-01,computers_accessories,MG,14,14,921.30
2017-02-01,computers_accessories,MS,1,1,65.64
2017-02-01,computers_accessories,PA,2,2,146.84
2017-02-01,computers_accessories,PE,2,2,683.14
2017-02-01,computers_accessories,PI,1,1,41.70
2017-02-01,computers_accessories,PR,4,4,169.36
2017-02-01,computers_accessories,RJ,12,12,1530.10
2017-02-01,computers_accessories,RN,1,1,40.74
2017-02-01,computers_accessories,RO,2,2,90.99
2017-02-01,computers_accessories,RR,1,1,55.87
2017-02-01,computers_accessories,RS,5,5,363.92
2017-02-01,computers_accessories,SE,2,2,89.48
2017-02-01,computers_accessories,SP,36,40,3809.28
2017-02-01,consoles_games,AM,1,1,370.29
2017-02-01,consoles_games,CE,1,1,720.98
2017-02-01,consoles_games,DF,1,1,115.90
2017-02-01,consoles_games,MG,5,5,1523.25
2017-02-01,consoles_games,RJ,1,1,332.70
2017-02-01,consoles_games,RS,2,2,590.54
2017-02-01,consoles_games,SC,2,2,132.11
2017-02-01,consoles_games,SE,1,1,70.84
2017-02-01,consoles_games,SP,4,4,781.35
2017-02-01,construction_tools_construction,MG,1,1,171.03
2017-02-01,construction_tools_construction,PR,1,1,171.03
2017-02-01,construction_tools_construction,RJ,1,1,51.51
2017-02-01,construction_tools_safety,RS,1,1,396.86
2017-02-01,cool_stuff,AL,1,1,142.33
2017-02-01,cool_stuff,BA,3,3,229.23
2017-02-01,cool_stuff,CE,1,1,106.81
2017-02-01,cool_stuff,DF,3,3,310.54
2017-02-01,cool_stuff,GO,3,3,1091.74
2017-02-01,cool_stuff,MA,1,1,106.81
2017-02-01,cool_stuff,MG,5,5,856.62
2017-02-01,cool_stuff,MT,2,2,404.88
2017-02-01,cool_stuff,PA,1,1,104.87
2017-02-01,cool_stuff,PB,1,1,307.86
2017-02-01,cool_stuff,PE,2,2,746.97
2017-02-01,cool_stuff,PR,7,7,3103.72
2017-02-01,cool_stuff,RJ,8,9,855.88
2017-02-01,cool_stuff,RS,5,5,958.23
2017-02-01,cool_stuff,SC,2,2,233.24
2017-02-01,cool_stuff,SP,22,22,4248.18
2017-02-01,cool_stuff,TO,1,1,139.07
2017-02-01,costruction_tools_garden,RJ,1,2,624.68
2017-02-01,dvds_blu_ray,PE,1,1,35.70
2017-02-01,electronics,BA,1,1,95.98
2017-02-01,electronics,MA,1,1,114.00
2017-02-01,electronics,MG,1,1,54.42
2017-02-01,electronics,MS,2,2,143.74
2017-02-01,electronics,PR,1,1,69.75
2017-02-01,electronics,RJ,3,7,618.45
2017-02-01,electronics,RS,1,1,184.35
2017-02-01,electronics,SC,1,2,108.84
2017-02-01,electronics,SP,3,3,165.97
2017-02-01,fashio_female_clothing,ES,1,1,131.51
2017-02-01,fashio_female_clothing,MG,2,2,283.09
2017-02-01,fashion_bags_accessories,BA,1,1,55.75
2017-02-01,fashion_bags_accessories,DF,1,1,176.72
2017-02-01,fashion_bags_accessories,GO,2,2,211.15
2017-02-01,fashion_bags_accessories,MA,1,1,80.77
2017-02-01,fashion_bags_accessories,MG,7,10,437.38
2017-02-01,fashion_bags_accessories,PB,1,1,74.74
2017-02-01,fashion_bags_accessories,PI,1,1,93.97
2017-02-01,fashion_bags_accessories,PR,1,1,216.27
2017-02-01,fashion_bags_accessories,RJ,1,1,69.04
2017-02-01,fashion_bags_accessories,RS,1,1,100.91
2017-02-01,fashion_bags_accessories,SC,3,4,399.57
2017-02-01,fashion_bags_accessories,SP,12,12,795.38
2017-02-01,fashion_male_clothing,MG,2,2,146.06
2017-02-01,fashion_male_clothing,RJ,2,2,210.71
2017-02-01,fashion_male_clothing,SP,2,2,288.22
2017-02-01,fashion_shoes,GO,1,2,111.40
2017-02-01,fashion_shoes,SP,1,1,45.97
2017-02-01,fashion_underwear_beach,MG,1,1,66.53
2017-02-01,fashion_underwear_beach,PR,1,1,39.51
2017-02-01,fashion_underwear_beach,RJ,3,5,342.06
2017-02-01,fashion_underwear_beach,SP,1,1,59.73
2017-02-01,fixed_telephony,AP,1,5,324.15
2017-02-01,fixed_telephony,ES,1,1,31.05
2017-02-01,fixed_telephony,MG,4,4,110.54
2017-02-01,fixed_telephony,MS,1,1,49.04
2017-02-01,fixed_telephony,PE,1,1,50.30
2017-02-01,fixed_telephony,PR,2,2,69.93
2017-02-01,fixed_telephony,RJ,1,1,44.01
2017-02-01,fixed_telephony,RS,2,2,172.63
2017-02-01,fixed_telephony,SP,4,4,244.47
2017-02-01,fixed_telephony,TO,1,1,28.77
2017-02-01,food,BA,2,2,214.15
2017-02-01,food,CE,1,1,167.10
2017-02-01,food,MG,1,1,181.98
2017-02-01,food,PE,1,1,29.84
2017-02-01,food,PR,1,1,40.16
2017-02-01,food,SP,2,2,242.02
2017-02-01,furniture_bedroom,MG,1,1,501.88
2017-02-01,furniture_decor,AL,3,3,495.76
2017-02-01,furniture_decor,BA,5,5,429.57
2017-02-01,furniture_decor,CE,2,2,405.16
2017-02-01,furniture_decor,ES,3,5,510.66
2017-02-01,furniture_decor,GO,1,1,77.65
2017-02-01,furniture_decor,MA,2,2,222.54
2017-02-01,furniture_decor,MG,30,39,3495.82
2017-02-01,furniture_decor,MT,2,3,267.69
2017-02-01,furniture_decor,PA,1,1,125.95
2017-02-01,furniture_decor,PB,1,1,66.51
2017-02-01,furniture_decor,PE,1,1,152.43
2017-02-01,furniture_decor,PR,11,11,1631.24
2017-02-01,furniture_decor,RJ,34,41,3992.38
2017-02-01,furniture_decor,RN,1,1,60.34
2017-02-01,furniture_decor,RO,2,4,657.86
2017-02-01,furniture_decor,RS,13,15,1121.87
2017-02-01,furniture_decor,SC,6,7,547.69
2017-02-01,furniture_decor,SE,1,1,196.75
2017-02-01,furniture_decor,SP,93,113,10353.87
2017-02-01,furniture_decor,TO,1,1,198.46
2017-02-01,furniture_living_room,BA,1,2,328.82
2017-02-01,furniture_living_room,MG,2,2,603.86
2017-02-01,furniture_living_room,PB,1,1,381.51
2017-02-01,furniture_living_room,PR,1,1,141.12
2017-02-01,furniture_living_room,RJ,2,7,1055.48
2017-02-01,furniture_living_room,RS,1,1,174.08
2017-02-01,furniture_living_room,SE,1,2,1047.32
2017-02-01,furniture_living_room,SP,3,5,640.55
2017-02-01,garden_tools,AM,1,1,59.35
2017-02-01,garden_tools,BA,4,5,659.52
2017-02-01,garden_tools,MA,1,1,66.51
2017-02-01,garden_tools,MG,6,7,1491.03
2017-02-01,garden_tools,MT,4,5,1724.22
2017-02-01,garden_tools,PA,1,1,1094.37
2017-02-01,garden_tools,PB,1,1,491.68
2017-02-01,garden_tools,PI,1,1,1146.20
2017-02-01,garden_tools,PR,3,3,663.79
2017-02-01,garden_tools,RJ,5,9,950.77
2017-02-01,garden_tools,RS,5,6,963.44
2017-02-01,garden_tools,SC,2,2,158.21
2017-02-01,garden_tools,SP,26,27,3721.84
2017-02-01,health_beauty,AC,1,2,412.62
2017-02-01,health_beauty,AL,3,3,998.71
2017-02-01,health_beauty,AP,1,1,383.05
2017-02-01,health_beauty,BA,5,5,668.84
2017-02-01,health_beauty,CE,1,1,48.25
2017-02-01,health_beauty,DF,3,3,406.05
2017-02-01,health_beauty,GO,3,4,211.77
2017-02-01,health_beauty,MA,1,1,48.25
2017-02-01,health_beauty,MG,14,14,1671.18
2017-02-01,health_beauty,MT,1,2,115.70
2017-02-01,health_beauty,PA,4,4,1275.03
2017-02-01,health_beauty,PB,1,1,378.61
2017-02-01,health_beauty,PE,2,2,378.92
2017-02-01,health_beauty,PI,1,1,953.84
2017-02-01,health_beauty,PR,10,10,1504.13
2017-02-01,health_beauty,RJ,17,19,3967.92
2017-02-01,health_beauty,RN,1,1,48.74
2017-02-01,health_beauty,RO,2,2,686.06
2017-02-01,health_beauty,RR,1,1,52.87
2017-02-01,health_beauty,RS,7,7,2237.43
2017-02-01,health_beauty,SC,4,4,1068.44
2017-02-01,health_beauty,SE,2,2,299.14
2017-02-01,health_beauty,SP,58,64,7362.77
2017-02-01,home_appliances,MG,1,1,129.98
2017-02-01,home_appliances,PA,2,2,198.04
2017-02-01,home_appliances,SC,1,1,174.28
2017-02-01,home_appliances,SP,3,3,353.10
2017-02-01,home_appliances_2,MG,1,1,30.11
2017-02-01,home_confort,SC,1,1,245.78
2017-02-01,home_confort,SP,2,2,225.49
2017-02-01,home_construction,RJ,1,2,410.10
2017-02-01,home_construction,SP,2,2,354.47
2017-02-01,housewares,AM,1,1,179.30
2017-02-01,housewares,BA,1,1,69.90
2017-02-01,housewares,ES,2,2,268.39
2017-02-01,housewares,GO,1,1,52.68
2017-02-01,housewares,MA,1,1,205.71
2017-02-01,housewares,MG,7,7,487.86
2017-02-01,housewares,MS,1,1,6929.31
2017-02-01,housewares,PR,7,8,774.91
2017-02-01,housewares,RJ,9,10,919.24
2017-02-01,housewares,RN,1,1,51.74
2017-02-01,housewares,RO,1,1,96.65
2017-02-01,housewares,RS,2,3,314.47
2017-02-01,housewares,SC,1,2,88.84
2017-02-01,housewares,SP,26,30,2172.34
2017-02-01,industry_commerce_and_business,SC,1,1,134.94
2017-02-01,kitchen_dining_laundry_garden_furniture,RJ,1,1,46.99
2017-02-01,kitchen_dining_laundry_garden_furniture,RN,1,1,131.34
2017-02-01,luggage_accessories,BA,1,1,72.71
2017-02-01,luggage_accessories,CE,1,1,76.74
2017-02-01,luggage_accessories,DF,1,1,124.43
2017-02-01,luggage_accessories,MG,2,2,197.24
2017-02-01,luggage_accessories,PE,1,1,75.73
2017-02-01,luggage_accessories,PR,2,3,411.46
2017-02-01,luggage_accessories,RJ,1,1,69.04
2017-02-01,luggage_accessories,RS,4,4,497.94
2017-02-01,luggage_accessories,SP,6,6,561.36
2017-02-01,market_place,AL,1,1,50.70
2017-02-01,market_place,CE,1,1,87.83
2017-02-01,market_place,GO,1,1,27.78
2017-02-01,market_place,MA,1,1,51.99
2017-02-01,market_place,MG,2,2,185.91
2017-02-01,market_place,MT,1,1,380.75
2017-02-01,market_place,PE,1,2,204.22
2017-02-01,market_place,PR,2,2,94.52
2017-02-01,market_place,RS,1,1,79.04
2017-02-01,market_place,SC,1,1,95.72
2017-02-01,market_place,SP,5,7,683.99
2017-02-01,musical_instruments,MG,2,2,310.68
2017-02-01,musical_instruments,PA,3,4,449.52
2017-02-01,musical_instruments,RJ,1,1,82.61
2017-02-01,musical_instruments,SP,2,2,1622.44
2017-02-01,office_furniture,BA,2,2,371.89
2017-02-01,office_furniture,CE,1,1,226.96
2017-02-01,office_furniture,ES,2,2,367.77
2017-02-01,office_furniture,MG,9,14,2666.52
2017-02-01,office_furniture,PA,1,1,115.11
2017-02-01,office_furniture,PR,3,6,2055.91
2017-02-01,office_furniture,RJ,12,12,2634.30
2017-02-01,office_furniture,RO,1,1,169.99
2017-02-01,office_furniture,RS,2,2,427.18
2017-02-01,office_furniture,SC,1,1,104.79
2017-02-01,office_furniture,SP,17,19,3497.28
2017-02-01,office_furniture,TO,1,1,219.79
2017-02-01,perfumery,BA,2,2,528.16
2017-02-01,perfumery,ES,1,1,81.14
2017-02-01,perfumery,MG,8,9,1662.29
2017-02-01,perfumery,PA,1,1,407.05
2017-02-01,perfumery,PB,1,1,45.74
2017-02-01,perfumery,PE,1,1,151.26
2017-02-01,perfumery,PR,5,5,847.17
2017-02-01,perfumery,RJ,10,10,1862.37
2017-02-01,perfumery,RS,4,5,561.48
2017-02-01,perfumery,SC,3,3,882.12
2017-02-01,perfumery,SP,11,11,1796.26
2017-02-01,pet_shop,AM,1,1,135.16
2017-02-01,pet_shop,MG,6,9,704.20
2017-02-01,pet_shop,MS,1,1,60.05
2017-02-01,pet_shop,MT,1,1,259.06
2017-02-01,pet_shop,PE,1,1,120.11
2017-02-01,pet_shop,PI,1,1,721.71
2017-02-01,pet_shop,PR,2,2,239.61
2017-02-01,pet_shop,RJ,4,4,396.64
2017-02-01,pet_shop,RS,4,4,325.74
2017-02-01,pet_shop,SC,5,5,512.44
2017-02-01,pet_shop,SE,1,1,134.77
2017-02-01,pet_shop,SP,9,9,705.58
2017-02-01,small_appliances,DF,2,2,856.97
2017-02-01,small_appliances,MG,1,1,69.17
2017-02-01,small_appliances,PA,1,2,193.30
2017-02-01,small_appliances,PR,2,2,743.19
2017-02-01,small_appliances,RJ,6,6,1795.33
2017-02-01,small_appliances,RS,3,4,780.54
2017-02-01,small_appliances,SC,1,1,32.77
2017-02-01,small_appliances,SP,9,10,3550.98
2017-02-01,sports_leisure,BA,5,5,544.60
2017-02-01,sports_leisure,CE,1,1,337.42
2017-02-01,sports_leisure,DF,2,2,229.78
2017-02-01,sports_leisure,ES,5,6,831.74
2017-02-01,sports_leisure,GO,2,2,98.02
2017-02-01,sports_leisure,MG,19,23,3104.43
2017-02-01,sports_leisure,MS,2,3,407.46
2017-02-01,sports_leisure,MT,1,1,55.94
2017-02-01,sports_leisure,PA,2,2,276.45
2017-02-01,sports_leisure,PB,1,1,134.66
2017-02-01,sports_leisure,PE,2,2,192.41
2017-02-01,sports_leisure,PR,7,8,568.19
2017-02-01,sports_leisure,RJ,14,15,2354.29
2017-02-01,sports_leisure,RS,7,7,796.65
2017-02-01,sports_leisure,SC,9,10,1208.61
2017-02-01,sports_leisure,SE,1,3,186.54
2017-02-01,sports_leisure,SP,52,56,7004.95
2017-02-01,sports_leisure,TO,2,2,187.75
2017-02-01,stationery,AL,1,1,111.01
2017-02-01,stationery,BA,3,3,640.75
2017-02-01,stationery,ES,1,1,109.73
2017-02-01,stationery,MG,3,3,197.55
2017-02-01,stationery,RJ,4,4,724.75
2017-02-01,stationery,RS,1,1,110.98
2017-02-01,stationery,SP,6,6,751.26
2017-02-01,tablets_printing_image,BA,2,2,240.28
2017-02-01,tablets_printing_image,MG,1,1,113.86
2017-02-01,tablets_printing_image,PI,2,2,248.36
2017-02-01,tablets_printing_image,RJ,2,2,227.72
2017-02-01,tablets_printing_image,SP,1,1,110.30
2017-02-01,telephony,AL,2,2,1042.65
2017-02-01,telephony,AM,2,2,98.59
2017-02-01,telephony,BA,3,4,521.12
2017-02-01,telephony,CE,1,1,62.83
2017-02-01,telephony,ES,1,1,49.04
2017-02-01,telephony,GO,6,6,351.26
2017-02-01,telephony,MA,1,1,161.51
2017-02-01,telephony,MG,15,15,898.82
2017-02-01,telephony,MT,3,3,198.87
2017-02-01,telephony,PA,1,2,306.98
2017-02-01,telephony,PE,3,3,314.67
2017-02-01,telephony,PR,7,10,1051.74
2017-02-01,telephony,RJ,11,15,1057.86
2017-02-01,telephony,RS,8,8,467.41
2017-02-01,telephony,SC,5,5,314.46
2017-02-01,telephony,SE,1,1,40.39
2017-02-01,telephony,SP,25,27,1431.44
2017-02-01,toys,BA,1,1,141.29
2017-02-01,toys,DF,2,2,205.49
2017-02-01,toys,ES,2,2,168.40
2017-02-01,toys,GO,1,1,60.77
2017-02-01,toys,MG,10,11,972.04
2017-02-01,toys,MT,1,1,63.79
2017-02-01,toys,PA,1,1,76.25
2017-02-01,toys,PB,1,1,140.34
2017-02-01,toys,PI,1,1,91.61
2017-02-01,toys,PR,4,4,975.14
2017-02-01,toys,RJ,9,9,781.63
2017-02-01,toys,RN,1,2,173.66
2017-02-01,toys,RS,3,3,1559.06
2017-02-01,toys,SC,3,3,194.41
2017-02-01,toys,SE,1,1,187.28
2017-02-01,toys,SP,20,23,4742.45
2017-02-01,unknown,BA,1,1,239.95
2017-02-01,unknown,ES,2,2,180.20
2017-02-01,unknown,MG,8,8,1265.67
2017-02-01,unknown,PA,1,1,4042.74
2017-02-01,unknown,RJ,12,12,1050.84
2017-02-01,unknown,RS,2,7,185.26
2017-02-01,unknown,SE,1,1,152.47
2017-02-01,unknown,SP,23,24,2427.21
2017-02-01,watches_gifts,BA,1,1,361.98
2017-02-01,watches_gifts,ES,2,2,357.16
2017-02-01,watches_gifts,MG,2,2,478.73
2017-02-01,watches_gifts,PA,2,2,1792.20
2017-02-01,watches_gifts,PI,1,1,49.74
2017-02-01,watches_gifts,RJ,3,3,523.80
2017-02-01,watches_gifts,RS,3,3,2780.26
2017-02-01,watches_gifts,SC,1,1,335.77
2017-02-01,watches_gifts,SP,17,18,4844.56
2017-03-01,agro_industry_and_commerce,PR,1,1,74.17
2017-03-01,agro_industry_and_commerce,RJ,1,1,36.52
2017-03-01,air_conditioning,BA,1,1,82.25
2017-03-01,air_conditioning,ES,1,1,111.37
2017-03-01,air_conditioning,MG,1,1,889.80
2017-03-01,air_conditioning,PR,1,1,187.24
2017-03-01,air_conditioning,RJ,2,2,1256.09
2017-03-01,air_conditioning,RS,1,2,151.06
2017-03-01,air_conditioning,SP,9,9,1712.75
2017-03-01,art,DF,2,2,74.64
2017-03-01,art,GO,1,1,136.80
2017-03-01,art,SP,1,1,43.56
2017-03-01,audio,AL,1,1,99.60
2017-03-01,audio,ES,1,1,95.25
2017-03-01,audio,GO,1,1,52.77
2017-03-01,audio,MG,1,2,187.44
2017-03-01,audio,PE,2,2,288.12
2017-03-01,audio,PI,1,1,217.59
2017-03-01,audio,RJ,1,1,79.57
2017-03-01,audio,SP,5,5,347.06
2017-03-01,auto,AL,1,1,157.70
2017-03-01,auto,BA,4,4,1992.12
2017-03-01,auto,DF,1,2,443.17
2017-03-01,auto,ES,1,1,86.18
2017-03-01,auto,GO,1,1,1239.94
2017-03-01,auto,MA,1,1,49.55
2017-03-01,auto,MG,10,12,2714.84
2017-03-01,auto,PA,2,3,1011.55
2017-03-01,auto,PE,1,1,179.48
2017-03-01,auto,RJ,6,6,1167.57
2017-03-01,auto,RN,1,1,179.48
2017-03-01,auto,RS,3,3,376.66
2017-03-01,auto,SC,4,4,423.02
2017-03-01,auto,SE,1,1,53.70
2017-03-01,auto,SP,30,37,5229.29
2017-03-01,baby,AM,1,1,177.21
2017-03-01,baby,DF,1,1,82.86
2017-03-01,baby,MG,4,4,416.17
2017-03-01,baby,PA,1,1,170.57
2017-03-01,baby,PE,1,1,93.48
2017-03-01,baby,PR,2,2,120.73
2017-03-01,baby,RJ,11,11,946.72
2017-03-01,baby,RS,6,6,826.57
2017-03-01,baby,SC,2,2,106.16
2017-03-01,baby,SP,12,13,1368.89
2017-03-01,bed_bath_table,BA,3,3,454.48
2017-03-01,bed_bath_table,CE,1,1,115.02
2017-03-01,bed_bath_table,DF,7,9,984.15
2017-03-01,bed_bath_table,ES,2,2,193.46
2017-03-01,bed_bath_table,GO,4,4,433.86
2017-03-01,bed_bath_table,MA,1,1,139.60
2017-03-01,bed_bath_table,MG,37,46,4996.68
2017-03-01,bed_bath_table,PA,2,2,342.68
2017-03-01,bed_bath_table,PB,2,2,251.87
2017-03-01,bed_bath_table,PE,2,2,226.62
2017-03-01,bed_bath_table,PI,2,4,539.85
2017-03-01,bed_bath_table,PR,7,7,736.46
2017-03-01,bed_bath_table,RJ,35,43,4320.65
2017-03-01,bed_bath_table,RO,3,3,478.71
2017-03-01,bed_bath_table,RS,14,15,1236.62
2017-03-01,bed_bath_table,SC,9,10,994.64
2017-03-01,bed_bath_table,SP,108,125,13410.66
2017-03-01,books_general_interest,BA,1,1,136.26
2017-03-01,books_general_interest,ES,2,5,696.64
2017-03-01,books_general_interest,GO,1,1,136.26
2017-03-01,books_general_interest,MG,3,3,357.01
2017-03-01,books_general_interest,MS,1,1,131.51
2017-03-01,books_general_interest,PR,2,2,194.78
2017-03-01,books_general_interest,RJ,3,3,305.70
2017-03-01,books_general_interest,SC,3,4,534.16
2017-03-01,books_general_interest,SP,3,4,458.98
2017-03-01,books_technical,RJ,1,1,47.78
2017-03-01,books_technical,SP,1,1,55.96
2017-03-01,computers_accessories,BA,4,4,320.87
2017-03-01,computers_accessories,CE,2,2,95.54
2017-03-01,computers_accessories,DF,4,4,369.64
2017-03-01,computers_accessories,ES,2,2,93.37
2017-03-01,computers_accessories,GO,3,3,123.31
2017-03-01,computers_accessories,MA,6,6,779.70
2017-03-01,computers_accessories,MG,17,17,4330.92
2017-03-01,computers_accessories,MS,2,2,3257.33
2017-03-01,computers_accessories,MT,2,3,151.86
2017-03-01,computers_accessories,PA,4,6,1436.86
2017-03-01,computers_accessories,PE,1,1,94.88
2017-03-01,computers_accessories,PR,8,10,1561.80
2017-03-01,computers_accessories,RJ,24,26,5136.86
2017-03-01,computers_accessories,RO,1,5,264.20
2017-03-01,computers_accessories,RS,4,5,521.24
2017-03-01,computers_accessories,SC,8,8,2022.88
2017-03-01,computers_accessories,SE,2,2,97.48
2017-03-01,computers_accessories,SP,53,65,10627.99
2017-03-01,consoles_games,AL,1,1,220.35
2017-03-01,consoles_games,BA,1,1,716.65
2017-03-01,consoles_games,CE,4,4,1840.28
2017-03-01,consoles_games,MG,5,6,817.01
2017-03-01,consoles_games,MS,1,1,76.11
2017-03-01,consoles_games,PA,1,1,185.02
2017-03-01,consoles_games,PB,1,1,83.90
2017-03-01,consoles_games,PE,1,1,720.98
2017-03-01,consoles_games,PR,1,1,155.67
2017-03-01,consoles_games,RJ,9,9,1261.70
2017-03-01,consoles_games,RS,1,1,30.86
2017-03-01,consoles_games,SC,1,1,359.97
2017-03-01,consoles_games,SE,1,1,257.10
2017-03-01,consoles_games,SP,17,18,4039.99
2017-03-01,construction_tools_construction,SP,1,1,53.42
2017-03-01,cool_stuff,AM,1,1,126.86
2017-03-01,cool_stuff,AP,1,1,100.02
2017-03-01,cool_stuff,BA,2,2,713.06
2017-03-01,cool_stuff,DF,1,1,117.12
2017-03-01,cool_stuff,ES,3,3,627.47
2017-03-01,cool_stuff,GO,4,4,554.12
2017-03-01,cool_stuff,MG,14,14,1934.17
2017-03-01,cool_stuff,MS,3,3,1723.79
2017-03-01,cool_stuff,MT,1,1,52.18
2017-03-01,cool_stuff,PA,1,1,190.54
2017-03-01,cool_stuff,PE,1,1,89.53
2017-03-01,cool_stuff,PI,2,2,645.84
2017-03-01,cool_stuff,PR,12,13,3232.93
2017-03-01,cool_stuff,RJ,17,17,2659.48
2017-03-01,cool_stuff,RN,1,1,250.46
2017-03-01,cool_stuff,RS,13,13,2504.31
2017-03-01,cool_stuff,SC,7,7,1191.12
2017-03-01,cool_stuff,SP,31,32,5857.33
2017-03-01,cool_stuff,TO,1,1,226.79
2017-03-01,drinks,GO,1,1,214.09
2017-03-01,drinks,SP,3,4,354.34
2017-03-01,dvds_blu_ray,MS,1,1,427.16
2017-03-01,dvds_blu_ray,SP,2,3,98.04
2017-03-01,electronics,MG,5,5,788.83
2017-03-01,electronics,MT,2,2,136.54
2017-03-01,electronics,PA,1,1,51.83
2017-03-01,electronics,PB,1,1,54.34
2017-03-01,electronics,PE,2,4,264.55
2017-03-01,electronics,PR,2,3,830.37
2017-03-01,electronics,RJ,5,5,963.71
2017-03-01,electronics,RO,1,1,54.74
2017-03-01,electronics,RS,2,2,593.53
2017-03-01,electronics,SC,1,1,184.35
2017-03-01,electronics,SP,10,12,732.37
2017-03-01,fashio_female_clothing,SP,1,1,30.86
2017-03-01,fashion_bags_accessories,BA,5,6,540.84
2017-03-01,fashion_bags_accessories,DF,1,1,80.75
2017-03-01,fashion_bags_accessories,ES,1,1,75.11
2017-03-01,fashion_bags_accessories,GO,3,3,272.05
2017-03-01,fashion_bags_accessories,MG,9,9,547.77
2017-03-01,fashion_bags_accessories,PA,1,1,83.90
2017-03-01,fashion_bags_accessories,PI,2,2,135.64
2017-03-01,fashion_bags_accessories,PR,6,7,592.56
2017-03-01,fashion_bags_accessories,RJ,13,13,1076.39
2017-03-01,fashion_bags_accessories,RS,1,2,414.06
2017-03-01,fashion_bags_accessories,SP,18,21,1970.42
2017-03-01,fashion_male_clothing,MG,1,1,119.30
2017-03-01,fashion_male_clothing,PR,2,3,108.26
2017-03-01,fashion_male_clothing,RJ,1,1,82.19
2017-03-01,fashion_male_clothing,SP,3,4,411.61
2017-03-01,fashion_shoes,AL,1,1,227.57
2017-03-01,fashion_shoes,GO,1,1,319.51
2017-03-01,fashion_shoes,MS,1,1,221.42
2017-03-01,fashion_shoes,PR,2,3,255.99
2017-03-01,fashion_shoes,RJ,1,1,48.95
2017-03-01,fashion_shoes,RS,1,1,177.60
2017-03-01,fashion_shoes,SP,6,6,495.14
2017-03-01,fashion_sport,RJ,1,1,54.01
2017-03-01,fashion_underwear_beach,RJ,2,2,105.22
2017-03-01,fashion_underwear_beach,SP,4,4,355.40
2017-03-01,fixed_telephony,AP,1,1,57.83
2017-03-01,fixed_telephony,BA,1,4,645.68
2017-03-01,fixed_telephony,ES,1,1,84.56
2017-03-01,fixed_telephony,RJ,1,1,74.59
2017-03-01,fixed_telephony,RS,1,1,56.04
2017-03-01,fixed_telephony,SC,1,2,109.02
2017-03-01,fixed_telephony,SE,1,2,111.58
2017-03-01,fixed_telephony,SP,7,8,504.95
2017-03-01,food,BA,2,2,223.93
2017-03-01,food,ES,1,1,181.98
2017-03-01,food,MG,3,3,435.05
2017-03-01,food,MT,1,2,375.82
2017-03-01,food,PE,1,1,29.84
2017-03-01,food,PR,1,1,35.04
2017-03-01,food,RJ,1,1,192.41
2017-03-01,food,SC,1,2,158.28
2017-03-01,food,SP,8,8,1197.66
2017-03-01,food_drink,MG,1,1,34.42
2017-03-01,food_drink,SP,3,3,98.51
2017-03-01,furniture_decor,AP,1,2,255.04
2017-03-01,furniture_decor,BA,7,8,907.58
2017-03-01,furniture_decor,DF,8,8,750.49
2017-03-01,furniture_decor,ES,3,3,259.12
2017-03-01,furniture_decor,GO,4,4,851.17
2017-03-01,furniture_decor,MA,1,1,155.36
2017-03-01,furniture_decor,MG,34,52,4040.85
2017-03-01,furniture_decor,MS,1,1,68.10
2017-03-01,furniture_decor,MT,2,3,423.41
2017-03-01,furniture_decor,PA,2,5,629.82
2017-03-01,furniture_decor,PB,1,3,298.55
2017-03-01,furniture_decor,PE,3,4,462.08
2017-03-01,furniture_decor,PR,12,17,1342.14
2017-03-01,furniture_decor,RJ,35,44,3962.81
2017-03-01,furniture_decor,RN,2,2,177.61
2017-03-01,furniture_decor,RS,16,19,2065.64
2017-03-01,furniture_decor,SC,8,8,853.49
2017-03-01,furniture_decor,SE,3,4,458.40
2017-03-01,furniture_decor,SP,110,127,9828.72
2017-03-01,furniture_living_room,DF,1,1,153.80
2017-03-01,furniture_living_room,ES,2,2,358.04
2017-03-01,furniture_living_room,GO,1,1,151.74
2017-03-01,furniture_living_room,MG,5,8,1439.77
2017-03-01,furniture_living_room,PR,1,1,367.76
2017-03-01,furniture_living_room,RJ,2,2,366.59
2017-03-01,furniture_living_room,RS,1,1,212.28
2017-03-01,furniture_living_room,SP,4,8,985.69
2017-03-01,garden_tools,AL,1,1,68.74
2017-03-01,garden_tools,BA,4,4,2130.86
2017-03-01,garden_tools,GO,4,7,2540.59
2017-03-01,garden_tools,MG,19,28,2505.00
2017-03-01,garden_tools,MS,2,2,130.12
2017-03-01,garden_tools,PA,2,2,1645.87
2017-03-01,garden_tools,PB,2,2,2384.73
2017-03-01,garden_tools,PE,3,4,642.93
2017-03-01,garden_tools,PI,1,1,64.74
2017-03-01,garden_tools,PR,4,5,304.69
2017-03-01,garden_tools,RJ,19,22,3169.87
2017-03-01,garden_tools,RN,1,1,164.84
2017-03-01,garden_tools,RO,1,1,64.74
2017-03-01,garden_tools,RS,4,5,614.39
2017-03-01,garden_tools,SC,9,10,3866.37
2017-03-01,garden_tools,SE,1,2,85.40
2017-03-01,garden_tools,SP,39,47,6081.01
2017-03-01,garden_tools,TO,1,2,242.10
2017-03-01,health_beauty,BA,12,14,1928.12
2017-03-01,health_beauty,CE,2,2,1036.74
2017-03-01,health_beauty,DF,2,2,197.80
2017-03-01,health_beauty,ES,2,2,172.73
2017-03-01,health_beauty,GO,4,4,573.03
2017-03-01,health_beauty,MG,30,36,3369.85
2017-03-01,health_beauty,MS,1,1,81.14
2017-03-01,health_beauty,MT,1,1,120.04
2017-03-01,health_beauty,PA,3,3,227.47
2017-03-01,health_beauty,PB,2,2,769.40
2017-03-01,health_beauty,PE,4,4,1228.48
2017-03-01,health_beauty,PI,1,1,95.57
2017-03-01,health_beauty,PR,9,9,1143.96
2017-03-01,health_beauty,RJ,26,29,4423.44
2017-03-01,health_beauty,RN,2,2,423.44
2017-03-01,health_beauty,RS,11,11,2225.54
2017-03-01,health_beauty,SC,7,8,936.98
2017-03-01,health_beauty,SP,71,77,10510.26
2017-03-01,home_appliances,BA,1,2,89.60
2017-03-01,home_appliances,MG,2,2,101.43
2017-03-01,home_appliances,PR,1,1,41.52
2017-03-01,home_appliances,RS,1,1,50.70
2017-03-01,home_appliances,SP,4,4,183.00
2017-03-01,home_appliances_2,MG,1,1,535.90
2017-03-01,home_appliances_2,SP,1,1,32.53
2017-03-01,home_comfort_2,RS,1,1,129.35
2017-03-01,home_comfort_2,SP,2,2,261.54
2017-03-01,home_confort,BA,1,1,25.25
2017-03-01,home_confort,CE,1,1,115.02
2017-03-01,home_confort,DF,1,1,102.18
2017-03-01,home_confort,MG,5,5,946.72
2017-03-01,home_confort,RJ,1,2,541.23
2017-03-01,home_confort,RN,1,1,115.02
2017-03-01,home_confort,RS,1,1,430.67
2017-03-01,home_confort,SC,1,1,104.70
2017-03-01,home_construction,DF,1,1,157.40
2017-03-01,home_construction,MG,1,1,162.10
2017-03-01,home_construction,RJ,1,6,154.26
2017-03-01,home_construction,SE,1,1,94.97
2017-03-01,home_construction,SP,1,1,149.96
2017-03-01,housewares,BA,6,11,985.93
2017-03-01,housewares,CE,1,1,36.79
2017-03-01,housewares,DF,5,8,398.17
2017-03-01,housewares,ES,3,3,272.09
2017-03-01,housewares,GO,2,2,218.39
2017-03-01,housewares,MA,1,1,208.05
2017-03-01,housewares,MG,20,23,1813.96
2017-03-01,housewares,MS,1,1,42.95
2017-03-01,housewares,MT,2,5,493.90
2017-03-01,housewares,PB,1,1,49.25
2017-03-01,housewares,PE,1,1,35.79
2017-03-01,housewares,PR,5,5,359.00
2017-03-01,housewares,RJ,27,29,3114.17
2017-03-01,housewares,RN,1,1,72.60
2017-03-01,housewares,RS,10,13,1736.27
2017-03-01,housewares,SC,4,5,370.41
2017-03-01,housewares,SE,1,2,221.96
2017-03-01,housewares,SP,77,82,5952.20
2017-03-01,housewares,TO,2,2,65.54
2017-03-01,industry_commerce_and_business,RJ,1,1,142.12
2017-03-01,industry_commerce_and_business,SP,1,1,139.91
2017-03-01,kitchen_dining_laundry_garden_furniture,ES,1,1,66.94
2017-03-01,kitchen_dining_laundry_garden_furniture,RJ,2,2,102.11
2017-03-01,luggage_accessories,BA,1,1,360.81
2017-03-01,luggage_accessories,GO,1,1,145.71
2017-03-01,luggage_accessories,MG,10,10,2099.29
2017-03-01,luggage_accessories,MT,1,1,191.82
2017-03-01,luggage_accessories,PE,1,1,385.61
2017-03-01,luggage_accessories,RJ,5,7,736.42
2017-03-01,luggage_accessories,RS,5,5,1040.78
2017-03-01,luggage_accessories,SC,2,2,764.74
2017-03-01,luggage_accessories,SP,9,10,1653.21
2017-03-01,market_place,ES,2,2,200.35
2017-03-01,market_place,MG,2,2,261.01
2017-03-01,market_place,MT,1,1,112.49
2017-03-01,market_place,RJ,1,1,77.51
2017-03-01,market_place,RS,2,2,336.56
2017-03-01,market_place,SC,2,2,269.95
2017-03-01,market_place,SP,7,7,818.09
2017-03-01,music,RJ,1,1,42.51
2017-03-01,musical_instruments,BA,2,2,402.43
2017-03-01,musical_instruments,DF,1,1,20.95
2017-03-01,musical_instruments,MA,1,2,106.08
2017-03-01,musical_instruments,MG,1,1,32.51
2017-03-01,musical_instruments,RJ,1,1,513.51
2017-03-01,musical_instruments,SE,1,1,457.65
2017-03-01,musical_instruments,SP,2,2,354.38
2017-03-01,office_furniture,BA,1,2,258.44
2017-03-01,office_furniture,CE,2,2,439.92
2017-03-01,office_furniture,ES,2,2,317.06
2017-03-01,office_furniture,GO,1,1,166.70
2017-03-01,office_furniture,MG,10,14,1922.91
2017-03-01,office_furniture,MT,1,1,148.33
2017-03-01,office_furniture,PA,2,2,473.77
2017-03-01,office_furniture,PB,1,1,155.00
2017-03-01,office_furniture,PI,1,1,345.15
2017-03-01,office_furniture,PR,2,2,348.11
2017-03-01,office_furniture,RJ,9,10,1917.69
2017-03-01,office_furniture,RS,3,4,667.10
2017-03-01,office_furniture,SC,2,2,270.93
2017-03-01,office_furniture,SE,2,2,471.44
2017-03-01,office_furniture,SP,19,28,5250.13
2017-03-01,perfumery,AC,1,1,81.88
2017-03-01,perfumery,AL,1,1,220.74
2017-03-01,perfumery,AM,1,1,80.95
2017-03-01,perfumery,BA,5,5,1190.40
2017-03-01,perfumery,CE,2,2,673.19
2017-03-01,perfumery,DF,1,1,136.83
2017-03-01,perfumery,ES,1,1,151.13
2017-03-01,perfumery,GO,2,3,367.36
2017-03-01,perfumery,MA,3,4,327.52
2017-03-01,perfumery,MG,11,11,2008.71
2017-03-01,perfumery,PA,1,1,94.88
2017-03-01,perfumery,PB,3,3,600.43
2017-03-01,perfumery,PE,1,1,169.92
2017-03-01,perfumery,PR,5,5,697.32
2017-03-01,perfumery,RJ,20,20,3431.48
2017-03-01,perfumery,RN,1,1,224.78
2017-03-01,perfumery,RO,1,1,340.59
2017-03-01,perfumery,RS,2,2,393.54
2017-03-01,perfumery,SC,5,5,1236.74
2017-03-01,perfumery,SP,36,36,8955.01
2017-03-01,pet_shop,ES,1,1,105.79
2017-03-01,pet_shop,GO,1,1,145.48
2017-03-01,pet_shop,MG,5,5,553.51
2017-03-01,pet_shop,PA,1,1,159.74
2017-03-01,pet_shop,PR,2,2,897.48
2017-03-01,pet_shop,RJ,6,6,3086.04
2017-03-01,pet_shop,RO,1,1,121.15
2017-03-01,pet_shop,RS,5,5,648.96
2017-03-01,pet_shop,SC,4,6,1467.96
2017-03-01,pet_shop,SP,14,16,1822.19
2017-03-01,signaling_and_security,RS,1,1,91.23
2017-03-01,small_appliances,BA,1,1,131.12
2017-03-01,small_appliances,CE,2,2,439.03
2017-03-01,small_appliances,DF,2,2,2424.23
2017-03-01,small_appliances,PA,1,1,754.56
2017-03-01,small_appliances,PR,2,2,250.33
2017-03-01,small_appliances,RJ,4,4,1461.19
2017-03-01,small_appliances,RS,4,4,1281.92
2017-03-01,small_appliances,SC,2,2,1827.06
2017-03-01,small_appliances,SP,13,13,3459.11
2017-03-01,sports_leisure,BA,7,7,1795.26
2017-03-01,sports_leisure,CE,4,4,352.00
2017-03-01,sports_leisure,DF,5,5,712.12
2017-03-01,sports_leisure,ES,5,5,656.39
2017-03-01,sports_leisure,MA,1,1,139.69
2017-03-01,sports_leisure,MG,23,25,2793.28
2017-03-01,sports_leisure,MS,2,5,619.21
2017-03-01,sports_leisure,MT,1,1,439.77
2017-03-01,sports_leisure,PA,1,1,336.90
2017-03-01,sports_leisure,PE,3,3,458.90
2017-03-01,sports_leisure,PI,1,2,279.38
2017-03-01,sports_leisure,PR,11,11,1261.37
2017-03-01,sports_leisure,RJ,19,25,3421.99
2017-03-01,sports_leisure,RO,1,2,373.55
2017-03-01,sports_leisure,RR,1,1,266.85
2017-03-01,sports_leisure,RS,7,7,594.46
2017-03-01,sports_leisure,SC,3,5,458.50
2017-03-01,sports_leisure,SE,5,6,550.42
2017-03-01,sports_leisure,SP,64,74,13833.23
2017-03-01,stationery,AC,1,1,448.30
2017-03-01,stationery,AL,1,1,170.49
2017-03-01,stationery,DF,2,2,240.13
2017-03-01,stationery,MA,1,1,126.34
2017-03-01,stationery,MG,9,9,846.02
2017-03-01,stationery,PA,2,2,179.20
2017-03-01,stationery,PB,1,1,99.32
2017-03-01,stationery,PE,1,1,128.62
2017-03-01,stationery,PR,4,4,386.75
2017-03-01,stationery,RJ,8,8,981.50
2017-03-01,stationery,RO,2,2,404.16
2017-03-01,stationery,RS,4,4,497.89
2017-03-01,stationery,SC,5,5,398.03
2017-03-01,stationery,SP,14,14,1917.47
2017-03-01,stationery,TO,1,1,170.67
2017-03-01,tablets_printing_image,PA,1,1,124.18
2017-03-01,tablets_printing_image,PE,1,1,124.18
2017-03-01,tablets_printing_image,RJ,1,1,113.86
2017-03-01,tablets_printing_image,RS,1,1,115.39
2017-03-01,tablets_printing_image,SP,1,1,110.30
2017-03-01,telephony,AL,1,1,126.18
2017-03-01,telephony,BA,9,10,986.09
2017-03-01,telephony,CE,1,1,49.84
2017-03-01,telephony,DF,3,3,111.85
2017-03-01,telephony,ES,4,4,180.58
2017-03-01,telephony,GO,5,6,399.22
2017-03-01,telephony,MA,5,6,423.86
2017-03-01,telephony,MG,19,19,1080.87
2017-03-01,telephony,MS,1,1,34.64
2017-03-01,telephony,MT,1,1,56.39
2017-03-01,telephony,PA,3,3,488.25
2017-03-01,telephony,PE,2,2,125.97
2017-03-01,telephony,PR,9,10,410.36
2017-03-01,telephony,RJ,18,20,1277.54
2017-03-01,telephony,RN,1,1,169.39
2017-03-01,telephony,RO,1,1,43.83
2017-03-01,telephony,RR,1,1,63.96
2017-03-01,telephony,RS,6,7,252.29
2017-03-01,telephony,SC,9,10,411.19
2017-03-01,telephony,SE,1,1,46.39
2017-03-01,telephony,SP,51,55,3530.35
2017-03-01,telephony,TO,2,2,97.11
2017-03-01,toys,AL,2,2,130.13
2017-03-01,toys,AM,1,2,222.86
2017-03-01,toys,BA,2,2,314.48
2017-03-01,toys,CE,1,1,280.68
2017-03-01,toys,DF,2,2,135.15
2017-03-01,toys,ES,4,5,525.16
2017-03-01,toys,MA,1,2,142.57
2017-03-01,toys,MG,9,9,1040.89
2017-03-01,toys,MS,2,2,179.42
2017-03-01,toys,PA,2,2,405.76
2017-03-01,toys,PE,4,4,769.42
2017-03-01,toys,PR,4,4,309.66
2017-03-01,toys,RJ,14,14,2423.29
2017-03-01,toys,RN,1,1,67.83
2017-03-01,toys,RO,3,3,274.33
2017-03-01,toys,RS,6,6,781.86
2017-03-01,toys,SC,2,2,120.87
2017-03-01,toys,SP,39,39,6123.93
2017-03-01,unknown,BA,1,2,114.88
2017-03-01,unknown,CE,2,2,221.83
2017-03-01,unknown,DF,1,1,34.09
2017-03-01,unknown,GO,1,1,142.77
2017-03-01,unknown,MA,1,1,123.83
2017-03-01,unknown,MG,9,10,800.32
2017-03-01,unknown,PB,1,1,189.62
2017-03-01,unknown,PI,1,1,53.84
2017-03-01,unknown,PR,2,2,152.27
2017-03-01,unknown,RJ,2,2,361.79
2017-03-01,unknown,RO,1,2,103.68
2017-03-01,unknown,RS,2,2,398.99
2017-03-01,unknown,SC,1,1,93.18
2017-03-01,unknown,SP,29,32,4668.23
2017-03-01,watches_gifts,AM,1,1,185.51
2017-03-01,watches_gifts,BA,3,3,866.86
2017-03-01,watches_gifts,CE,2,2,1462.96
2017-03-01,watches_gifts,DF,3,3,229.77
2017-03-01,watches_gifts,ES,2,2,420.04
2017-03-01,watches_gifts,GO,1,1,514.16
2017-03-01,watches_gifts,MG,7,7,1569.55
2017-03-01,watches_gifts,PA,1,1,79.39
2017-03-01,watches_gifts,PI,1,1,259.15
2017-03-01,watches_gifts,PR,2,2,617.48
2017-03-01,watches_gifts,RJ,16,16,5670.48
2017-03-01,watches_gifts,RN,1,1,259.15
2017-03-01,watches_gifts,RS,4,4,1489.67
2017-03-01,watches_gifts,SC,2,2,730.99
2017-03-01,watches_gifts,SE,2,2,215.02
2017-03-01,watches_gifts,SP,26,31,11582.16
2017-04-01,air_conditioning,AM,1,1,114.11
2017-04-01,air_conditioning,MG,3,3,739.34
2017-04-01,air_conditioning,PR,1,1,71.71
2017-04-01,air_conditioning,RJ,2,3,1138.84
2017-04-01,air_conditioning,SP,6,7,684.32
2017-04-01,art,BA,1,1,147.17
2017-04-01,audio,AM,1,1,114.53
2017-04-01,audio,MG,1,1,89.70
2017-04-01,audio,PB,1,1,103.55
2017-04-01,audio,PR,1,1,144.98
2017-04-01,audio,SC,1,1,93.31
2017-04-01,audio,SP,4,6,557.88
2017-04-01,auto,BA,5,5,1016.71
2017-04-01,auto,DF,1,1,141.94
2017-04-01,auto,ES,2,2,345.95
2017-04-01,auto,GO,1,1,39.04
2017-04-01,auto,MA,2,2,700.19
2017-04-01,auto,MG,6,9,4133.27
2017-04-01,auto,MT,1,1,47.80
2017-04-01,auto,PA,1,1,52.34
2017-04-01,auto,PE,2,2,176.57
2017-04-01,auto,PI,1,1,227.28
2017-04-01,auto,PR,3,4,535.76
2017-04-01,auto,RJ,13,13,3009.14
2017-04-01,auto,RS,5,6,1239.42
2017-04-01,auto,SC,2,3,431.47
2017-04-01,auto,SP,32,33,5218.03
2017-04-01,baby,BA,1,1,82.34
2017-04-01,baby,CE,1,1,139.60
2017-04-01,baby,DF,1,1,77.25
2017-04-01,baby,GO,3,3,251.57
2017-04-01,baby,MG,4,4,480.92
2017-04-01,baby,MS,1,1,45.95
2017-04-01,baby,PA,2,2,346.18
2017-04-01,baby,PR,2,2,217.88
2017-04-01,baby,RJ,6,6,673.27
2017-04-01,baby,RS,4,4,340.07
2017-04-01,baby,SC,2,3,330.64
2017-04-01,baby,SE,1,1,116.79
2017-04-01,baby,SP,19,21,1688.21
2017-04-01,bed_bath_table,AM,1,1,135.16
2017-04-01,bed_bath_table,BA,6,8,773.78
2017-04-01,bed_bath_table,CE,1,1,135.16
2017-04-01,bed_bath_table,DF,2,2,229.71
2017-04-01,bed_bath_table,ES,4,6,536.88
2017-04-01,bed_bath_table,GO,4,5,659.99
2017-04-01,bed_bath_table,MA,3,4,310.74
2017-04-01,bed_bath_table,MG,28,36,3679.81
2017-04-01,bed_bath_table,MS,3,4,268.46
2017-04-01,bed_bath_table,MT,3,4,294.97
2017-04-01,bed_bath_table,PA,1,1,139.60
2017-04-01,bed_bath_table,PB,3,3,424.39
2017-04-01,bed_bath_table,PE,1,1,84.81
2017-04-01,bed_bath_table,PI,2,2,230.04
2017-04-01,bed_bath_table,PR,5,5,564.06
2017-04-01,bed_bath_table,RJ,35,39,3714.78
2017-04-01,bed_bath_table,RN,1,2,279.20
2017-04-01,bed_bath_table,RO,2,2,211.67
2017-04-01,bed_bath_table,RS,20,21,1742.84
2017-04-01,bed_bath_table,SC,5,8,601.47
2017-04-01,bed_bath_table,SE,1,1,157.28
2017-04-01,bed_bath_table,SP,100,115,13525.58
2017-04-01,books_general_interest,ES,1,1,72.98
2017-04-01,books_general_interest,GO,1,1,140.97
2017-04-01,books_general_interest,MA,1,1,181.64
2017-04-01,books_general_interest,MG,2,2,174.85
2017-04-01,books_general_interest,PE,1,1,49.83
2017-04-01,books_general_interest,PR,1,1,65.67
2017-04-01,books_general_interest,RS,1,1,137.48
2017-04-01,books_general_interest,SP,4,4,319.37
2017-04-01,books_imported,MG,1,1,33.43
2017-04-01,books_technical,SP,1,1,86.92
2017-04-01,christmas_supplies,RO,1,1,93.97
2017-04-01,cine_photo,SC,1,1,78.71
2017-04-01,cine_photo,SP,1,1,87.60
2017-04-01,computers_accessories,AL,2,2,918.79
2017-04-01,computers_accessories,BA,6,6,3747.11
2017-04-01,computers_accessories,CE,3,3,368.56
2017-04-01,computers_accessories,ES,2,2,366.64
2017-04-01,computers_accessories,GO,1,4,375.12
2017-04-01,computers_accessories,MA,1,1,51.88
2017-04-01,computers_accessories,MG,10,11,1905.31
2017-04-01,computers_accessories,MT,3,3,159.33
2017-04-01,computers_accessories,PA,4,4,792.12
2017-04-01,computers_accessories,PB,1,2,111.40
2017-04-01,computers_accessories,PI,1,1,149.45
2017-04-01,computers_accessories,PR,4,5,697.38
2017-04-01,computers_accessories,RJ,8,8,1664.61
2017-04-01,computers_accessories,RN,1,2,113.00
2017-04-01,computers_accessories,RR,1,1,58.97
2017-04-01,computers_accessories,RS,8,8,850.19
2017-04-01,computers_accessories,SC,8,11,734.30
2017-04-01,computers_accessories,SE,2,2,192.00
2017-04-01,computers_accessories,SP,48,53,7223.82
2017-04-01,computers_accessories,TO,2,3,284.89
2017-04-01,consoles_games,GO,1,1,76.11
2017-04-01,consoles_games,MA,1,1,133.19
2017-04-01,consoles_games,MG,1,1,65.70
2017-04-01,consoles_games,PE,1,1,59.80
2017-04-01,consoles_games,RJ,3,3,1131.16
2017-04-01,consoles_games,RS,1,1,303.11
2017-04-01,consoles_games,SP,7,9,2303.73
2017-04-01,cool_stuff,AL,1,1,231.99
2017-04-01,cool_stuff,BA,3,3,275.62
2017-04-01,cool_stuff,CE,2,2,849.04
2017-04-01,cool_stuff,DF,2,2,365.88
2017-04-01,cool_stuff,GO,5,5,1496.50
2017-04-01,cool_stuff,MA,1,1,155.39
2017-04-01,cool_stuff,MG,17,17,4267.21
2017-04-01,cool_stuff,MT,3,3,451.37
2017-04-01,cool_stuff,PA,3,3,481.96
2017-04-01,cool_stuff,PE,2,2,228.01
2017-04-01,cool_stuff,PR,6,6,1061.03
2017-04-01,cool_stuff,RJ,13,13,2266.29
2017-04-01,cool_stuff,RN,1,1,253.13
2017-04-01,cool_stuff,RS,6,7,1338.21
2017-04-01,cool_stuff,SC,7,7,1833.01
2017-04-01,cool_stuff,SE,1,1,231.99
2017-04-01,cool_stuff,SP,38,39,7515.17
2017-04-01,cool_stuff,TO,1,1,56.78
2017-04-01,costruction_tools_garden,AM,1,1,84.81
2017-04-01,costruction_tools_garden,BA,1,1,616.32
2017-04-01,costruction_tools_garden,RJ,1,1,628.65
2017-04-01,costruction_tools_garden,RN,1,1,74.49
2017-04-01,costruction_tools_garden,SP,3,4,276.30
2017-04-01,costruction_tools_tools,SP,1,1,748.27
2017-04-01,dvds_blu_ray,RS,1,1,30.76
2017-04-01,dvds_blu_ray,SP,1,1,1435.58
2017-04-01,electronics,AL,1,1,32.39
2017-04-01,electronics,CE,1,1,310.97
2017-04-01,electronics,DF,1,1,27.64
2017-04-01,electronics,MG,5,5,454.93
2017-04-01,electronics,PA,1,1,162.13
2017-04-01,electronics,PE,1,1,54.34
2017-04-01,electronics,PR,3,4,1633.73
2017-04-01,electronics,RJ,9,9,592.13
2017-04-01,electronics,RS,4,4,239.71
2017-04-01,electronics,SC,1,1,95.80
2017-04-01,electronics,SP,20,20,2007.72
2017-04-01,fashio_female_clothing,BA,1,1,87.74
2017-04-01,fashion_bags_accessories,BA,2,3,399.42
2017-04-01,fashion_bags_accessories,CE,1,1,55.70
2017-04-01,fashion_bags_accessories,GO,1,1,96.98
2017-04-01,fashion_bags_accessories,MG,8,8,582.85
2017-04-01,fashion_bags_accessories,PA,3,3,172.32
2017-04-01,fashion_bags_accessories,PE,2,2,286.57
2017-04-01,fashion_bags_accessories,PR,2,2,207.55
2017-04-01,fashion_bags_accessories,RJ,6,7,611.13
2017-04-01,fashion_bags_accessories,RS,1,1,65.05
2017-04-01,fashion_bags_accessories,SC,1,1,153.38
2017-04-01,fashion_bags_accessories,SP,17,19,1200.83
2017-04-01,fashion_male_clothing,RJ,1,1,205.35
2017-04-01,fashion_male_clothing,SC,1,1,44.51
2017-04-01,fashion_male_clothing,SP,3,3,187.53
2017-04-01,fashion_shoes,AC,1,1,104.35
2017-04-01,fashion_shoes,AL,1,1,99.62
2017-04-01,fashion_shoes,CE,1,2,208.70
2017-04-01,fashion_shoes,MG,4,4,403.44
2017-04-01,fashion_shoes,PA,1,1,187.94
2017-04-01,fashion_shoes,PE,1,1,104.35
2017-04-01,fashion_shoes,PR,3,4,210.74
2017-04-01,fashion_shoes,RJ,1,1,45.95
2017-04-01,fashion_shoes,RS,2,2,94.43
2017-04-01,fashion_shoes,SP,5,6,486.85
2017-04-01,fashion_sport,BA,1,1,83.95
2017-04-01,fashion_sport,RS,1,1,41.04
2017-04-01,fashion_sport,SP,2,2,119.48
2017-04-01,fashion_underwear_beach,MG,1,1,76.60
2017-04-01,fashion_underwear_beach,PR,1,1,39.51
2017-04-01,fashion_underwear_beach,SP,1,1,16.86
2017-04-01,fixed_telephony,MG,1,1,47.51
2017-04-01,fixed_telephony,PE,1,1,64.83
2017-04-01,fixed_telephony,PR,2,2,105.06
2017-04-01,fixed_telephony,SC,1,1,22.42
2017-04-01,fixed_telephony,SP,1,1,362.05
2017-04-01,food,CE,1,1,26.28
2017-04-01,food,ES,2,2,129.73
2017-04-01,food,PB,1,1,128.62
2017-04-01,food,SP,4,4,326.52
2017-04-01,food_drink,SP,2,3,80.78
2017-04-01,furniture_bedroom,RJ,1,1,283.61
2017-04-01,furniture_bedroom,SE,1,1,295.45
2017-04-01,furniture_bedroom,SP,1,1,252.30
2017-04-01,furniture_decor,AM,1,1,42.34
2017-04-01,furniture_decor,BA,7,9,1326.81
2017-04-01,furniture_decor,CE,1,2,538.04
2017-04-01,furniture_decor,DF,1,1,66.43
2017-04-01,furniture_decor,ES,2,2,183.35
2017-04-01,furniture_decor,MA,2,2,147.13
2017-04-01,furniture_decor,MG,19,23,3146.31
2017-04-01,furniture_decor,MS,3,3,488.12
2017-04-01,furniture_decor,MT,1,1,65.27
2017-04-01,furniture_decor,PA,4,5,469.94
2017-04-01,furniture_decor,PB,2,2,584.57
2017-04-01,furniture_decor,PE,2,2,122.36
2017-04-01,furniture_decor,PR,10,11,1865.68
2017-04-01,furniture_decor,RJ,23,30,2525.48
2017-04-01,furniture_decor,RN,1,1,151.61
2017-04-01,furniture_decor,RS,14,15,2133.05
2017-04-01,furniture_decor,SC,11,14,1161.99
2017-04-01,furniture_decor,SE,1,2,1148.88
2017-04-01,furniture_decor,SP,56,64,6629.45
2017-04-01,furniture_decor,TO,1,1,468.80
2017-04-01,furniture_living_room,MG,1,1,46.40
2017-04-01,furniture_living_room,PA,1,1,218.21
2017-04-01,furniture_living_room,PE,1,1,124.24
2017-04-01,furniture_living_room,RJ,4,4,1269.86
2017-04-01,furniture_living_room,SP,4,5,867.40
2017-04-01,furniture_mattress_and_upholstery,RJ,1,1,130.80
2017-04-01,garden_tools,AL,2,2,830.09
2017-04-01,garden_tools,BA,3,3,867.01
2017-04-01,garden_tools,CE,2,2,347.48
2017-04-01,garden_tools,DF,2,3,555.94
2017-04-01,garden_tools,ES,1,1,37.78
2017-04-01,garden_tools,GO,2,3,347.82
2017-04-01,garden_tools,MG,8,13,943.58
2017-04-01,garden_tools,MS,1,1,50.95
2017-04-01,garden_tools,MT,2,3,775.83
2017-04-01,garden_tools,PE,1,1,246.79
2017-04-01,garden_tools,PI,1,1,1039.90
2017-04-01,garden_tools,PR,5,5,1148.38
2017-04-01,garden_tools,RJ,17,19,5384.99
2017-04-01,garden_tools,RN,1,1,144.79
2017-04-01,garden_tools,RS,6,6,576.16
2017-04-01,garden_tools,SC,5,6,1073.08
2017-04-01,garden_tools,SE,2,2,203.82
2017-04-01,garden_tools,SP,32,36,5454.00
2017-04-01,health_beauty,AC,1,1,280.09
2017-04-01,health_beauty,AL,4,4,636.86
2017-04-01,health_beauty,AM,2,2,158.25
2017-04-01,health_beauty,BA,11,11,1641.72
2017-04-01,health_beauty,CE,6,6,839.97
2017-04-01,health_beauty,DF,4,4,272.50
2017-04-01,health_beauty,ES,2,2,283.65
2017-04-01,health_beauty,MA,2,2,603.03
2017-04-01,health_beauty,MG,22,26,3300.57
2017-04-01,health_beauty,MS,1,1,438.64
2017-04-01,health_beauty,MT,2,2,160.84
2017-04-01,health_beauty,PA,2,2,443.68
2017-04-01,health_beauty,PB,2,2,549.16
2017-04-01,health_beauty,PE,2,2,200.69
2017-04-01,health_beauty,PR,6,6,324.34
2017-04-01,health_beauty,RJ,16,17,2677.48
2017-04-01,health_beauty,RS,7,8,500.47
2017-04-01,health_beauty,SC,11,13,1042.56
2017-04-01,health_beauty,SE,1,1,838.38
2017-04-01,health_beauty,SP,62,66,9507.00
2017-04-01,health_beauty,TO,2,2,754.32
2017-04-01,home_appliances,GO,1,1,50.68
2017-04-01,home_appliances,PR,1,1,179.32
2017-04-01,home_appliances,RJ,1,1,41.11
2017-04-01,home_appliances,SC,3,4,241.02
2017-04-01,home_appliances,SP,3,3,123.44
2017-04-01,home_appliances_2,MT,1,1,477.13
2017-04-01,home_appliances_2,RJ,1,1,469.84
2017-04-01,home_comfort_2,SP,1,1,23.86
2017-04-01,home_confort,ES,3,3,499.94
2017-04-01,home_confort,MG,3,3,362.66
2017-04-01,home_confort,PR,1,1,104.70
2017-04-01,home_confort,RJ,1,2,126.18
2017-04-01,home_confort,RS,1,1,430.67
2017-04-01,home_confort,SP,7,7,1188.80
2017-04-01,home_construction,GO,1,1,645.07
2017-04-01,home_construction,RJ,1,1,155.73
2017-04-01,home_construction,RS,1,1,113.88
2017-04-01,home_construction,SC,1,1,641.18
2017-04-01,home_construction,SP,1,1,141.08
2017-04-01,housewares,AL,1,1,208.05
2017-04-01,housewares,BA,1,1,49.70
2017-04-01,housewares,CE,2,2,251.76
2017-04-01,housewares,DF,5,6,657.17
2017-04-01,housewares,ES,5,6,509.79
2017-04-01,housewares,GO,2,2,184.41
2017-04-01,housewares,MA,1,1,53.80
2017-04-01,housewares,MG,10,11,898.57
2017-04-01,housewares,MS,1,1,204.98
2017-04-01,housewares,PA,2,6,580.98
2017-04-01,housewares,PB,2,2,710.00
2017-04-01,housewares,PE,4,4,499.51
2017-04-01,housewares,PR,8,12,948.59
2017-04-01,housewares,RJ,19,27,2077.63
2017-04-01,housewares,RS,8,9,945.29
2017-04-01,housewares,SC,7,7,959.24
2017-04-01,housewares,SP,55,70,5723.50
2017-04-01,housewares,TO,1,1,86.79
2017-04-01,kitchen_dining_laundry_garden_furniture,AL,1,2,196.88
2017-04-01,kitchen_dining_laundry_garden_furniture,MG,1,1,619.07
2017-04-01,kitchen_dining_laundry_garden_furniture,RJ,2,2,205.46
2017-04-01,kitchen_dining_laundry_garden_furniture,RS,1,1,86.82
2017-04-01,kitchen_dining_laundry_garden_furniture,SP,3,3,173.87
2017-04-01,la_cuisine,SP,1,1,34.81
2017-04-01,luggage_accessories,BA,1,1,196.57
2017-04-01,luggage_accessories,CE,1,1,125.55
2017-04-01,luggage_accessories,ES,1,1,166.65
2017-04-01,luggage_accessories,MG,3,3,444.41
2017-04-01,luggage_accessories,PB,1,1,75.73
2017-04-01,luggage_accessories,PR,2,3,394.68
2017-04-01,luggage_accessories,RJ,8,8,1517.29
2017-04-01,luggage_accessories,RS,5,5,863.17
2017-04-01,luggage_accessories,SC,1,1,147.07
2017-04-01,luggage_accessories,SP,22,23,4289.80
2017-04-01,luggage_accessories,TO,1,1,347.89
2017-04-01,market_place,BA,1,1,2111.57
2017-04-01,market_place,ES,1,1,45.04
2017-04-01,market_place,MG,4,4,301.54
2017-04-01,market_place,PA,1,1,87.73
2017-04-01,market_place,RJ,4,4,535.94
2017-04-01,market_place,RS,3,3,710.94
2017-04-01,market_place,SC,1,1,206.44
2017-04-01,market_place,SP,4,4,479.82
2017-04-01,music,PR,1,1,39.42
2017-04-01,music,RJ,1,1,49.42
2017-04-01,musical_instruments,CE,1,1,306.98
2017-04-01,musical_instruments,ES,1,1,191.41
2017-04-01,musical_instruments,PB,1,1,29.74
2017-04-01,musical_instruments,PE,1,1,447.33
2017-04-01,musical_instruments,RJ,4,4,1000.74
2017-04-01,musical_instruments,SP,8,8,2138.07
2017-04-01,office_furniture,BA,3,3,560.26
2017-04-01,office_furniture,CE,1,1,155.00
2017-04-01,office_furniture,DF,1,1,181.55
2017-04-01,office_furniture,ES,1,2,320.31
2017-04-01,office_furniture,MG,4,5,1098.13
2017-04-01,office_furniture,PA,1,1,245.45
2017-04-01,office_furniture,PB,1,1,185.60
2017-04-01,office_furniture,PR,4,4,1206.75
2017-04-01,office_furniture,RJ,10,11,1858.07
2017-04-01,office_furniture,RS,4,4,691.72
2017-04-01,office_furniture,SC,2,3,446.81
2017-04-01,office_furniture,SP,16,22,4214.38
2017-04-01,pc_gamer,MG,1,1,145.07
2017-04-01,pc_gamer,RJ,1,1,144.66
2017-04-01,perfumery,AL,2,2,393.24
2017-04-01,perfumery,BA,4,5,1135.56
2017-04-01,perfumery,CE,3,3,743.83
2017-04-01,perfumery,ES,3,3,675.23
2017-04-01,perfumery,GO,2,3,269.69
2017-04-01,perfumery,MA,2,2,414.26
2017-04-01,perfumery,MG,15,15,3886.79
2017-04-01,perfumery,MT,1,1,201.61
2017-04-01,perfumery,PA,2,2,244.29
2017-04-01,perfumery,PR,2,2,435.61
2017-04-01,perfumery,RJ,14,15,3257.60
2017-04-01,perfumery,RN,1,1,319.44
2017-04-01,perfumery,RO,1,1,382.88
2017-04-01,perfumery,RS,3,3,412.89
2017-04-01,perfumery,SC,4,4,601.37
2017-04-01,perfumery,SP,38,39,7750.67
2017-04-01,pet_shop,BA,1,1,148.71
2017-04-01,pet_shop,CE,1,1,210.18
2017-04-01,pet_shop,GO,1,1,76.02
2017-04-01,pet_shop,MA,2,3,210.87
2017-04-01,pet_shop,MG,5,5,824.13
2017-04-01,pet_shop,MS,2,2,267.03
2017-04-01,pet_shop,MT,1,1,836.02
2017-04-01,pet_shop,PB,1,1,85.82
2017-04-01,pet_shop,PR,5,5,376.18
2017-04-01,pet_shop,RJ,4,6,1186.46
2017-04-01,pet_shop,RO,2,2,309.11
2017-04-01,pet_shop,RS,2,2,228.80
2017-04-01,pet_shop,SC,2,2,207.89
2017-04-01,pet_shop,SP,16,18,2050.79
2017-04-01,pet_shop,TO,1,1,108.83
2017-04-01,signaling_and_security,RJ,1,1,40.12
2017-04-01,signaling_and_security,RN,1,1,100.02
2017-04-01,signaling_and_security,RS,1,1,43.51
2017-04-01,small_appliances,DF,1,1,4194.76
2017-04-01,small_appliances,MG,3,3,200.35
2017-04-01,small_appliances,PA,1,1,128.62
2017-04-01,small_appliances,RJ,5,5,8738.72
2017-04-01,small_appliances,RS,1,1,1069.04
2017-04-01,small_appliances,SC,1,1,184.93
2017-04-01,small_appliances,SP,8,8,9401.87
2017-04-01,sports_leisure,AC,3,3,967.07
2017-04-01,sports_leisure,AL,2,2,368.32
2017-04-01,sports_leisure,AM,2,2,243.98
2017-04-01,sports_leisure,BA,4,6,839.20
2017-04-01,sports_leisure,CE,3,3,362.15
2017-04-01,sports_leisure,DF,8,10,1178.08
2017-04-01,sports_leisure,ES,8,8,901.84
2017-04-01,sports_leisure,GO,3,3,632.59
2017-04-01,sports_leisure,MA,2,2,202.94
2017-04-01,sports_leisure,MG,20,23,2883.23
2017-04-01,sports_leisure,MS,2,2,213.53
2017-04-01,sports_leisure,MT,1,1,76.74
2017-04-01,sports_leisure,PB,1,2,154.72
2017-04-01,sports_leisure,PE,4,5,950.57
2017-04-01,sports_leisure,PI,1,1,145.03
2017-04-01,sports_leisure,PR,7,8,2341.43
2017-04-01,sports_leisure,RJ,23,25,3064.75
2017-04-01,sports_leisure,RS,7,7,630.78
2017-04-01,sports_leisure,SC,10,11,853.78
2017-04-01,sports_leisure,SE,1,1,70.70
2017-04-01,sports_leisure,SP,71,77,8912.87
2017-04-01,sports_leisure,TO,1,1,983.39
2017-04-01,stationery,BA,2,2,397.47
2017-04-01,stationery,CE,1,1,82.25
2017-04-01,stationery,ES,2,2,671.21
2017-04-01,stationery,MG,5,5,639.80
2017-04-01,stationery,PR,1,1,77.16
2017-04-01,stationery,RJ,8,8,1024.23
2017-04-01,stationery,RS,2,2,175.07
2017-04-01,stationery,SC,1,1,71.97
2017-04-01,stationery,SP,13,13,1980.83
2017-04-01,tablets_printing_image,BA,1,1,120.14
2017-04-01,tablets_printing_image,GO,1,1,117.12
2017-04-01,tablets_printing_image,MA,1,1,178.55
2017-04-01,tablets_printing_image,MG,1,2,227.72
2017-04-01,tablets_printing_image,MS,1,2,230.78
2017-04-01,tablets_printing_image,MT,1,1,35.70
2017-04-01,tablets_printing_image,PA,1,1,178.06
2017-04-01,tablets_printing_image,PR,1,1,113.86
2017-04-01,tablets_printing_image,SP,1,1,110.30
2017-04-01,telephony,AM,3,3,163.00
2017-04-01,telephony,BA,8,9,999.20
2017-04-01,telephony,CE,6,6,299.92
2017-04-01,telephony,DF,2,2,94.68
2017-04-01,telephony,ES,1,1,35.00
2017-04-01,telephony,GO,1,1,28.77
2017-04-01,telephony,MA,1,1,43.30
2017-04-01,telephony,MG,18,18,973.54
2017-04-01,telephony,MT,2,2,68.55
2017-04-01,telephony,PA,1,1,53.83
2017-04-01,telephony,PE,5,5,269.78
2017-04-01,telephony,PI,2,2,82.65
2017-04-01,telephony,PR,11,11,508.64
2017-04-01,telephony,RJ,16,17,1277.51
2017-04-01,telephony,RO,1,1,44.83
2017-04-01,telephony,RR,1,1,47.92
2017-04-01,telephony,RS,4,5,250.22
2017-04-01,telephony,SC,3,3,207.08
2017-04-01,telephony,SE,2,2,84.78
2017-04-01,telephony,SP,50,51,3836.39
2017-04-01,toys,AL,1,1,63.79
2017-04-01,toys,AM,1,1,120.05
2017-04-01,toys,BA,4,4,1405.40
2017-04-01,toys,CE,1,1,168.90
2017-04-01,toys,DF,1,3,413.15
2017-04-01,toys,ES,1,1,73.03
2017-04-01,toys,GO,2,2,148.55
2017-04-01,toys,MG,14,15,2514.49
2017-04-01,toys,MT,2,2,286.70
2017-04-01,toys,PB,2,2,144.15
2017-04-01,toys,PE,1,1,92.97
2017-04-01,toys,PI,1,1,190.62
2017-04-01,toys,PR,5,5,504.47
2017-04-01,toys,RJ,22,25,3059.64
2017-04-01,toys,RN,2,2,129.57
2017-04-01,toys,RS,8,9,1660.30
2017-04-01,toys,SC,3,3,303.53
2017-04-01,toys,SP,31,33,3522.41
2017-04-01,toys,TO,1,2,181.86
2017-04-01,unknown,AL,1,1,35.80
2017-04-01,unknown,BA,3,4,758.36
2017-04-01,unknown,CE,1,1,126.85
2017-04-01,unknown,DF,2,2,94.00
2017-04-01,unknown,GO,3,4,359.50
2017-04-01,unknown,MG,9,9,1114.50
2017-04-01,unknown,MT,1,1,53.70
2017-04-01,unknown,PA,2,2,786.72
2017-04-01,unknown,PR,5,6,1361.26
2017-04-01,unknown,RJ,9,9,1209.04
2017-04-01,unknown,RS,2,2,117.23
2017-04-01,unknown,SC,2,2,90.94
2017-04-01,unknown,SP,20,25,3746.03
2017-04-01,unknown,TO,1,1,52.78
2017-04-01,watches_gifts,AL,2,2,1154.11
2017-04-01,watches_gifts,BA,4,4,597.56
2017-04-01,watches_gifts,CE,1,1,271.92
2017-04-01,watches_gifts,ES,2,2,335.29
2017-04-01,watches_gifts,GO,2,2,349.97
2017-04-01,watches_gifts,MA,3,3,377.14
2017-04-01,watches_gifts,MG,10,10,3201.39
2017-04-01,watches_gifts,PA,2,2,336.11
2017-04-01,watches_gifts,PB,1,1,275.23
2017-04-01,watches_gifts,PE,3,3,556.89
2017-04-01,watches_gifts,PI,2,2,383.71
2017-04-01,watches_gifts,PR,3,3,501.41
2017-04-01,watches_gifts,RJ,12,12,4923.43
2017-04-01,watches_gifts,RS,1,1,1400.33
2017-04-01,watches_gifts,SC,2,2,464.29
2017-04-01,watches_gifts,SP,37,43,9716.14
2017-04-01,watches_gifts,TO,1,2,113.56
2017-05-01,agro_industry_and_commerce,AP,1,1,657.61
2017-05-01,agro_industry_and_commerce,PB,1,1,81.21
2017-05-01,agro_industry_and_commerce,PR,1,1,957.15
2017-05-01,agro_industry_and_commerce,SP,1,1,67.77
2017-05-01,air_conditioning,GO,3,4,492.06
2017-05-01,air_conditioning,RJ,1,1,184.99
2017-05-01,air_conditioning,SP,2,2,391.40
2017-05-01,art,MG,1,1,138.36
2017-05-01,art,PA,1,1,107.35
2017-05-01,art,RJ,1,1,84.49
2017-05-01,art,SC,2,2,245.89
2017-05-01,art,SP,1,1,6726.66
2017-05-01,arts_and_craftmanship,MG,1,1,29.66
2017-05-01,audio,BA,1,1,117.93
2017-05-01,audio,MA,1,1,124.33
2017-05-01,audio,MG,3,3,513.88
2017-05-01,audio,PR,2,2,253.51
2017-05-01,audio,RJ,1,1,95.31
2017-05-01,audio,RS,2,2,199.58
2017-05-01,audio,SC,1,1,104.28
2017-05-01,audio,SP,6,6,924.37
2017-05-01,auto,AL,2,2,1396.11
2017-05-01,auto,BA,5,6,745.57
2017-05-01,auto,CE,1,1,50.25
2017-05-01,auto,DF,1,1,66.14
2017-05-01,auto,ES,5,5,704.53
2017-05-01,auto,GO,4,8,906.77
2017-05-01,auto,MA,2,2,315.99
2017-05-01,auto,MG,9,10,1995.44
2017-05-01,auto,MT,2,2,942.49
2017-05-01,auto,PA,1,1,47.33
2017-05-01,auto,PB,1,1,113.08
2017-05-01,auto,PE,1,1,144.26
2017-05-01,auto,PI,3,6,1665.41
2017-05-01,auto,PR,5,5,591.65
2017-05-01,auto,RJ,8,10,2281.56
2017-05-01,auto,RN,2,2,382.36
2017-05-01,auto,RO,1,1,120.39
2017-05-01,auto,RS,2,2,207.02
2017-05-01,auto,SC,1,1,51.10
2017-05-01,auto,SP,42,45,7436.96
2017-05-01,auto,TO,1,1,62.89
2017-05-01,baby,AL,1,1,114.26
2017-05-01,baby,BA,1,1,191.50
2017-05-01,baby,CE,2,2,235.48
2017-05-01,baby,DF,1,1,66.60
2017-05-01,baby,ES,3,3,249.55
2017-05-01,baby,MA,1,1,132.49
2017-05-01,baby,MG,14,14,1736.13
2017-05-01,baby,MS,1,1,96.90
2017-05-01,baby,MT,4,5,444.19
2017-05-01,baby,PE,2,2,219.05
2017-05-01,baby,PI,1,1,822.51
2017-05-01,baby,PR,7,7,592.38
2017-05-01,baby,RJ,15,18,1682.12
2017-05-01,baby,RN,1,1,275.48
2017-05-01,baby,RS,6,7,398.71
2017-05-01,baby,SC,1,1,128.02
2017-05-01,baby,SP,34,35,3063.65
2017-05-01,baby,TO,1,1,260.52
2017-05-01,bed_bath_table,AL,2,2,293.35
2017-05-01,bed_bath_table,BA,7,7,741.73
2017-05-01,bed_bath_table,CE,1,1,67.53
2017-05-01,bed_bath_table,DF,6,7,548.27
2017-05-01,bed_bath_table,ES,5,5,544.10
2017-05-01,bed_bath_table,GO,5,5,723.01
2017-05-01,bed_bath_table,MA,2,2,420.60
2017-05-01,bed_bath_table,MG,54,58,7400.18
2017-05-01,bed_bath_table,MS,2,2,412.60
2017-05-01,bed_bath_table,MT,6,6,803.31
2017-05-01,bed_bath_table,PA,5,5,530.15
2017-05-01,bed_bath_table,PE,7,7,945.97
2017-05-01,bed_bath_table,PR,13,17,1688.64
2017-05-01,bed_bath_table,RJ,38,42,4562.54
2017-05-01,bed_bath_table,RN,1,2,119.20
2017-05-01,bed_bath_table,RO,1,1,161.23
2017-05-01,bed_bath_table,RS,20,22,2593.26
2017-05-01,bed_bath_table,SC,11,12,1333.79
2017-05-01,bed_bath_table,SP,137,158,15031.08
2017-05-01,books_general_interest,MG,1,1,136.59
2017-05-01,books_general_interest,PB,1,1,62.19
2017-05-01,books_general_interest,PE,1,1,163.32
2017-05-01,books_general_interest,PI,1,1,159.39
2017-05-01,books_general_interest,PR,2,2,214.36
2017-05-01,books_general_interest,RJ,3,3,437.30
2017-05-01,books_general_interest,RS,1,1,60.56
2017-05-01,books_general_interest,SC,3,4,385.34
2017-05-01,books_general_interest,SP,6,6,580.12
2017-05-01,books_technical,ES,1,1,40.55
2017-05-01,books_technical,SP,1,1,99.73
2017-05-01,books_technical,TO,1,1,176.18
2017-05-01,cine_photo,RJ,1,1,91.71
2017-05-01,computers_accessories,AC,1,1,861.26
2017-05-01,computers_accessories,AL,4,5,607.84
2017-05-01,computers_accessories,BA,11,14,3215.36
2017-05-01,computers_accessories,CE,5,5,2504.86
2017-05-01,computers_accessories,DF,5,5,1282.13
2017-05-01,computers_accessories,ES,9,9,1687.71
2017-05-01,computers_accessories,GO,6,6,1466.32
2017-05-01,computers_accessories,MA,1,1,110.83
2017-05-01,computers_accessories,MG,34,40,3866.00
2017-05-01,computers_accessories,MS,3,5,909.98
2017-05-01,computers_accessories,MT,2,2,107.06
2017-05-01,computers_accessories,PA,4,4,608.19
2017-05-01,computers_accessories,PB,1,1,62.28
2017-05-01,computers_accessories,PE,7,7,1115.57
2017-05-01,computers_accessories,PI,1,1,65.28
2017-05-01,computers_accessories,PR,16,22,4211.22
2017-05-01,computers_accessories,RJ,35,45,7401.39
2017-05-01,computers_accessories,RN,1,1,80.57
2017-05-01,computers_accessories,RS,13,14,1501.78
2017-05-01,computers_accessories,SC,7,11,4172.72
2017-05-01,computers_accessories,SP,87,110,14464.77
2017-05-01,consoles_games,ES,1,1,171.57
2017-05-01,consoles_games,GO,1,1,54.79
2017-05-01,consoles_games,MG,1,1,50.05
2017-05-01,consoles_games,PE,1,1,59.80
2017-05-01,consoles_games,PR,1,1,507.17
2017-05-01,consoles_games,RJ,4,5,278.69
2017-05-01,consoles_games,RS,1,2,162.30
2017-05-01,consoles_games,SC,1,1,25.78
2017-05-01,consoles_games,SP,15,16,1637.09
2017-05-01,construction_tools_construction,CE,1,1,149.40
2017-05-01,cool_stuff,AM,2,2,392.01
2017-05-01,cool_stuff,BA,7,8,976.39
2017-05-01,cool_stuff,CE,7,8,1457.28
2017-05-01,cool_stuff,DF,3,3,343.12
2017-05-01,cool_stuff,ES,2,2,521.88
2017-05-01,cool_stuff,GO,4,4,671.84
2017-05-01,cool_stuff,MA,1,1,156.15
2017-05-01,cool_stuff,MG,32,33,5475.29
2017-05-01,cool_stuff,MS,2,2,264.60
2017-05-01,cool_stuff,MT,5,6,1375.97
2017-05-01,cool_stuff,PA,1,1,244.71
2017-05-01,cool_stuff,PB,2,3,432.38
2017-05-01,cool_stuff,PE,4,4,881.50
2017-05-01,cool_stuff,PI,3,3,936.31
2017-05-01,cool_stuff,PR,15,16,2198.15
2017-05-01,cool_stuff,RJ,23,24,4664.68
2017-05-01,cool_stuff,RN,1,1,269.15
2017-05-01,cool_stuff,RR,1,1,100.01
2017-05-01,cool_stuff,RS,21,21,2751.38
2017-05-01,cool_stuff,SC,14,14,2130.53
2017-05-01,cool_stuff,SP,78,82,10644.06
2017-05-01,cool_stuff,TO,2,2,316.62
2017-05-01,costruction_tools_garden,CE,1,2,138.06
2017-05-01,costruction_tools_garden,MG,1,2,188.24
2017-05-01,costruction_tools_garden,PB,1,1,624.59
2017-05-01,costruction_tools_garden,RJ,1,1,35.04
2017-05-01,costruction_tools_garden,RS,1,1,647.40
2017-05-01,costruction_tools_tools,SP,2,2,834.30
2017-05-01,drinks,PI,1,1,112.95
2017-05-01,dvds_blu_ray,GO,1,1,28.01
2017-05-01,dvds_blu_ray,RJ,2,2,85.06
2017-05-01,dvds_blu_ray,SP,1,1,37.53
2017-05-01,electronics,AC,1,1,70.38
2017-05-01,electronics,AP,1,1,425.24
2017-05-01,electronics,BA,7,7,1081.23
2017-05-01,electronics,ES,2,2,119.65
2017-05-01,electronics,MG,8,9,562.19
2017-05-01,electronics,PE,1,1,47.63
2017-05-01,electronics,PR,5,5,547.13
2017-05-01,electronics,RJ,7,10,812.36
2017-05-01,electronics,RS,3,4,306.82
2017-05-01,electronics,SC,2,2,123.22
2017-05-01,electronics,SE,1,1,70.79
2017-05-01,electronics,SP,21,22,3122.08
2017-05-01,fashio_female_clothing,GO,1,1,166.71
2017-05-01,fashio_female_clothing,SP,3,3,248.89
2017-05-01,fashion_bags_accessories,AL,1,1,144.47
2017-05-01,fashion_bags_accessories,BA,4,5,301.00
2017-05-01,fashion_bags_accessories,CE,1,1,103.91
2017-05-01,fashion_bags_accessories,DF,1,1,64.00
2017-05-01,fashion_bags_accessories,ES,2,4,197.92
2017-05-01,fashion_bags_accessories,GO,3,3,227.75
2017-05-01,fashion_bags_accessories,MA,2,3,214.11
2017-05-01,fashion_bags_accessories,MG,10,12,989.58
2017-05-01,fashion_bags_accessories,PA,2,2,504.80
2017-05-01,fashion_bags_accessories,PR,6,7,395.04
2017-05-01,fashion_bags_accessories,RJ,9,9,1178.35
2017-05-01,fashion_bags_accessories,RS,3,3,1017.06
2017-05-01,fashion_bags_accessories,SC,8,8,729.76
2017-05-01,fashion_bags_accessories,SP,39,45,2678.44
2017-05-01,fashion_childrens_clothes,RJ,1,1,124.52
2017-05-01,fashion_male_clothing,RS,1,2,421.33
2017-05-01,fashion_male_clothing,SP,2,2,254.88
2017-05-01,fashion_shoes,ES,1,1,379.84
2017-05-01,fashion_shoes,GO,1,1,369.60
2017-05-01,fashion_shoes,MG,2,2,92.38
2017-05-01,fashion_shoes,PA,1,1,129.00
2017-05-01,fashion_shoes,PR,3,3,129.25
2017-05-01,fashion_shoes,RS,1,1,44.00
2017-05-01,fashion_shoes,SC,1,1,45.00
2017-05-01,fashion_shoes,SP,12,12,825.82
2017-05-01,fashion_sport,DF,1,1,39.09
2017-05-01,fashion_sport,PR,1,1,65.00
2017-05-01,fashion_sport,SC,1,1,75.39
2017-05-01,fashion_underwear_beach,GO,1,1,208.09
2017-05-01,fashion_underwear_beach,MG,1,1,20.00
2017-05-01,fashion_underwear_beach,PA,1,1,79.71
2017-05-01,fashion_underwear_beach,PR,1,1,20.42
2017-05-01,fashion_underwear_beach,SP,2,3,41.04
2017-05-01,fixed_telephony,AL,1,1,60.79
2017-05-01,fixed_telephony,ES,1,1,47.00
2017-05-01,fixed_telephony,GO,1,1,210.02
2017-05-01,fixed_telephony,RJ,1,1,45.85
2017-05-01,fixed_telephony,SP,5,5,213.36
2017-05-01,food,AM,1,1,187.91
2017-05-01,food,SP,2,2,264.34
2017-05-01,food_drink,DF,1,1,109.42
2017-05-01,food_drink,MG,1,1,42.00
2017-05-01,food_drink,PR,3,5,169.41
2017-05-01,food_drink,RJ,1,1,46.44
2017-05-01,food_drink,SP,4,4,130.42
2017-05-01,furniture_bedroom,RJ,2,3,586.10
2017-05-01,furniture_bedroom,SP,4,6,2072.85
2017-05-01,furniture_decor,AC,1,1,218.95
2017-05-01,furniture_decor,AL,2,2,776.37
2017-05-01,furniture_decor,AM,1,1,72.39
2017-05-01,furniture_decor,BA,4,4,330.78
2017-05-01,furniture_decor,CE,4,4,685.66
2017-05-01,furniture_decor,DF,4,6,410.79
2017-05-01,furniture_decor,ES,7,9,961.88
2017-05-01,furniture_decor,GO,3,3,426.48
2017-05-01,furniture_decor,MA,2,2,185.48
2017-05-01,furniture_decor,MG,21,24,1776.12
2017-05-01,furniture_decor,MS,1,1,273.88
2017-05-01,furniture_decor,MT,1,1,69.12
2017-05-01,furniture_decor,PB,1,1,60.78
2017-05-01,furniture_decor,PE,1,3,223.14
2017-05-01,furniture_decor,PI,1,1,86.58
2017-05-01,furniture_decor,PR,17,23,1758.43
2017-05-01,furniture_decor,RJ,28,37,3379.97
2017-05-01,furniture_decor,RS,12,14,1595.23
2017-05-01,furniture_decor,SC,13,17,1874.09
2017-05-01,furniture_decor,SE,1,2,148.34
2017-05-01,furniture_decor,SP,100,112,12499.98
2017-05-01,furniture_decor,TO,1,3,263.52
2017-05-01,furniture_living_room,AL,2,2,782.43
2017-05-01,furniture_living_room,ES,1,2,298.32
2017-05-01,furniture_living_room,GO,2,2,319.08
2017-05-01,furniture_living_room,PI,1,1,174.08
2017-05-01,furniture_living_room,RJ,7,8,1154.46
2017-05-01,furniture_living_room,RS,3,4,604.99
2017-05-01,furniture_living_room,SP,11,13,2382.29
2017-05-01,furniture_mattress_and_upholstery,MG,1,1,103.36
2017-05-01,furniture_mattress_and_upholstery,RJ,1,1,482.69
2017-05-01,furniture_mattress_and_upholstery,SP,1,1,145.83
2017-05-01,garden_tools,AM,1,1,159.32
2017-05-01,garden_tools,BA,6,8,1244.94
2017-05-01,garden_tools,CE,3,3,516.33
2017-05-01,garden_tools,DF,1,1,32.00
2017-05-01,garden_tools,ES,5,6,494.71
2017-05-01,garden_tools,GO,7,7,2039.71
2017-05-01,garden_tools,MG,13,15,2192.75
2017-05-01,garden_tools,PE,1,1,88.72
2017-05-01,garden_tools,PI,2,2,579.89
2017-05-01,garden_tools,PR,10,13,1521.20
2017-05-01,garden_tools,RJ,16,17,3548.89
2017-05-01,garden_tools,RN,3,4,1475.15
2017-05-01,garden_tools,RS,8,8,1764.08
2017-05-01,garden_tools,SC,5,5,742.98
2017-05-01,garden_tools,SP,39,46,6885.64
2017-05-01,garden_tools,TO,1,1,410.69
2017-05-01,health_beauty,AC,1,1,55.28
2017-05-01,health_beauty,AL,6,6,856.63
2017-05-01,health_beauty,AP,2,2,305.00
2017-05-01,health_beauty,BA,12,15,2555.95
2017-05-01,health_beauty,CE,6,6,1878.87
2017-05-01,health_beauty,DF,2,3,242.53
2017-05-01,health_beauty,ES,5,8,1474.21
2017-05-01,health_beauty,GO,5,6,792.29
2017-05-01,health_beauty,MA,2,2,420.25
2017-05-01,health_beauty,MG,26,29,4618.58
2017-05-01,health_beauty,MS,2,2,70.09
2017-05-01,health_beauty,MT,4,4,878.07
2017-05-01,health_beauty,PB,3,3,521.62
2017-05-01,health_beauty,PE,8,9,3577.87
2017-05-01,health_beauty,PI,2,2,504.15
2017-05-01,health_beauty,PR,15,15,5489.23
2017-05-01,health_beauty,RJ,29,32,10028.22
2017-05-01,health_beauty,RN,2,2,1252.68
2017-05-01,health_beauty,RO,1,1,129.22
2017-05-01,health_beauty,RR,1,2,217.96
2017-05-01,health_beauty,RS,11,12,2402.38
2017-05-01,health_beauty,SC,7,7,547.51
2017-05-01,health_beauty,SE,1,1,37.19
2017-05-01,health_beauty,SP,107,113,13177.92
2017-05-01,health_beauty,TO,1,1,221.02
2017-05-01,home_appliances,BA,2,2,207.21
2017-05-01,home_appliances,GO,1,1,48.00
2017-05-01,home_appliances,MS,3,3,153.33
2017-05-01,home_appliances,MT,1,1,152.39
2017-05-01,home_appliances,PB,1,1,263.95
2017-05-01,home_appliances,PI,1,1,57.74
2017-05-01,home_appliances,RJ,3,3,133.32
2017-05-01,home_appliances,RS,3,3,283.96
2017-05-01,home_appliances,SE,1,1,128.00
2017-05-01,home_appliances,SP,12,12,943.13
2017-05-01,home_appliances_2,MG,1,1,492.46
2017-05-01,home_appliances_2,SP,5,5,965.40
2017-05-01,home_appliances_2,TO,1,1,129.61
2017-05-01,home_confort,BA,1,1,110.98
2017-05-01,home_confort,ES,3,3,619.10
2017-05-01,home_confort,GO,1,1,291.72
2017-05-01,home_confort,MG,3,4,549.11
2017-05-01,home_confort,MT,1,1,199.49
2017-05-01,home_confort,PE,1,1,115.81
2017-05-01,home_confort,PR,2,2,471.96
2017-05-01,home_confort,RJ,3,3,593.62
2017-05-01,home_confort,RS,1,2,80.00
2017-05-01,home_confort,SC,1,1,427.29
2017-05-01,home_confort,SP,15,16,2225.53
2017-05-01,home_construction,MG,1,1,53.53
2017-05-01,home_construction,RS,1,1,141.63
2017-05-01,home_construction,SP,3,5,1536.44
2017-05-01,housewares,AL,1,1,37.79
2017-05-01,housewares,BA,6,6,424.84
2017-05-01,housewares,DF,4,4,265.55
2017-05-01,housewares,ES,4,5,370.36
2017-05-01,housewares,GO,4,5,455.78
2017-05-01,housewares,MA,1,1,128.18
2017-05-01,housewares,MG,34,37,3159.00
2017-05-01,housewares,MS,4,4,643.00
2017-05-01,housewares,PA,1,1,73.62
2017-05-01,housewares,PE,5,5,240.21
2017-05-01,housewares,PR,15,18,2011.03
2017-05-01,housewares,RJ,40,48,4111.76
2017-05-01,housewares,RN,1,2,92.30
2017-05-01,housewares,RS,14,19,1322.04
2017-05-01,housewares,SC,16,17,1713.23
2017-05-01,housewares,SE,1,1,118.10
2017-05-01,housewares,SP,108,128,11439.50
2017-05-01,industry_commerce_and_business,SP,2,2,552.22
2017-05-01,kitchen_dining_laundry_garden_furniture,MG,1,1,42.18
2017-05-01,kitchen_dining_laundry_garden_furniture,RJ,3,3,811.09
2017-05-01,kitchen_dining_laundry_garden_furniture,SP,5,5,783.94
2017-05-01,la_cuisine,RS,1,1,232.19
2017-05-01,luggage_accessories,BA,2,2,680.98
2017-05-01,luggage_accessories,CE,1,1,131.47
2017-05-01,luggage_accessories,GO,3,3,574.02
2017-05-01,luggage_accessories,MG,10,11,2720.81
2017-05-01,luggage_accessories,PA,1,1,138.94
2017-05-01,luggage_accessories,PR,4,4,512.47
2017-05-01,luggage_accessories,RJ,6,6,1127.92
2017-05-01,luggage_accessories,RO,1,1,92.28
2017-05-01,luggage_accessories,RS,3,3,431.01
2017-05-01,luggage_accessories,SC,5,5,1750.50
2017-05-01,luggage_accessories,SP,27,32,6588.36
2017-05-01,luggage_accessories,TO,1,1,111.33
2017-05-01,market_place,BA,1,1,83.69
2017-05-01,market_place,CE,1,1,370.60
2017-05-01,market_place,MG,2,2,261.98
2017-05-01,market_place,PA,1,1,39.62
2017-05-01,market_place,RJ,5,6,684.42
2017-05-01,market_place,RS,2,2,160.15
2017-05-01,market_place,SC,1,1,206.99
2017-05-01,market_place,SP,7,7,971.31
2017-05-01,market_place,TO,1,1,80.52
2017-05-01,musical_instruments,ES,3,4,273.48
2017-05-01,musical_instruments,PA,2,2,710.84
2017-05-01,musical_instruments,PE,1,1,1944.86
2017-05-01,musical_instruments,RJ,5,6,3037.95
2017-05-01,musical_instruments,RS,3,3,1348.41
2017-05-01,musical_instruments,SP,4,4,2787.44
2017-05-01,office_furniture,BA,2,2,292.64
2017-05-01,office_furniture,CE,3,3,773.70
2017-05-01,office_furniture,DF,2,2,423.92
2017-05-01,office_furniture,GO,1,1,284.20
2017-05-01,office_furniture,MA,1,1,187.91
2017-05-01,office_furniture,MG,4,4,824.72
2017-05-01,office_furniture,MT,1,1,145.30
2017-05-01,office_furniture,RJ,7,9,1657.08
2017-05-01,office_furniture,RS,3,3,493.32
2017-05-01,office_furniture,SC,1,6,843.66
2017-05-01,office_furniture,SP,17,24,4093.26
2017-05-01,pc_gamer,SP,1,1,138.15
2017-05-01,perfumery,AL,1,1,91.19
2017-05-01,perfumery,BA,3,3,453.22
2017-05-01,perfumery,DF,7,7,1042.48
2017-05-01,perfumery,ES,3,3,298.91
2017-05-01,perfumery,GO,3,4,1069.78
2017-05-01,perfumery,MA,4,4,725.46
2017-05-01,perfumery,MG,9,11,1728.84
2017-05-01,perfumery,MS,1,1,356.12
2017-05-01,perfumery,MT,3,3,384.61
2017-05-01,perfumery,PA,3,3,335.71
2017-05-01,perfumery,PB,1,1,105.04
2017-05-01,perfumery,PE,3,3,274.81
2017-05-01,perfumery,PI,1,1,165.37
2017-05-01,perfumery,PR,6,6,697.01
2017-05-01,perfumery,RJ,14,15,2356.82
2017-05-01,perfumery,RS,6,8,1127.46
2017-05-01,perfumery,SC,5,5,826.17
2017-05-01,perfumery,SE,1,1,144.07
2017-05-01,perfumery,SP,56,61,9813.16
2017-05-01,perfumery,TO,2,2,241.03
2017-05-01,pet_shop,BA,2,2,273.78
2017-05-01,pet_shop,CE,3,3,370.56
2017-05-01,pet_shop,DF,1,1,70.48
2017-05-01,pet_shop,MG,9,9,953.79
2017-05-01,pet_shop,PA,1,1,349.87
2017-05-01,pet_shop,PE,1,1,105.04
2017-05-01,pet_shop,PI,1,1,155.15
2017-05-01,pet_shop,PR,7,9,635.47
2017-05-01,pet_shop,RJ,11,13,882.65
2017-05-01,pet_shop,RN,1,1,155.15
2017-05-01,pet_shop,RS,6,7,3493.43
2017-05-01,pet_shop,SC,6,6,449.76
2017-05-01,pet_shop,SP,17,19,1751.39
2017-05-01,signaling_and_security,BA,1,1,40.10
2017-05-01,signaling_and_security,ES,1,2,633.88
2017-05-01,signaling_and_security,RS,1,1,101.96
2017-05-01,small_appliances,DF,1,1,186.57
2017-05-01,small_appliances,GO,1,1,122.96
2017-05-01,small_appliances,MG,1,1,140.02
2017-05-01,small_appliances,MT,2,2,1790.44
2017-05-01,small_appliances,PR,2,2,688.15
2017-05-01,small_appliances,RJ,4,5,1262.62
2017-05-01,small_appliances,SP,5,6,1536.59
2017-05-01,sports_leisure,AL,1,1,134.20
2017-05-01,sports_leisure,BA,11,20,1651.68
2017-05-01,sports_leisure,CE,4,4,451.87
2017-05-01,sports_leisure,DF,7,7,872.18
2017-05-01,sports_leisure,ES,6,7,869.57
2017-05-01,sports_leisure,GO,5,6,1272.55
2017-05-01,sports_leisure,MA,4,4,603.82
2017-05-01,sports_leisure,MG,34,38,5726.50
2017-05-01,sports_leisure,MS,1,1,78.91
2017-05-01,sports_leisure,MT,1,1,92.32
2017-05-01,sports_leisure,PA,1,1,95.67
2017-05-01,sports_leisure,PB,1,1,185.62
2017-05-01,sports_leisure,PE,6,6,696.99
2017-05-01,sports_leisure,PR,18,20,4331.84
2017-05-01,sports_leisure,RJ,32,43,4613.85
2017-05-01,sports_leisure,RN,1,1,106.85
2017-05-01,sports_leisure,RO,1,1,142.43
2017-05-01,sports_leisure,RS,10,12,1362.58
2017-05-01,sports_leisure,SC,13,15,3007.76
2017-05-01,sports_leisure,SP,99,116,13650.76
2017-05-01,stationery,AM,1,1,207.09
2017-05-01,stationery,BA,1,1,63.82
2017-05-01,stationery,CE,1,1,75.79
2017-05-01,stationery,DF,2,2,349.88
2017-05-01,stationery,GO,2,3,187.77
2017-05-01,stationery,MG,7,7,674.71
2017-05-01,stationery,MS,1,1,106.87
2017-05-01,stationery,MT,1,1,94.59
2017-05-01,stationery,PE,2,2,235.92
2017-05-01,stationery,PR,3,3,366.18
2017-05-01,stationery,RJ,7,8,733.26
2017-05-01,stationery,RS,7,8,804.15
2017-05-01,stationery,SC,5,5,446.02
2017-05-01,stationery,SE,2,2,192.57
2017-05-01,stationery,SP,18,19,2125.44
2017-05-01,tablets_printing_image,BA,1,1,116.13
2017-05-01,tablets_printing_image,ES,1,1,912.79
2017-05-01,tablets_printing_image,MG,1,1,113.86
2017-05-01,tablets_printing_image,RJ,1,1,144.79
2017-05-01,tablets_printing_image,SP,3,3,319.45
2017-05-01,telephony,AC,1,1,43.34
2017-05-01,telephony,AM,1,1,29.65
2017-05-01,telephony,BA,8,11,596.04
2017-05-01,telephony,CE,9,11,731.08
2017-05-01,telephony,DF,1,1,455.31
2017-05-01,telephony,ES,10,10,507.42
2017-05-01,telephony,GO,4,4,246.14
2017-05-01,telephony,MA,3,3,116.32
2017-05-01,telephony,MG,24,26,1296.26
2017-05-01,telephony,MS,2,2,85.70
2017-05-01,telephony,MT,3,3,128.35
2017-05-01,telephony,PA,4,4,184.69
2017-05-01,telephony,PB,2,3,145.13
2017-05-01,telephony,PE,4,5,235.90
2017-05-01,telephony,PI,2,2,84.46
2017-05-01,telephony,PR,7,7,377.53
2017-05-01,telephony,RJ,19,19,1418.00
2017-05-01,telephony,RO,3,3,183.33
2017-05-01,telephony,RS,13,14,616.73
2017-05-01,telephony,SC,5,5,188.52
2017-05-01,telephony,SE,1,1,46.39
2017-05-01,telephony,SP,67,75,4167.23
2017-05-01,telephony,TO,3,3,185.01
2017-05-01,toys,BA,6,6,856.01
2017-05-01,toys,CE,3,3,464.56
2017-05-01,toys,DF,6,7,710.42
2017-05-01,toys,ES,4,4,473.24
2017-05-01,toys,MA,2,2,327.20
2017-05-01,toys,MG,26,26,2726.78
2017-05-01,toys,MS,1,1,150.39
2017-05-01,toys,MT,1,1,72.87
2017-05-01,toys,PA,2,2,160.02
2017-05-01,toys,PE,5,5,793.74
2017-05-01,toys,PI,2,2,450.86
2017-05-01,toys,PR,8,8,1225.12
2017-05-01,toys,RJ,36,37,6383.49
2017-05-01,toys,RS,13,13,1538.55
2017-05-01,toys,SC,4,4,690.52
2017-05-01,toys,SE,1,1,105.01
2017-05-01,toys,SP,72,74,8460.11
2017-05-01,unknown,AC,2,2,127.34
2017-05-01,unknown,BA,4,4,623.73
2017-05-01,unknown,CE,1,1,154.07
2017-05-01,unknown,DF,1,1,34.89
2017-05-01,unknown,ES,1,1,49.10
2017-05-01,unknown,GO,4,4,3268.51
2017-05-01,unknown,MA,2,2,105.53
2017-05-01,unknown,MG,8,8,660.20
2017-05-01,unknown,MS,2,2,119.95
2017-05-01,unknown,PE,2,4,320.62
2017-05-01,unknown,PR,8,9,1222.98
2017-05-01,unknown,RJ,21,26,3203.52
2017-05-01,unknown,RS,4,4,321.35
2017-05-01,unknown,SC,2,2,165.83
2017-05-01,unknown,SP,20,21,2127.60
2017-05-01,watches_gifts,AC,1,1,995.18
2017-05-01,watches_gifts,AL,2,2,338.99
2017-05-01,watches_gifts,AM,1,1,196.12
2017-05-01,watches_gifts,BA,4,5,1558.87
2017-05-01,watches_gifts,CE,4,4,1317.34
2017-05-01,watches_gifts,DF,3,3,1071.48
2017-05-01,watches_gifts,ES,4,4,1757.41
2017-05-01,watches_gifts,GO,6,6,1921.59
2017-05-01,watches_gifts,MG,8,8,3342.93
2017-05-01,watches_gifts,PA,3,3,2230.48
2017-05-01,watches_gifts,PB,1,1,714.62
2017-05-01,watches_gifts,PI,1,1,656.72
2017-05-01,watches_gifts,PR,6,8,1709.92
2017-05-01,watches_gifts,RJ,17,17,4853.76
2017-05-01,watches_gifts,RN,3,3,1373.98
2017-05-01,watches_gifts,RS,8,9,2480.76
2017-05-01,watches_gifts,SC,5,6,1061.64
2017-05-01,watches_gifts,SE,1,1,69.07
2017-05-01,watches_gifts,SP,41,45,11130.55
2017-05-01,watches_gifts,TO,1,1,142.97
2017-06-01,agro_industry_and_commerce,PR,1,1,1422.05
2017-06-01,air_conditioning,MG,1,1,112.82
2017-06-01,air_conditioning,RJ,4,4,1226.47
2017-06-01,air_conditioning,RS,1,1,38.47
2017-06-01,air_conditioning,SP,3,5,910.76
2017-06-01,art,RO,1,1,95.53
2017-06-01,art,SP,3,3,189.82
2017-06-01,audio,BA,1,1,106.06
2017-06-01,audio,ES,3,3,479.29
2017-06-01,audio,RJ,1,1,285.64
2017-06-01,audio,RS,2,2,391.01
2017-06-01,audio,SP,4,4,556.24
2017-06-01,auto,BA,3,4,4531.73
2017-06-01,auto,CE,1,1,50.53
2017-06-01,auto,DF,2,2,208.85
2017-06-01,auto,ES,1,2,63.38
2017-06-01,auto,GO,3,3,382.48
2017-06-01,auto,MG,7,8,1486.93
2017-06-01,auto,MT,1,1,1247.29
2017-06-01,auto,PB,1,1,120.04
2017-06-01,auto,PE,1,1,60.63
2017-06-01,auto,PI,1,1,291.50
2017-06-01,auto,PR,6,8,1005.64
2017-06-01,auto,RJ,12,12,3274.26
2017-06-01,auto,RS,6,7,1046.67
2017-06-01,auto,SC,6,6,868.55
2017-06-01,auto,SE,1,1,107.96
2017-06-01,auto,SP,49,52,16868.98
2017-06-01,baby,CE,2,2,495.73
2017-06-01,baby,DF,1,1,152.56
2017-06-01,baby,ES,1,1,139.17
2017-06-01,baby,MG,5,5,355.27
2017-06-01,baby,PB,1,1,87.90
2017-06-01,baby,PE,1,1,57.53
2017-06-01,baby,PI,1,1,101.26
2017-06-01,baby,PR,2,2,197.59
2017-06-01,baby,RJ,8,8,1197.46
2017-06-01,baby,RN,1,1,188.50
2017-06-01,baby,RS,7,7,847.39
2017-06-01,baby,SC,3,3,825.14
2017-06-01,baby,SP,38,44,4345.43
2017-06-01,baby,TO,1,1,267.12
2017-06-01,bed_bath_table,AL,1,1,143.10
2017-06-01,bed_bath_table,AP,1,2,274.06
2017-06-01,bed_bath_table,BA,5,5,611.02
2017-06-01,bed_bath_table,CE,3,3,556.06
2017-06-01,bed_bath_table,DF,9,14,874.48
2017-06-01,bed_bath_table,ES,9,9,1343.04
2017-06-01,bed_bath_table,GO,12,13,1972.25
2017-06-01,bed_bath_table,MG,35,40,3873.79
2017-06-01,bed_bath_table,MS,2,3,231.08
2017-06-01,bed_bath_table,MT,1,1,243.87
2017-06-01,bed_bath_table,PE,4,4,342.87
2017-06-01,bed_bath_table,PR,20,20,2509.92
2017-06-01,bed_bath_table,RJ,39,48,4820.82
2017-06-01,bed_bath_table,RS,21,22,2742.54
2017-06-01,bed_bath_table,SC,7,11,1718.29
2017-06-01,bed_bath_table,SE,1,1,253.87
2017-06-01,bed_bath_table,SP,154,172,17621.41
2017-06-01,books_general_interest,BA,1,1,136.97
2017-06-01,books_general_interest,CE,1,1,169.48
2017-06-01,books_general_interest,MG,2,3,437.21
2017-06-01,books_general_interest,PR,3,3,347.31
2017-06-01,books_general_interest,RJ,2,2,102.29
2017-06-01,books_general_interest,RS,4,4,501.74
2017-06-01,books_general_interest,SC,1,1,128.06
2017-06-01,books_general_interest,SE,1,1,156.35
2017-06-01,books_general_interest,SP,4,4,325.93
2017-06-01,books_imported,MG,1,2,129.20
2017-06-01,books_technical,MG,1,1,95.32
2017-06-01,books_technical,PE,1,1,93.21
2017-06-01,christmas_supplies,RJ,1,1,150.61
2017-06-01,christmas_supplies,SC,1,2,95.64
2017-06-01,cine_photo,SP,1,1,112.91
2017-06-01,computers_accessories,BA,12,18,4820.33
2017-06-01,computers_accessories,CE,2,2,208.06
2017-06-01,computers_accessories,DF,3,4,2506.86
2017-06-01,computers_accessories,ES,5,6,683.67
2017-06-01,computers_accessories,GO,3,3,501.60
2017-06-01,computers_accessories,MA,2,2,123.10
2017-06-01,computers_accessories,MG,27,27,2512.25
2017-06-01,computers_accessories,MS,3,3,395.99
2017-06-01,computers_accessories,MT,1,1,56.69
2017-06-01,computers_accessories,PA,3,3,322.95
2017-06-01,computers_accessories,PB,1,2,376.92
2017-06-01,computers_accessories,PE,1,1,144.20
2017-06-01,computers_accessories,PR,11,13,1322.45
2017-06-01,computers_accessories,RJ,27,34,4833.14
2017-06-01,computers_accessories,RO,1,2,106.56
2017-06-01,computers_accessories,RR,1,1,62.92
2017-06-01,computers_accessories,RS,20,30,3255.37
2017-06-01,computers_accessories,SC,11,13,1825.46
2017-06-01,computers_accessories,SP,76,87,13682.06
2017-06-01,computers_accessories,TO,2,2,2947.02
2017-06-01,consoles_games,BA,2,2,91.17
2017-06-01,consoles_games,CE,1,1,31.00
2017-06-01,consoles_games,MG,3,3,567.35
2017-06-01,consoles_games,MS,1,1,180.10
2017-06-01,consoles_games,PA,1,1,418.04
2017-06-01,consoles_games,RJ,7,7,1912.37
2017-06-01,consoles_games,RS,3,3,1019.51
2017-06-01,consoles_games,SP,8,11,1639.78
2017-06-01,construction_tools_construction,GO,1,3,165.06
2017-06-01,construction_tools_construction,MS,1,1,55.02
2017-06-01,construction_tools_construction,RJ,2,4,255.23
2017-06-01,cool_stuff,AL,1,1,225.94
2017-06-01,cool_stuff,BA,11,12,2009.93
2017-06-01,cool_stuff,CE,6,6,1782.40
2017-06-01,cool_stuff,DF,3,3,481.87
2017-06-01,cool_stuff,ES,4,4,735.05
2017-06-01,cool_stuff,GO,6,6,1604.44
2017-06-01,cool_stuff,MA,1,1,81.57
2017-06-01,cool_stuff,MG,24,24,5926.09
2017-06-01,cool_stuff,MS,1,1,145.66
2017-06-01,cool_stuff,MT,2,2,286.09
2017-06-01,cool_stuff,PA,2,2,456.54
2017-06-01,cool_stuff,PB,2,2,1303.10
2017-06-01,cool_stuff,PE,3,3,569.25
2017-06-01,cool_stuff,PI,1,1,259.08
2017-06-01,cool_stuff,PR,11,11,1515.19
2017-06-01,cool_stuff,RJ,27,27,3943.76
2017-06-01,cool_stuff,RS,17,18,2471.76
2017-06-01,cool_stuff,SC,10,11,1852.08
2017-06-01,cool_stuff,SP,62,63,16227.14
2017-06-01,cool_stuff,TO,1,1,662.62
2017-06-01,costruction_tools_garden,MG,1,2,235.70
2017-06-01,costruction_tools_garden,RJ,1,1,212.02
2017-06-01,costruction_tools_garden,SP,1,1,52.68
2017-06-01,drinks,SP,1,1,69.20
2017-06-01,dvds_blu_ray,DF,1,1,29.50
2017-06-01,dvds_blu_ray,MS,1,1,35.69
2017-06-01,dvds_blu_ray,RJ,1,1,89.02
2017-06-01,dvds_blu_ray,SP,1,1,45.53
2017-06-01,electronics,ES,2,2,295.64
2017-06-01,electronics,GO,1,1,64.10
2017-06-01,electronics,MG,6,7,417.46
2017-06-01,electronics,MS,1,1,191.99
2017-06-01,electronics,MT,1,1,108.10
2017-06-01,electronics,PE,1,1,64.63
2017-06-01,electronics,PI,1,1,151.61
2017-06-01,electronics,PR,4,4,123.14
2017-06-01,electronics,RJ,6,6,407.86
2017-06-01,electronics,RS,1,1,91.26
2017-06-01,electronics,SC,3,3,198.47
2017-06-01,electronics,SP,12,13,561.44
2017-06-01,fashio_female_clothing,MG,1,1,80.10
2017-06-01,fashio_female_clothing,PR,2,2,119.20
2017-06-01,fashion_bags_accessories,BA,3,3,185.37
2017-06-01,fashion_bags_accessories,CE,3,3,780.99
2017-06-01,fashion_bags_accessories,DF,2,3,171.73
2017-06-01,fashion_bags_accessories,ES,1,2,138.59
2017-06-01,fashion_bags_accessories,GO,1,1,84.14
2017-06-01,fashion_bags_accessories,MA,3,3,208.34
2017-06-01,fashion_bags_accessories,MG,14,15,1659.53
2017-06-01,fashion_bags_accessories,MS,1,1,64.00
2017-06-01,fashion_bags_accessories,MT,1,1,60.53
2017-06-01,fashion_bags_accessories,PB,2,2,178.33
2017-06-01,fashion_bags_accessories,PE,1,1,67.53
2017-06-01,fashion_bags_accessories,PR,1,1,95.21
2017-06-01,fashion_bags_accessories,RJ,5,5,805.98
2017-06-01,fashion_bags_accessories,RS,4,4,367.63
2017-06-01,fashion_bags_accessories,SC,3,3,227.12
2017-06-01,fashion_bags_accessories,SP,30,33,2894.38
2017-06-01,fashion_childrens_clothes,SP,1,1,118.96
2017-06-01,fashion_male_clothing,BA,2,2,144.58
2017-06-01,fashion_male_clothing,ES,1,1,127.14
2017-06-01,fashion_male_clothing,PA,1,1,186.79
2017-06-01,fashion_male_clothing,SP,3,5,231.31
2017-06-01,fashion_shoes,MG,4,4,224.64
2017-06-01,fashion_shoes,PB,1,2,219.74
2017-06-01,fashion_shoes,RJ,2,3,180.95
2017-06-01,fashion_shoes,SP,9,10,1009.82
2017-06-01,fashion_sport,MG,1,1,55.00
2017-06-01,fashion_sport,SP,4,4,512.40
2017-06-01,fashion_underwear_beach,GO,1,1,19.00
2017-06-01,fixed_telephony,AL,1,1,54.14
2017-06-01,fixed_telephony,DF,2,2,68.18
2017-06-01,fixed_telephony,MA,1,1,124.43
2017-06-01,fixed_telephony,MG,2,2,96.18
2017-06-01,fixed_telephony,RJ,1,1,416.36
2017-06-01,fixed_telephony,RS,3,3,131.27
2017-06-01,fixed_telephony,SP,2,2,250.87
2017-06-01,food,PE,1,1,171.79
2017-06-01,food_drink,RJ,1,1,55.10
2017-06-01,food_drink,SP,1,1,27.68
2017-06-01,furniture_bedroom,RJ,1,1,249.56
2017-06-01,furniture_bedroom,SP,1,1,102.12
2017-06-01,furniture_decor,AL,1,1,203.43
2017-06-01,furniture_decor,BA,3,4,250.35
2017-06-01,furniture_decor,DF,3,6,544.74
2017-06-01,furniture_decor,ES,3,4,348.76
2017-06-01,furniture_decor,GO,3,3,208.13
2017-06-01,furniture_decor,MA,1,1,354.45
2017-06-01,furniture_decor,MG,14,18,1376.61
2017-06-01,furniture_decor,MS,1,1,76.69
2017-06-01,furniture_decor,PA,1,1,67.53
2017-06-01,furniture_decor,PB,2,2,391.74
2017-06-01,furniture_decor,PE,2,2,163.20
2017-06-01,furniture_decor,PR,12,17,2321.49
2017-06-01,furniture_decor,RJ,16,17,2111.32
2017-06-01,furniture_decor,RN,1,1,220.19
2017-06-01,furniture_decor,RO,1,2,166.63
2017-06-01,furniture_decor,RR,1,1,70.38
2017-06-01,furniture_decor,RS,21,26,2101.29
2017-06-01,furniture_decor,SC,8,11,834.78
2017-06-01,furniture_decor,SP,83,112,9761.79
2017-06-01,furniture_living_room,ES,2,3,447.48
2017-06-01,furniture_living_room,RJ,3,3,383.53
2017-06-01,furniture_living_room,SC,1,1,379.73
2017-06-01,furniture_living_room,SP,6,8,1032.17
2017-06-01,garden_tools,BA,2,6,459.24
2017-06-01,garden_tools,CE,1,1,173.44
2017-06-01,garden_tools,DF,1,1,100.95
2017-06-01,garden_tools,ES,5,6,650.79
2017-06-01,garden_tools,GO,3,3,1111.43
2017-06-01,garden_tools,MG,13,16,2628.15
2017-06-01,garden_tools,MS,2,2,1603.26
2017-06-01,garden_tools,MT,1,1,146.58
2017-06-01,garden_tools,PB,1,1,1217.78
2017-06-01,garden_tools,PE,1,1,140.75
2017-06-01,garden_tools,PR,4,4,405.49
2017-06-01,garden_tools,RJ,18,18,1728.86
2017-06-01,garden_tools,RS,6,7,754.73
2017-06-01,garden_tools,SC,4,4,507.36
2017-06-01,garden_tools,SP,36,39,6465.98
2017-06-01,health_beauty,BA,13,14,1569.43
2017-06-01,health_beauty,CE,5,5,691.72
2017-06-01,health_beauty,DF,3,4,383.35
2017-06-01,health_beauty,ES,8,8,1784.23
2017-06-01,health_beauty,GO,6,8,823.81
2017-06-01,health_beauty,MG,26,26,5556.38
2017-06-01,health_beauty,MS,3,4,408.86
2017-06-01,health_beauty,PA,4,4,572.59
2017-06-01,health_beauty,PB,3,3,2041.42
2017-06-01,health_beauty,PE,4,5,2383.17
2017-06-01,health_beauty,PI,1,1,139.29
2017-06-01,health_beauty,PR,8,8,2094.89
2017-06-01,health_beauty,RJ,32,37,4167.04
2017-06-01,health_beauty,RN,1,1,81.21
2017-06-01,health_beauty,RO,2,2,237.37
2017-06-01,health_beauty,RS,15,16,1635.23
2017-06-01,health_beauty,SC,7,7,520.48
2017-06-01,health_beauty,SE,2,2,393.54
2017-06-01,health_beauty,SP,90,99,11360.85
2017-06-01,home_appliances,BA,4,4,384.28
2017-06-01,home_appliances,DF,1,1,177.48
2017-06-01,home_appliances,ES,1,1,105.40
2017-06-01,home_appliances,GO,1,1,27.10
2017-06-01,home_appliances,MG,1,1,174.96
2017-06-01,home_appliances,MT,1,1,42.94
2017-06-01,home_appliances,PA,1,1,78.90
2017-06-01,home_appliances,PR,2,3,146.50
2017-06-01,home_appliances,RJ,5,5,297.32
2017-06-01,home_appliances,RS,5,5,315.64
2017-06-01,home_appliances,SC,2,2,84.22
2017-06-01,home_appliances,SP,18,18,1308.86
2017-06-01,home_appliances_2,MG,1,1,317.35
2017-06-01,home_appliances_2,MS,1,1,216.07
2017-06-01,home_appliances_2,MT,1,1,257.30
2017-06-01,home_appliances_2,SP,3,3,644.35
2017-06-01,home_comfort_2,PR,1,1,28.00
2017-06-01,home_confort,MG,2,2,403.50
2017-06-01,home_confort,RJ,3,3,438.98
2017-06-01,home_confort,SP,12,12,2257.54
2017-06-01,home_construction,MG,1,1,74.97
2017-06-01,home_construction,PR,1,1,624.79
2017-06-01,home_construction,RS,1,5,1315.90
2017-06-01,home_construction,SP,1,1,125.52
2017-06-01,housewares,AM,1,1,204.84
2017-06-01,housewares,BA,5,6,650.00
2017-06-01,housewares,CE,1,1,195.54
2017-06-01,housewares,DF,7,9,733.65
2017-06-01,housewares,ES,2,2,742.59
2017-06-01,housewares,GO,5,5,1062.58
2017-06-01,housewares,MG,42,50,4722.82
2017-06-01,housewares,MS,2,4,297.14
2017-06-01,housewares,PA,2,2,166.21
2017-06-01,housewares,PB,1,1,98.06
2017-06-01,housewares,PE,1,1,86.46
2017-06-01,housewares,PI,1,1,185.57
2017-06-01,housewares,PR,19,19,1589.07
2017-06-01,housewares,RJ,33,37,3356.06
2017-06-01,housewares,RN,2,2,169.05
2017-06-01,housewares,RS,17,21,2156.02
2017-06-01,housewares,SC,11,12,822.39
2017-06-01,housewares,SP,127,146,11701.10
2017-06-01,housewares,TO,1,1,109.78
2017-06-01,industry_commerce_and_business,PR,1,1,187.38
2017-06-01,industry_commerce_and_business,RJ,1,1,154.79
2017-06-01,kitchen_dining_laundry_garden_furniture,BA,1,1,67.59
2017-06-01,kitchen_dining_laundry_garden_furniture,PA,1,1,86.80
2017-06-01,kitchen_dining_laundry_garden_furniture,SP,2,2,388.20
2017-06-01,luggage_accessories,BA,4,4,503.27
2017-06-01,luggage_accessories,CE,2,3,293.33
2017-06-01,luggage_accessories,DF,1,1,120.87
2017-06-01,luggage_accessories,GO,2,2,354.76
2017-06-01,luggage_accessories,MA,1,1,134.83
2017-06-01,luggage_accessories,MG,8,8,1317.90
2017-06-01,luggage_accessories,MT,1,1,279.38
2017-06-01,luggage_accessories,PA,2,2,547.99
2017-06-01,luggage_accessories,PI,1,1,179.35
2017-06-01,luggage_accessories,PR,1,1,245.35
2017-06-01,luggage_accessories,RJ,9,9,1647.56
2017-06-01,luggage_accessories,RO,1,1,366.60
2017-06-01,luggage_accessories,RS,4,4,370.47
2017-06-01,luggage_accessories,SC,1,1,346.88
2017-06-01,luggage_accessories,SP,21,21,3460.81
2017-06-01,market_place,MG,2,2,153.06
2017-06-01,market_place,PA,1,1,104.91
2017-06-01,market_place,PR,1,1,127.92
2017-06-01,market_place,RJ,3,4,262.98
2017-06-01,market_place,RS,1,1,204.25
2017-06-01,market_place,SP,7,7,638.74
2017-06-01,music,MG,1,1,350.54
2017-06-01,music,PR,1,1,344.32
2017-06-01,music,SP,2,2,446.26
2017-06-01,musical_instruments,BA,3,4,1326.21
2017-06-01,musical_instruments,ES,1,2,168.28
2017-06-01,musical_instruments,MG,2,2,201.29
2017-06-01,musical_instruments,PI,1,1,475.20
2017-06-01,musical_instruments,RJ,1,1,443.33
2017-06-01,musical_instruments,SC,1,1,755.57
2017-06-01,musical_instruments,SP,8,9,2145.44
2017-06-01,office_furniture,BA,4,5,898.18
2017-06-01,office_furniture,ES,1,1,147.80
2017-06-01,office_furniture,GO,3,3,544.16
2017-06-01,office_furniture,MA,1,1,229.92
2017-06-01,office_furniture,MG,6,8,1522.66
2017-06-01,office_furniture,MT,1,1,118.07
2017-06-01,office_furniture,PE,2,2,386.09
2017-06-01,office_furniture,PR,2,4,651.14
2017-06-01,office_furniture,RJ,6,6,1175.96
2017-06-01,office_furniture,RS,2,2,433.09
2017-06-01,office_furniture,SC,3,3,521.31
2017-06-01,office_furniture,SP,14,14,2467.42
2017-06-01,pc_gamer,PE,1,1,156.18
2017-06-01,perfumery,AC,1,1,216.26
2017-06-01,perfumery,BA,2,2,338.22
2017-06-01,perfumery,CE,3,3,898.88
2017-06-01,perfumery,DF,4,4,433.50
2017-06-01,perfumery,ES,5,5,860.84
2017-06-01,perfumery,GO,3,3,529.33
2017-06-01,perfumery,MA,2,2,668.65
2017-06-01,perfumery,MG,14,15,3195.99
2017-06-01,perfumery,MS,1,1,44.69
2017-06-01,perfumery,MT,2,2,363.99
2017-06-01,perfumery,PA,2,2,157.34
2017-06-01,perfumery,PB,3,3,424.62
2017-06-01,perfumery,PE,6,6,1080.90
2017-06-01,perfumery,PI,1,1,130.47
2017-06-01,perfumery,PR,6,7,829.37
2017-06-01,perfumery,RJ,19,20,2691.90
2017-06-01,perfumery,RN,3,3,533.48
2017-06-01,perfumery,RS,5,6,882.07
2017-06-01,perfumery,SC,3,3,214.42
2017-06-01,perfumery,SE,1,2,364.57
2017-06-01,perfumery,SP,54,57,11493.08
2017-06-01,pet_shop,CE,1,1,94.21
2017-06-01,pet_shop,DF,2,2,206.25
2017-06-01,pet_shop,ES,1,1,32.09
2017-06-01,pet_shop,GO,2,2,92.19
2017-06-01,pet_shop,MG,6,6,711.76
2017-06-01,pet_shop,PA,1,1,117.62
2017-06-01,pet_shop,PI,1,1,156.16
2017-06-01,pet_shop,PR,1,1,152.43
2017-06-01,pet_shop,RJ,7,7,861.23
2017-06-01,pet_shop,RS,4,4,612.29
2017-06-01,pet_shop,SC,2,3,238.45
2017-06-01,pet_shop,SP,32,34,3033.75
2017-06-01,signaling_and_security,PR,1,1,186.95
2017-06-01,small_appliances,BA,2,2,562.86
2017-06-01,small_appliances,CE,1,1,2734.11
2017-06-01,small_appliances,MG,2,2,469.04
2017-06-01,small_appliances,PR,1,1,911.65
2017-06-01,small_appliances,RJ,2,2,214.35
2017-06-01,small_appliances,RN,1,1,142.27
2017-06-01,small_appliances,RS,1,1,126.59
2017-06-01,small_appliances,SC,1,1,402.32
2017-06-01,small_appliances,SP,12,12,4779.09
2017-06-01,small_appliances_home_oven_and_coffee,MG,1,1,88.65
2017-06-01,sports_leisure,AC,1,1,167.36
2017-06-01,sports_leisure,AL,2,2,327.79
2017-06-01,sports_leisure,BA,4,4,390.43
2017-06-01,sports_leisure,CE,4,4,631.08
2017-06-01,sports_leisure,DF,4,5,526.69
2017-06-01,sports_leisure,ES,6,10,1671.28
2017-06-01,sports_leisure,GO,6,6,472.67
2017-06-01,sports_leisure,MA,1,1,185.57
2017-06-01,sports_leisure,MG,33,37,5477.06
2017-06-01,sports_leisure,MS,3,3,234.84
2017-06-01,sports_leisure,MT,2,2,213.45
2017-06-01,sports_leisure,PA,4,4,890.66
2017-06-01,sports_leisure,PE,1,1,86.95
2017-06-01,sports_leisure,PI,2,2,219.50
2017-06-01,sports_leisure,PR,14,15,2162.10
2017-06-01,sports_leisure,RJ,26,26,6580.91
2017-06-01,sports_leisure,RN,1,1,142.43
2017-06-01,sports_leisure,RO,2,2,826.41
2017-06-01,sports_leisure,RS,13,15,1961.60
2017-06-01,sports_leisure,SC,6,7,507.41
2017-06-01,sports_leisure,SP,109,120,14228.79
2017-06-01,sports_leisure,TO,1,1,122.76
2017-06-01,stationery,AL,1,1,136.14
2017-06-01,stationery,BA,1,1,244.31
2017-06-01,stationery,DF,2,2,182.86
2017-06-01,stationery,ES,4,4,345.38
2017-06-01,stationery,GO,2,3,240.71
2017-06-01,stationery,MG,2,2,140.07
2017-06-01,stationery,PR,2,2,222.22
2017-06-01,stationery,RJ,7,7,931.00
2017-06-01,stationery,RS,1,1,76.79
2017-06-01,stationery,SC,1,1,116.94
2017-06-01,stationery,SP,14,14,1539.63
2017-06-01,tablets_printing_image,PE,1,1,124.97
2017-06-01,tablets_printing_image,RJ,2,2,228.88
2017-06-01,tablets_printing_image,SP,3,3,325.32
2017-06-01,telephony,AC,1,1,51.37
2017-06-01,telephony,AL,1,1,64.14
2017-06-01,telephony,BA,7,8,762.30
2017-06-01,telephony,CE,4,4,219.49
2017-06-01,telephony,DF,4,4,144.89
2017-06-01,telephony,ES,3,3,100.25
2017-06-01,telephony,GO,7,7,236.37
2017-06-01,telephony,MA,1,1,50.05
2017-06-01,telephony,MG,14,15,805.06
2017-06-01,telephony,MT,2,2,93.56
2017-06-01,telephony,PA,7,7,662.31
2017-06-01,telephony,PB,2,2,250.63
2017-06-01,telephony,PE,2,2,167.00
2017-06-01,telephony,PR,8,8,722.30
2017-06-01,telephony,RJ,13,16,669.62
2017-06-01,telephony,RN,1,1,50.65
2017-06-01,telephony,RR,1,1,41.88
2017-06-01,telephony,RS,14,15,523.56
2017-06-01,telephony,SC,4,5,213.99
2017-06-01,telephony,SP,52,54,3103.85
2017-06-01,toys,AC,1,1,75.28
2017-06-01,toys,AL,1,1,64.14
2017-06-01,toys,AP,1,1,95.68
2017-06-01,toys,BA,4,4,425.19
2017-06-01,toys,CE,2,2,120.06
2017-06-01,toys,DF,10,10,1093.14
2017-06-01,toys,ES,7,7,721.61
2017-06-01,toys,GO,2,2,88.91
2017-06-01,toys,MG,15,17,2044.10
2017-06-01,toys,MS,2,2,206.58
2017-06-01,toys,MT,2,2,245.42
2017-06-01,toys,PA,2,2,236.13
2017-06-01,toys,PB,1,1,95.68
2017-06-01,toys,PE,4,4,421.97
2017-06-01,toys,PI,1,1,163.29
2017-06-01,toys,PR,8,8,612.70
2017-06-01,toys,RJ,21,21,2976.71
2017-06-01,toys,RO,1,1,387.76
2017-06-01,toys,RS,9,10,1027.50
2017-06-01,toys,SC,5,5,656.09
2017-06-01,toys,SE,2,2,342.94
2017-06-01,toys,SP,48,51,5771.98
2017-06-01,toys,TO,1,1,178.44
2017-06-01,unknown,BA,1,2,89.58
2017-06-01,unknown,DF,2,2,145.79
2017-06-01,unknown,ES,3,3,211.54
2017-06-01,unknown,MG,2,2,116.18
2017-06-01,unknown,MS,1,1,55.00
2017-06-01,unknown,MT,1,1,55.79
2017-06-01,unknown,PB,1,1,107.03
2017-06-01,unknown,PR,3,3,430.54
2017-06-01,unknown,RJ,8,8,1668.34
2017-06-01,unknown,RN,1,1,65.28
2017-06-01,unknown,RS,3,5,297.01
2017-06-01,unknown,SC,1,1,46.69
2017-06-01,unknown,SP,22,26,2356.98
2017-06-01,unknown,TO,1,2,153.38
2017-06-01,watches_gifts,AL,1,1,50.15
2017-06-01,watches_gifts,BA,3,3,1314.32
2017-06-01,watches_gifts,CE,1,1,757.97
2017-06-01,watches_gifts,DF,2,2,412.16
2017-06-01,watches_gifts,MA,1,1,63.15
2017-06-01,watches_gifts,MG,14,16,4236.31
2017-06-01,watches_gifts,MT,3,3,1002.86
2017-06-01,watches_gifts,PA,1,1,1537.04
2017-06-01,watches_gifts,PE,2,2,338.74
2017-06-01,watches_gifts,PI,1,1,174.68
2017-06-01,watches_gifts,PR,9,10,1857.32
2017-06-01,watches_gifts,RJ,17,17,4457.61
2017-06-01,watches_gifts,RO,1,2,124.20
2017-06-01,watches_gifts,RS,7,7,568.98
2017-06-01,watches_gifts,SC,3,3,614.71
2017-06-01,watches_gifts,SP,47,49,11711.51
2017-07-01,agro_industry_and_commerce,SP,1,1,1199.47
2017-07-01,air_conditioning,RJ,3,3,1323.10
2017-07-01,air_conditioning,RS,1,1,26.00
2017-07-01,air_conditioning,SP,1,1,144.03
2017-07-01,art,DF,1,1,249.16
2017-07-01,art,MG,1,1,123.79
2017-07-01,art,SP,1,1,51.95
2017-07-01,arts_and_craftmanship,MG,1,1,145.56
2017-07-01,audio,AL,1,1,266.92
2017-07-01,audio,PR,1,1,45.00
2017-07-01,audio,SP,4,4,455.37
2017-07-01,auto,BA,5,5,371.42
2017-07-01,auto,CE,3,3,361.94
2017-07-01,auto,DF,3,3,542.58
2017-07-01,auto,ES,2,2,158.79
2017-07-01,auto,MA,1,1,183.84
2017-07-01,auto,MG,14,17,1820.35
2017-07-01,auto,PA,1,1,179.35
2017-07-01,auto,PB,2,2,241.07
2017-07-01,auto,PE,2,2,462.56
2017-07-01,auto,PI,1,2,671.80
2017-07-01,auto,PR,9,10,1658.75
2017-07-01,auto,RJ,8,8,2867.33
2017-07-01,auto,RO,1,1,182.60
2017-07-01,auto,RS,4,4,447.71
2017-07-01,auto,SC,6,6,499.40
2017-07-01,auto,SP,41,47,5543.26
2017-07-01,baby,AC,1,1,147.59
2017-07-01,baby,BA,4,4,667.77
2017-07-01,baby,CE,1,1,70.75
2017-07-01,baby,DF,4,4,1392.35
2017-07-01,baby,GO,1,1,137.28
2017-07-01,baby,MA,5,5,948.17
2017-07-01,baby,MG,14,14,1387.31
2017-07-01,baby,MS,1,1,66.60
2017-07-01,baby,MT,1,1,210.64
2017-07-01,baby,PE,1,1,149.14
2017-07-01,baby,PI,1,1,145.29
2017-07-01,baby,PR,6,7,947.91
2017-07-01,baby,RJ,17,18,2570.88
2017-07-01,baby,RS,10,10,1518.83
2017-07-01,baby,SC,3,3,228.45
2017-07-01,baby,SE,1,1,146.12
2017-07-01,baby,SP,50,52,7212.01
2017-07-01,bed_bath_table,AL,2,3,624.59
2017-07-01,bed_bath_table,AM,2,2,209.14
2017-07-01,bed_bath_table,BA,17,17,2113.24
2017-07-01,bed_bath_table,CE,4,6,1071.37
2017-07-01,bed_bath_table,DF,6,6,799.64
2017-07-01,bed_bath_table,ES,12,13,1399.84
2017-07-01,bed_bath_table,GO,13,15,1994.93
2017-07-01,bed_bath_table,MA,1,1,86.27
2017-07-01,bed_bath_table,MG,62,71,11029.34
2017-07-01,bed_bath_table,MS,5,7,717.20
2017-07-01,bed_bath_table,MT,5,5,688.56
2017-07-01,bed_bath_table,PA,1,2,245.12
2017-07-01,bed_bath_table,PB,3,4,598.83
2017-07-01,bed_bath_table,PE,8,9,1102.66
2017-07-01,bed_bath_table,PI,2,2,275.01
2017-07-01,bed_bath_table,PR,18,20,3029.65
2017-07-01,bed_bath_table,RJ,72,80,9860.77
2017-07-01,bed_bath_table,RN,4,5,841.53
2017-07-01,bed_bath_table,RS,33,36,4452.88
2017-07-01,bed_bath_table,SC,17,22,2479.38
2017-07-01,bed_bath_table,SP,216,243,29716.39
2017-07-01,books_general_interest,GO,2,2,284.99
2017-07-01,books_general_interest,MA,1,1,157.84
2017-07-01,books_general_interest,MG,2,2,219.91
2017-07-01,books_general_interest,PE,1,1,159.39
2017-07-01,books_general_interest,PR,1,1,140.61
2017-07-01,books_general_interest,RJ,1,1,144.40
2017-07-01,books_general_interest,SP,4,5,438.14
2017-07-01,books_technical,PR,1,1,357.62
2017-07-01,books_technical,SP,1,1,223.26
2017-07-01,cds_dvds_musicals,RJ,2,2,122.22
2017-07-01,cds_dvds_musicals,RS,1,2,122.22
2017-07-01,cds_dvds_musicals,SP,1,1,54.94
2017-07-01,christmas_supplies,BA,1,1,22.98
2017-07-01,christmas_supplies,SP,1,1,75.07
2017-07-01,computers_accessories,AC,1,1,62.92
2017-07-01,computers_accessories,AM,1,3,447.09
2017-07-01,computers_accessories,BA,9,10,746.68
2017-07-01,computers_accessories,CE,3,4,178.47
2017-07-01,computers_accessories,DF,5,9,1328.04
2017-07-01,computers_accessories,ES,7,8,606.19
2017-07-01,computers_accessories,GO,7,8,930.75
2017-07-01,computers_accessories,MA,2,2,890.66
2017-07-01,computers_accessories,MG,23,27,3411.75
2017-07-01,computers_accessories,MS,1,1,171.85
2017-07-01,computers_accessories,MT,1,1,204.98
2017-07-01,computers_accessories,PA,5,5,700.19
2017-07-01,computers_accessories,PB,4,7,1793.86
2017-07-01,computers_accessories,PE,6,6,1016.46
2017-07-01,computers_accessories,PI,3,3,221.38
2017-07-01,computers_accessories,PR,14,14,1731.45
2017-07-01,computers_accessories,RJ,49,58,11953.48
2017-07-01,computers_accessories,RN,2,2,238.06
2017-07-01,computers_accessories,RO,1,1,80.80
2017-07-01,computers_accessories,RS,18,22,2754.58
2017-07-01,computers_accessories,SC,19,22,2564.01
2017-07-01,computers_accessories,SP,87,106,11915.18
2017-07-01,consoles_games,AL,1,1,74.05
2017-07-01,consoles_games,BA,1,1,136.28
2017-07-01,consoles_games,ES,1,1,35.00
2017-07-01,consoles_games,GO,1,1,35.00
2017-07-01,consoles_games,MG,5,5,273.50
2017-07-01,consoles_games,MT,2,2,310.80
2017-07-01,consoles_games,PA,1,1,43.14
2017-07-01,consoles_games,PE,2,2,1186.68
2017-07-01,consoles_games,PR,2,2,232.37
2017-07-01,consoles_games,RJ,5,5,285.56
2017-07-01,consoles_games,RS,3,3,317.93
2017-07-01,consoles_games,SC,3,3,750.19
2017-07-01,consoles_games,SP,18,20,2584.71
2017-07-01,construction_tools_construction,MG,1,1,140.02
2017-07-01,construction_tools_construction,PR,1,1,156.92
2017-07-01,construction_tools_construction,RS,1,2,303.64
2017-07-01,construction_tools_construction,SC,1,1,156.92
2017-07-01,construction_tools_construction,SP,1,1,65.47
2017-07-01,construction_tools_lights,GO,1,1,401.45
2017-07-01,cool_stuff,BA,9,11,1199.97
2017-07-01,cool_stuff,CE,4,4,704.33
2017-07-01,cool_stuff,DF,3,3,685.48
2017-07-01,cool_stuff,ES,1,1,190.89
2017-07-01,cool_stuff,GO,3,3,461.05
2017-07-01,cool_stuff,MA,4,4,784.78
2017-07-01,cool_stuff,MG,25,26,6022.20
2017-07-01,cool_stuff,MS,1,1,116.94
2017-07-01,cool_stuff,PA,2,2,206.86
2017-07-01,cool_stuff,PB,3,3,442.68
2017-07-01,cool_stuff,PE,3,6,553.43
2017-07-01,cool_stuff,PI,2,2,313.83
2017-07-01,cool_stuff,PR,11,11,2308.59
2017-07-01,cool_stuff,RJ,38,38,7592.16
2017-07-01,cool_stuff,RN,3,3,408.47
2017-07-01,cool_stuff,RS,14,14,2472.77
2017-07-01,cool_stuff,SC,12,12,2558.47
2017-07-01,cool_stuff,SP,82,84,14406.53
2017-07-01,costruction_tools_garden,RJ,1,1,92.62
2017-07-01,costruction_tools_garden,SP,6,7,380.75
2017-07-01,drinks,MG,1,2,132.48
2017-07-01,drinks,RJ,1,1,215.60
2017-07-01,dvds_blu_ray,RJ,1,1,34.53
2017-07-01,dvds_blu_ray,RN,1,1,42.28
2017-07-01,dvds_blu_ray,SP,1,1,719.65
2017-07-01,electronics,BA,3,3,614.58
2017-07-01,electronics,CE,1,3,532.77
2017-07-01,electronics,ES,3,4,326.01
2017-07-01,electronics,MA,1,1,125.43
2017-07-01,electronics,MG,13,13,1053.31
2017-07-01,electronics,PA,2,2,247.27
2017-07-01,electronics,PB,1,1,100.77
2017-07-01,electronics,PE,2,3,274.44
2017-07-01,electronics,PR,4,4,114.52
2017-07-01,electronics,RJ,16,16,2281.34
2017-07-01,electronics,RO,3,3,302.93
2017-07-01,electronics,RS,4,4,170.54
2017-07-01,electronics,SC,2,3,226.81
2017-07-01,electronics,SE,1,1,100.77
2017-07-01,electronics,SP,28,33,2468.41
2017-07-01,fashio_female_clothing,DF,1,1,148.06
2017-07-01,fashio_female_clothing,SP,3,3,216.34
2017-07-01,fashion_bags_accessories,BA,5,6,409.35
2017-07-01,fashion_bags_accessories,CE,1,1,75.53
2017-07-01,fashion_bags_accessories,DF,3,3,163.66
2017-07-01,fashion_bags_accessories,ES,1,1,65.09
2017-07-01,fashion_bags_accessories,GO,1,1,65.09
2017-07-01,fashion_bags_accessories,MA,2,2,286.67
2017-07-01,fashion_bags_accessories,MG,8,8,537.58
2017-07-01,fashion_bags_accessories,PA,1,1,135.95
2017-07-01,fashion_bags_accessories,PE,1,1,65.53
2017-07-01,fashion_bags_accessories,PR,5,7,446.85
2017-07-01,fashion_bags_accessories,RJ,13,13,1316.51
2017-07-01,fashion_bags_accessories,RN,1,1,152.70
2017-07-01,fashion_bags_accessories,RS,1,1,45.10
2017-07-01,fashion_bags_accessories,SC,5,5,371.64
2017-07-01,fashion_bags_accessories,SE,1,1,70.15
2017-07-01,fashion_bags_accessories,SP,31,34,2108.05
2017-07-01,fashion_male_clothing,MG,1,1,155.63
2017-07-01,fashion_male_clothing,PR,2,3,371.44
2017-07-01,fashion_male_clothing,RJ,2,2,162.91
2017-07-01,fashion_male_clothing,RS,2,2,97.69
2017-07-01,fashion_male_clothing,SP,1,1,72.66
2017-07-01,fashion_shoes,AL,1,1,109.87
2017-07-01,fashion_shoes,ES,1,1,218.35
2017-07-01,fashion_shoes,MG,4,4,397.09
2017-07-01,fashion_shoes,MS,1,1,176.26
2017-07-01,fashion_shoes,PE,1,1,54.13
2017-07-01,fashion_shoes,PR,2,2,136.95
2017-07-01,fashion_shoes,RJ,2,2,97.38
2017-07-01,fashion_shoes,SP,6,7,416.68
2017-07-01,fashion_sport,SP,1,1,77.68
2017-07-01,fashion_underwear_beach,MG,1,1,170.84
2017-07-01,fashion_underwear_beach,SP,2,2,143.64
2017-07-01,fixed_telephony,BA,1,1,36.78
2017-07-01,fixed_telephony,CE,1,2,73.06
2017-07-01,fixed_telephony,PE,1,1,37.62
2017-07-01,fixed_telephony,PR,1,1,34.09
2017-07-01,fixed_telephony,RJ,2,2,83.18
2017-07-01,fixed_telephony,SP,2,2,83.54
2017-07-01,food,MG,1,1,111.91
2017-07-01,food,MT,1,1,208.74
2017-07-01,food,RJ,1,1,78.68
2017-07-01,food,RS,1,1,70.04
2017-07-01,food,SP,3,3,284.82
2017-07-01,food_drink,PR,1,1,34.01
2017-07-01,food_drink,RJ,1,2,50.20
2017-07-01,food_drink,RS,1,1,57.61
2017-07-01,food_drink,SP,4,4,119.86
2017-07-01,furniture_bedroom,BA,1,1,406.65
2017-07-01,furniture_bedroom,SE,1,1,118.10
2017-07-01,furniture_bedroom,SP,2,2,843.90
2017-07-01,furniture_decor,AL,1,1,138.15
2017-07-01,furniture_decor,BA,6,9,1357.32
2017-07-01,furniture_decor,CE,1,1,76.79
2017-07-01,furniture_decor,DF,4,6,809.12
2017-07-01,furniture_decor,ES,4,4,278.83
2017-07-01,furniture_decor,GO,4,4,560.22
2017-07-01,furniture_decor,MA,2,2,216.80
2017-07-01,furniture_decor,MG,28,34,3410.68
2017-07-01,furniture_decor,MS,2,2,119.97
2017-07-01,furniture_decor,MT,5,5,629.39
2017-07-01,furniture_decor,PB,1,3,153.15
2017-07-01,furniture_decor,PE,1,1,77.60
2017-07-01,furniture_decor,PI,2,2,143.31
2017-07-01,furniture_decor,PR,13,17,1139.30
2017-07-01,furniture_decor,RJ,31,42,4285.85
2017-07-01,furniture_decor,RN,1,1,87.44
2017-07-01,furniture_decor,RS,13,15,1524.76
2017-07-01,furniture_decor,SC,15,20,1895.53
2017-07-01,furniture_decor,SE,1,1,140.08
2017-07-01,furniture_decor,SP,114,144,12722.49
2017-07-01,furniture_living_room,BA,1,1,376.29
2017-07-01,furniture_living_room,DF,1,1,160.23
2017-07-01,furniture_living_room,GO,2,2,469.79
2017-07-01,furniture_living_room,MG,5,6,872.68
2017-07-01,furniture_living_room,PR,1,1,90.72
2017-07-01,furniture_living_room,RJ,5,6,1027.43
2017-07-01,furniture_living_room,RS,3,3,421.21
2017-07-01,furniture_living_room,SC,2,2,221.88
2017-07-01,furniture_living_room,SP,6,8,1098.50
2017-07-01,furniture_mattress_and_upholstery,SP,1,1,178.53
2017-07-01,garden_tools,BA,3,4,875.02
2017-07-01,garden_tools,CE,1,1,372.16
2017-07-01,garden_tools,DF,5,11,1383.19
2017-07-01,garden_tools,ES,2,2,155.14
2017-07-01,garden_tools,GO,1,1,77.57
2017-07-01,garden_tools,MG,19,21,2758.57
2017-07-01,garden_tools,MS,2,2,1417.64
2017-07-01,garden_tools,MT,1,2,327.82
2017-07-01,garden_tools,PA,2,2,460.88
2017-07-01,garden_tools,PB,1,1,107.03
2017-07-01,garden_tools,PE,2,2,914.45
2017-07-01,garden_tools,PI,3,3,447.10
2017-07-01,garden_tools,PR,8,9,1137.55
2017-07-01,garden_tools,RJ,31,37,4057.23
2017-07-01,garden_tools,RN,1,1,35.61
2017-07-01,garden_tools,RR,1,1,225.01
2017-07-01,garden_tools,RS,8,8,960.80
2017-07-01,garden_tools,SC,3,3,232.71
2017-07-01,garden_tools,SE,1,1,97.87
2017-07-01,garden_tools,SP,58,72,6865.53
2017-07-01,health_beauty,AL,3,3,255.07
2017-07-01,health_beauty,AP,1,1,292.39
2017-07-01,health_beauty,BA,7,7,2787.83
2017-07-01,health_beauty,CE,9,10,2930.42
2017-07-01,health_beauty,DF,10,12,1082.77
2017-07-01,health_beauty,ES,4,4,408.20
2017-07-01,health_beauty,GO,3,3,400.22
2017-07-01,health_beauty,MA,2,2,440.09
2017-07-01,health_beauty,MG,33,33,4087.45
2017-07-01,health_beauty,MS,3,3,319.72
2017-07-01,health_beauty,MT,4,5,3552.37
2017-07-01,health_beauty,PA,4,4,678.26
2017-07-01,health_beauty,PB,2,2,268.02
2017-07-01,health_beauty,PE,11,11,1367.84
2017-07-01,health_beauty,PI,1,1,107.02
2017-07-01,health_beauty,PR,13,17,1133.75
2017-07-01,health_beauty,RJ,26,31,4210.29
2017-07-01,health_beauty,RN,1,1,84.14
2017-07-01,health_beauty,RO,1,1,282.43
2017-07-01,health_beauty,RS,13,13,1716.66
2017-07-01,health_beauty,SC,9,10,1278.49
2017-07-01,health_beauty,SE,1,1,379.20
2017-07-01,health_beauty,SP,109,133,11531.08
2017-07-01,home_appliances,BA,3,3,136.20
2017-07-01,home_appliances,DF,1,1,35.05
2017-07-01,home_appliances,ES,2,2,223.84
2017-07-01,home_appliances,MG,6,6,1110.92
2017-07-01,home_appliances,MT,2,2,258.74
2017-07-01,home_appliances,PI,1,1,50.75
2017-07-01,home_appliances,PR,2,2,1000.40
2017-07-01,home_appliances,RJ,5,5,430.98
2017-07-01,home_appliances,RS,2,2,126.58
2017-07-01,home_appliances,SP,13,13,962.72
2017-07-01,home_appliances_2,BA,1,1,228.82
2017-07-01,home_appliances_2,PR,1,1,197.95
2017-07-01,home_appliances_2,RJ,1,1,202.48
2017-07-01,home_appliances_2,RS,1,1,197.95
2017-07-01,home_appliances_2,SP,3,3,479.68
2017-07-01,home_comfort_2,MG,1,1,28.00
2017-07-01,home_confort,BA,1,1,106.97
2017-07-01,home_confort,CE,1,1,115.81
2017-07-01,home_confort,ES,1,2,210.56
2017-07-01,home_confort,GO,1,1,105.28
2017-07-01,home_confort,MG,6,6,1244.68
2017-07-01,home_confort,RJ,2,3,256.05
2017-07-01,home_confort,RS,3,4,521.43
2017-07-01,home_confort,SC,1,1,105.28
2017-07-01,home_confort,SP,20,24,2735.37
2017-07-01,home_construction,SC,1,2,123.80
2017-07-01,housewares,BA,3,3,229.48
2017-07-01,housewares,CE,1,1,96.93
2017-07-01,housewares,DF,4,10,588.83
2017-07-01,housewares,ES,6,8,640.52
2017-07-01,housewares,GO,4,5,256.87
2017-07-01,housewares,MG,24,26,2657.38
2017-07-01,housewares,MS,1,1,54.82
2017-07-01,housewares,PA,1,1,82.80
2017-07-01,housewares,PE,1,1,228.79
2017-07-01,housewares,PI,1,1,175.50
2017-07-01,housewares,PR,10,13,1047.98
2017-07-01,housewares,RJ,26,29,2805.22
2017-07-01,housewares,RN,2,3,181.99
2017-07-01,housewares,RO,1,1,61.74
2017-07-01,housewares,RS,14,16,2313.33
2017-07-01,housewares,SC,10,18,1456.11
2017-07-01,housewares,SE,1,1,208.74
2017-07-01,housewares,SP,110,133,11767.83
2017-07-01,industry_commerce_and_business,PB,1,1,236.12
2017-07-01,industry_commerce_and_business,SP,1,1,116.13
2017-07-01,kitchen_dining_laundry_garden_furniture,MG,3,4,301.80
2017-07-01,kitchen_dining_laundry_garden_furniture,RJ,3,3,756.84
2017-07-01,kitchen_dining_laundry_garden_furniture,SP,3,4,598.92
2017-07-01,la_cuisine,MG,1,1,155.18
2017-07-01,la_cuisine,RS,2,2,284.45
2017-07-01,la_cuisine,SC,1,1,119.60
2017-07-01,luggage_accessories,AC,1,1,361.27
2017-07-01,luggage_accessories,AL,2,3,503.48
2017-07-01,luggage_accessories,CE,1,1,196.35
2017-07-01,luggage_accessories,ES,1,1,134.94
2017-07-01,luggage_accessories,GO,1,1,126.89
2017-07-01,luggage_accessories,MA,1,1,196.35
2017-07-01,luggage_accessories,MG,10,10,1140.80
2017-07-01,luggage_accessories,MS,2,2,242.93
2017-07-01,luggage_accessories,PB,2,2,201.35
2017-07-01,luggage_accessories,PE,1,1,136.14
2017-07-01,luggage_accessories,PR,5,5,799.72
2017-07-01,luggage_accessories,RJ,7,7,1210.34
2017-07-01,luggage_accessories,RO,1,1,164.71
2017-07-01,luggage_accessories,RS,4,4,403.51
2017-07-01,luggage_accessories,SC,2,2,413.70
2017-07-01,luggage_accessories,SP,31,31,4010.52
2017-07-01,market_place,GO,1,1,50.00
2017-07-01,market_place,MA,1,1,184.70
2017-07-01,market_place,MG,1,1,196.01
2017-07-01,market_place,MT,1,1,79.68
2017-07-01,market_place,RN,2,2,176.20
2017-07-01,market_place,SC,2,2,151.46
2017-07-01,market_place,SP,5,5,961.90
2017-07-01,music,RJ,1,1,350.54
2017-07-01,musical_instruments,BA,2,2,330.41
2017-07-01,musical_instruments,ES,2,2,193.41
2017-07-01,musical_instruments,MA,1,1,1172.26
2017-07-01,musical_instruments,MG,2,4,414.36
2017-07-01,musical_instruments,PR,2,3,893.03
2017-07-01,musical_instruments,RJ,4,4,777.14
2017-07-01,musical_instruments,RS,2,2,1014.67
2017-07-01,musical_instruments,SP,11,12,3234.99
2017-07-01,office_furniture,BA,9,9,1724.76
2017-07-01,office_furniture,CE,3,3,584.10
2017-07-01,office_furniture,DF,4,4,766.76
2017-07-01,office_furniture,GO,1,1,154.19
2017-07-01,office_furniture,MA,1,2,557.62
2017-07-01,office_furniture,MG,8,8,1501.88
2017-07-01,office_furniture,PA,2,4,548.38
2017-07-01,office_furniture,PE,1,1,289.95
2017-07-01,office_furniture,PI,1,1,165.51
2017-07-01,office_furniture,PR,2,4,823.02
2017-07-01,office_furniture,RJ,16,20,3934.82
2017-07-01,office_furniture,RS,7,9,1662.87
2017-07-01,office_furniture,SC,3,3,495.68
2017-07-01,office_furniture,SP,39,46,8057.59
2017-07-01,party_supplies,SP,1,1,83.41
2017-07-01,perfumery,AC,1,1,82.42
2017-07-01,perfumery,BA,4,4,317.48
2017-07-01,perfumery,CE,3,3,282.31
2017-07-01,perfumery,DF,4,4,294.46
2017-07-01,perfumery,ES,2,3,213.28
2017-07-01,perfumery,GO,3,3,486.23
2017-07-01,perfumery,MA,3,3,624.11
2017-07-01,perfumery,MG,13,14,1759.94
2017-07-01,perfumery,PA,1,2,410.00
2017-07-01,perfumery,PE,3,3,566.91
2017-07-01,perfumery,PI,1,1,106.38
2017-07-01,perfumery,PR,3,4,331.92
2017-07-01,perfumery,RJ,21,21,2273.34
2017-07-01,perfumery,RN,1,1,142.56
2017-07-01,perfumery,RS,9,9,745.56
2017-07-01,perfumery,SC,1,1,106.97
2017-07-01,perfumery,SP,42,44,5806.97
2017-07-01,pet_shop,AL,1,1,300.36
2017-07-01,pet_shop,BA,6,6,581.62
2017-07-01,pet_shop,CE,1,1,147.38
2017-07-01,pet_shop,ES,2,3,117.62
2017-07-01,pet_shop,GO,3,4,491.48
2017-07-01,pet_shop,MG,8,9,893.47
2017-07-01,pet_shop,PB,1,1,188.32
2017-07-01,pet_shop,PE,3,3,198.21
2017-07-01,pet_shop,PR,4,4,400.75
2017-07-01,pet_shop,RJ,7,10,968.72
2017-07-01,pet_shop,RN,1,1,109.22
2017-07-01,pet_shop,RO,1,1,91.05
2017-07-01,pet_shop,RS,5,7,786.17
2017-07-01,pet_shop,SC,4,4,490.21
2017-07-01,pet_shop,SP,23,30,2507.58
2017-07-01,signaling_and_security,ES,1,2,373.90
2017-07-01,signaling_and_security,SP,3,3,244.88
2017-07-01,small_appliances,BA,4,4,639.31
2017-07-01,small_appliances,DF,2,2,505.87
2017-07-01,small_appliances,ES,1,1,75.03
2017-07-01,small_appliances,MG,6,6,828.43
2017-07-01,small_appliances,MS,1,1,33.78
2017-07-01,small_appliances,PE,1,1,51.14
2017-07-01,small_appliances,PR,1,1,261.16
2017-07-01,small_appliances,RN,1,1,129.97
2017-07-01,small_appliances,RS,1,1,125.52
2017-07-01,small_appliances,SP,12,13,1659.79
2017-07-01,sports_leisure,AL,1,1,153.36
2017-07-01,sports_leisure,AM,1,1,83.14
2017-07-01,sports_leisure,BA,16,16,2273.63
2017-07-01,sports_leisure,CE,5,5,324.49
2017-07-01,sports_leisure,DF,4,5,509.23
2017-07-01,sports_leisure,ES,7,7,748.93
2017-07-01,sports_leisure,GO,7,7,783.19
2017-07-01,sports_leisure,MA,2,2,121.10
2017-07-01,sports_leisure,MG,21,25,3586.37
2017-07-01,sports_leisure,MS,3,5,515.79
2017-07-01,sports_leisure,MT,2,2,213.78
2017-07-01,sports_leisure,PA,4,5,679.48
2017-07-01,sports_leisure,PB,2,3,673.82
2017-07-01,sports_leisure,PE,9,12,1371.90
2017-07-01,sports_leisure,PR,25,29,3940.27
2017-07-01,sports_leisure,RJ,52,65,8438.44
2017-07-01,sports_leisure,RS,25,28,3006.08
2017-07-01,sports_leisure,SC,13,13,1561.38
2017-07-01,sports_leisure,SE,4,4,394.15
2017-07-01,sports_leisure,SP,123,139,14391.73
2017-07-01,sports_leisure,TO,1,1,126.58
2017-07-01,stationery,BA,2,2,203.42
2017-07-01,stationery,DF,1,1,55.00
2017-07-01,stationery,ES,2,3,270.48
2017-07-01,stationery,GO,2,2,298.00
2017-07-01,stationery,MA,2,2,238.92
2017-07-01,stationery,MG,7,7,812.05
2017-07-01,stationery,MT,2,3,169.17
2017-07-01,stationery,PA,1,1,168.37
2017-07-01,stationery,PE,3,3,374.20
2017-07-01,stationery,PR,4,4,671.18
2017-07-01,stationery,RJ,5,5,467.77
2017-07-01,stationery,RN,1,1,741.44
2017-07-01,stationery,RS,9,10,782.09
2017-07-01,stationery,SP,31,33,2963.22
2017-07-01,tablets_printing_image,SP,2,2,219.63
2017-07-01,telephony,AM,1,1,212.03
2017-07-01,telephony,BA,8,8,667.66
2017-07-01,telephony,CE,1,1,57.62
2017-07-01,telephony,DF,2,2,104.65
2017-07-01,telephony,ES,6,7,622.15
2017-07-01,telephony,GO,6,6,491.90
2017-07-01,telephony,MA,2,3,128.83
2017-07-01,telephony,MG,15,17,1202.19
2017-07-01,telephony,MT,4,4,256.12
2017-07-01,telephony,PA,4,5,209.12
2017-07-01,telephony,PB,1,1,84.14
2017-07-01,telephony,PE,2,2,242.02
2017-07-01,telephony,PR,5,5,613.58
2017-07-01,telephony,RJ,16,16,975.41
2017-07-01,telephony,RS,8,9,445.56
2017-07-01,telephony,SC,5,5,504.81
2017-07-01,telephony,SP,49,51,4359.95
2017-07-01,toys,AC,1,1,140.20
2017-07-01,toys,AL,1,1,152.25
2017-07-01,toys,BA,4,4,261.44
2017-07-01,toys,CE,8,8,1580.63
2017-07-01,toys,DF,5,5,625.72
2017-07-01,toys,ES,5,5,502.37
2017-07-01,toys,GO,6,6,548.19
2017-07-01,toys,MA,2,2,185.31
2017-07-01,toys,MG,22,24,3136.98
2017-07-01,toys,MS,1,1,167.29
2017-07-01,toys,PA,3,3,516.39
2017-07-01,toys,PB,1,1,115.89
2017-07-01,toys,PE,3,3,455.68
2017-07-01,toys,PI,1,1,115.89
2017-07-01,toys,PR,10,10,1431.08
2017-07-01,toys,RJ,23,23,2454.09
2017-07-01,toys,RN,2,2,260.44
2017-07-01,toys,RS,13,13,2653.61
2017-07-01,toys,SC,9,9,2422.34
2017-07-01,toys,SE,1,1,118.01
2017-07-01,toys,SP,76,80,9709.92
2017-07-01,unknown,BA,1,1,25.79
2017-07-01,unknown,DF,1,1,75.07
2017-07-01,unknown,GO,1,1,51.09
2017-07-01,unknown,MG,7,7,431.97
2017-07-01,unknown,PR,5,6,434.77
2017-07-01,unknown,RJ,8,9,483.07
2017-07-01,unknown,RS,4,5,220.30
2017-07-01,unknown,SC,1,1,96.22
2017-07-01,unknown,SP,24,27,2024.13
2017-07-01,watches_gifts,AL,1,1,261.47
2017-07-01,watches_gifts,BA,9,9,2270.72
2017-07-01,watches_gifts,DF,2,2,532.77
2017-07-01,watches_gifts,ES,7,7,709.81
2017-07-01,watches_gifts,GO,3,3,915.32
2017-07-01,watches_gifts,MA,1,1,70.15
2017-07-01,watches_gifts,MG,16,16,3818.10
2017-07-01,watches_gifts,MT,7,7,4191.32
2017-07-01,watches_gifts,PA,1,1,189.42
2017-07-01,watches_gifts,PB,1,1,321.98
2017-07-01,watches_gifts,PE,2,4,186.52
2017-07-01,watches_gifts,PR,4,4,758.81
2017-07-01,watches_gifts,RJ,27,30,6036.81
2017-07-01,watches_gifts,RN,3,3,546.20
2017-07-01,watches_gifts,RO,1,1,262.38
2017-07-01,watches_gifts,RS,8,8,1820.26
2017-07-01,watches_gifts,SC,4,4,299.08
2017-07-01,watches_gifts,SP,54,60,13141.75
2017-08-01,agro_industry_and_commerce,RO,1,4,224.60
2017-08-01,air_conditioning,CE,1,1,209.94
2017-08-01,air_conditioning,MG,1,1,146.02
2017-08-01,air_conditioning,RJ,3,6,3092.20
2017-08-01,air_conditioning,RS,1,1,138.16
2017-08-01,air_conditioning,SP,6,6,977.17
2017-08-01,art,MG,1,1,70.53
2017-08-01,art,RJ,1,1,126.53
2017-08-01,art,RS,1,1,60.00
2017-08-01,art,SP,1,1,60.00
2017-08-01,audio,MG,1,1,103.37
2017-08-01,audio,PR,1,1,44.00
2017-08-01,audio,RJ,2,2,740.82
2017-08-01,audio,SC,1,1,64.00
2017-08-01,audio,SP,2,2,194.25
2017-08-01,auto,BA,2,2,756.43
2017-08-01,auto,CE,2,2,106.25
2017-08-01,auto,DF,5,5,750.05
2017-08-01,auto,ES,3,3,311.44
2017-08-01,auto,GO,2,21,2402.78
2017-08-01,auto,MA,2,2,170.20
2017-08-01,auto,MG,12,12,1483.07
2017-08-01,auto,MS,1,1,107.78
2017-08-01,auto,MT,1,4,1942.60
2017-08-01,auto,PE,4,4,291.12
2017-08-01,auto,PI,1,1,403.05
2017-08-01,auto,PR,7,7,847.18
2017-08-01,auto,RJ,12,13,1549.80
2017-08-01,auto,RO,1,1,56.15
2017-08-01,auto,RS,5,5,461.33
2017-08-01,auto,SC,9,12,4338.77
2017-08-01,auto,SE,4,4,310.58
2017-08-01,auto,SP,54,61,5884.91
2017-08-01,auto,TO,1,1,130.16
2017-08-01,baby,AM,1,1,93.21
2017-08-01,baby,BA,4,4,592.87
2017-08-01,baby,CE,1,1,98.88
2017-08-01,baby,DF,1,2,133.20
2017-08-01,baby,ES,6,6,1649.86
2017-08-01,baby,GO,2,2,95.19
2017-08-01,baby,MG,16,17,3333.10
2017-08-01,baby,MS,3,4,1307.24
2017-08-01,baby,MT,3,3,414.81
2017-08-01,baby,PA,3,3,1287.43
2017-08-01,baby,PE,1,1,105.03
2017-08-01,baby,PI,1,1,87.17
2017-08-01,baby,PR,6,6,1036.39
2017-08-01,baby,RJ,13,16,1921.83
2017-08-01,baby,RN,1,1,99.57
2017-08-01,baby,RO,1,1,420.13
2017-08-01,baby,RS,12,12,969.78
2017-08-01,baby,SC,4,4,511.91
2017-08-01,baby,SE,1,1,519.25
2017-08-01,baby,SP,40,41,7515.73
2017-08-01,bed_bath_table,AP,1,1,232.84
2017-08-01,bed_bath_table,BA,14,17,2497.35
2017-08-01,bed_bath_table,CE,4,4,346.55
2017-08-01,bed_bath_table,DF,5,7,738.98
2017-08-01,bed_bath_table,ES,11,13,2591.03
2017-08-01,bed_bath_table,GO,15,16,2517.61
2017-08-01,bed_bath_table,MA,6,7,1145.97
2017-08-01,bed_bath_table,MG,37,41,4891.30
2017-08-01,bed_bath_table,MS,2,3,689.81
2017-08-01,bed_bath_table,MT,2,2,295.52
2017-08-01,bed_bath_table,PA,3,3,588.67
2017-08-01,bed_bath_table,PB,1,2,519.29
2017-08-01,bed_bath_table,PE,7,7,1395.79
2017-08-01,bed_bath_table,PI,2,5,1226.93
2017-08-01,bed_bath_table,PR,15,15,2931.13
2017-08-01,bed_bath_table,RJ,69,71,8835.99
2017-08-01,bed_bath_table,RO,1,1,161.23
2017-08-01,bed_bath_table,RS,39,42,5787.08
2017-08-01,bed_bath_table,SC,13,16,2313.11
2017-08-01,bed_bath_table,SE,2,3,714.52
2017-08-01,bed_bath_table,SP,193,230,25207.46
2017-08-01,books_general_interest,DF,1,1,110.93
2017-08-01,books_general_interest,GO,1,1,174.59
2017-08-01,books_general_interest,MG,1,1,144.40
2017-08-01,books_general_interest,PR,2,2,231.57
2017-08-01,books_general_interest,RJ,5,5,555.63
2017-08-01,books_general_interest,RS,1,1,46.60
2017-08-01,books_general_interest,SP,15,15,1368.73
2017-08-01,books_general_interest,TO,1,1,48.00
2017-08-01,books_imported,SP,1,1,70.34
2017-08-01,books_technical,BA,1,1,65.14
2017-08-01,books_technical,PR,1,1,401.37
2017-08-01,books_technical,RJ,1,1,103.37
2017-08-01,books_technical,SP,6,6,755.10
2017-08-01,cds_dvds_musicals,RS,1,2,122.22
2017-08-01,cds_dvds_musicals,SP,1,1,54.94
2017-08-01,christmas_supplies,BA,1,1,76.88
2017-08-01,computers,AL,1,1,1227.89
2017-08-01,computers,BA,3,3,3671.62
2017-08-01,computers,DF,1,1,1232.85
2017-08-01,computers,MA,1,1,1240.85
2017-08-01,computers,MG,4,4,4502.25
2017-08-01,computers,PA,1,1,1250.81
2017-08-01,computers,PE,1,1,1129.57
2017-08-01,computers,RJ,3,3,3714.55
2017-08-01,computers,RO,1,1,1260.76
2017-08-01,computers,RS,2,2,2169.07
2017-08-01,computers,SE,1,1,1220.00
2017-08-01,computers,SP,8,8,9639.38
2017-08-01,computers,TO,1,1,1237.81
2017-08-01,computers_accessories,AL,1,2,2269.98
2017-08-01,computers_accessories,BA,14,14,1969.75
2017-08-01,computers_accessories,CE,5,8,1118.59
2017-08-01,computers_accessories,DF,3,3,386.16
2017-08-01,computers_accessories,ES,5,5,278.46
2017-08-01,computers_accessories,GO,6,7,601.64
2017-08-01,computers_accessories,MA,4,5,320.35
2017-08-01,computers_accessories,MG,28,33,3181.53
2017-08-01,computers_accessories,MS,1,1,147.28
2017-08-01,computers_accessories,MT,3,3,272.77
2017-08-01,computers_accessories,PA,4,4,904.38
2017-08-01,computers_accessories,PB,1,1,71.05
2017-08-01,computers_accessories,PE,3,3,200.78
2017-08-01,computers_accessories,PI,1,1,168.46
2017-08-01,computers_accessories,PR,12,13,858.73
2017-08-01,computers_accessories,RJ,30,35,2675.04
2017-08-01,computers_accessories,RN,2,2,238.91
2017-08-01,computers_accessories,RO,1,1,57.28
2017-08-01,computers_accessories,RS,22,25,3014.64
2017-08-01,computers_accessories,SC,13,13,1742.88
2017-08-01,computers_accessories,SE,1,1,84.05
2017-08-01,computers_accessories,SP,128,159,18855.20
2017-08-01,computers_accessories,TO,2,2,130.32
2017-08-01,consoles_games,AC,1,1,321.92
2017-08-01,consoles_games,BA,1,2,73.37
2017-08-01,consoles_games,CE,3,3,227.57
2017-08-01,consoles_games,DF,2,2,184.56
2017-08-01,consoles_games,ES,1,1,101.35
2017-08-01,consoles_games,GO,1,1,374.15
2017-08-01,consoles_games,MA,2,2,532.03
2017-08-01,consoles_games,MG,10,11,407.91
2017-08-01,consoles_games,PA,2,2,227.45
2017-08-01,consoles_games,PB,1,1,79.15
2017-08-01,consoles_games,PE,2,2,222.91
2017-08-01,consoles_games,PI,2,2,634.14
2017-08-01,consoles_games,PR,4,4,225.48
2017-08-01,consoles_games,RJ,10,10,1211.13
2017-08-01,consoles_games,RN,1,1,141.64
2017-08-01,consoles_games,RO,1,1,54.05
2017-08-01,consoles_games,RS,4,4,230.66
2017-08-01,consoles_games,SC,1,1,96.99
2017-08-01,consoles_games,SP,30,33,4202.04
2017-08-01,construction_tools_construction,BA,1,1,158.08
2017-08-01,construction_tools_construction,CE,1,2,496.40
2017-08-01,construction_tools_construction,MG,1,1,411.63
2017-08-01,construction_tools_construction,RJ,3,3,328.22
2017-08-01,construction_tools_lights,ES,1,1,269.53
2017-08-01,construction_tools_lights,RJ,1,1,401.45
2017-08-01,construction_tools_safety,BA,1,1,24.69
2017-08-01,cool_stuff,AC,1,1,130.22
2017-08-01,cool_stuff,BA,7,7,2099.90
2017-08-01,cool_stuff,CE,2,2,184.14
2017-08-01,cool_stuff,DF,5,5,647.30
2017-08-01,cool_stuff,ES,2,2,255.31
2017-08-01,cool_stuff,GO,7,14,1386.82
2017-08-01,cool_stuff,MA,1,1,195.43
2017-08-01,cool_stuff,MG,31,36,5495.31
2017-08-01,cool_stuff,MS,3,3,393.07
2017-08-01,cool_stuff,MT,1,1,88.72
2017-08-01,cool_stuff,PA,4,4,579.92
2017-08-01,cool_stuff,PB,2,2,887.87
2017-08-01,cool_stuff,PE,6,6,1472.60
2017-08-01,cool_stuff,PR,19,21,4050.73
2017-08-01,cool_stuff,RJ,36,39,6684.47
2017-08-01,cool_stuff,RN,1,1,138.24
2017-08-01,cool_stuff,RS,19,19,4041.49
2017-08-01,cool_stuff,SC,7,7,926.94
2017-08-01,cool_stuff,SP,78,82,13454.35
2017-08-01,cool_stuff,TO,3,3,439.78
2017-08-01,costruction_tools_garden,DF,1,1,94.63
2017-08-01,costruction_tools_garden,MG,2,3,332.05
2017-08-01,costruction_tools_garden,MS,1,1,162.77
2017-08-01,costruction_tools_garden,SP,3,5,893.55
2017-08-01,drinks,RJ,1,1,126.92
2017-08-01,drinks,SP,1,1,21.85
2017-08-01,dvds_blu_ray,DF,1,1,32.50
2017-08-01,dvds_blu_ray,MS,1,1,35.69
2017-08-01,dvds_blu_ray,PE,1,1,41.05
2017-08-01,dvds_blu_ray,RJ,1,1,42.53
2017-08-01,dvds_blu_ray,SP,2,2,80.06
2017-08-01,electronics,BA,2,2,129.65
2017-08-01,electronics,ES,1,1,40.53
2017-08-01,electronics,GO,1,1,44.10
2017-08-01,electronics,MG,4,5,519.08
2017-08-01,electronics,MT,2,2,115.79
2017-08-01,electronics,PA,1,1,57.28
2017-08-01,electronics,PR,6,7,355.68
2017-08-01,electronics,RJ,7,9,1020.58
2017-08-01,electronics,RS,8,8,413.61
2017-08-01,electronics,SC,1,1,25.10
2017-08-01,electronics,SP,19,19,1044.46
2017-08-01,fashio_female_clothing,GO,1,1,69.03
2017-08-01,fashio_female_clothing,SC,1,1,35.00
2017-08-01,fashio_female_clothing,SP,2,2,131.62
2017-08-01,fashion_bags_accessories,BA,4,4,334.63
2017-08-01,fashion_bags_accessories,CE,1,1,105.74
2017-08-01,fashion_bags_accessories,DF,4,7,413.32
2017-08-01,fashion_bags_accessories,ES,1,1,64.14
2017-08-01,fashion_bags_accessories,GO,1,1,55.09
2017-08-01,fashion_bags_accessories,MG,11,15,1843.84
2017-08-01,fashion_bags_accessories,MS,1,1,157.32
2017-08-01,fashion_bags_accessories,MT,1,1,61.79
2017-08-01,fashion_bags_accessories,PA,1,1,57.63
2017-08-01,fashion_bags_accessories,PB,1,1,69.05
2017-08-01,fashion_bags_accessories,PE,2,2,125.06
2017-08-01,fashion_bags_accessories,PR,1,1,45.09
2017-08-01,fashion_bags_accessories,RJ,9,10,1008.95
2017-08-01,fashion_bags_accessories,RO,2,2,136.42
2017-08-01,fashion_bags_accessories,RS,3,3,274.80
2017-08-01,fashion_bags_accessories,SC,4,4,238.32
2017-08-01,fashion_bags_accessories,SP,38,40,2815.82
2017-08-01,fashion_male_clothing,CE,1,1,55.62
2017-08-01,fashion_male_clothing,GO,1,1,64.00
2017-08-01,fashion_male_clothing,MG,3,5,625.50
2017-08-01,fashion_male_clothing,PR,1,1,144.05
2017-08-01,fashion_male_clothing,SP,6,6,511.06
2017-08-01,fashion_shoes,DF,2,2,405.78
2017-08-01,fashion_shoes,MG,2,2,151.43
2017-08-01,fashion_shoes,PE,1,1,98.79
2017-08-01,fashion_shoes,PR,2,2,205.48
2017-08-01,fashion_shoes,RJ,5,9,582.35
2017-08-01,fashion_shoes,RS,1,1,47.00
2017-08-01,fashion_shoes,SP,5,5,365.54
2017-08-01,fashion_sport,MA,1,1,314.37
2017-08-01,fashion_sport,SC,1,1,75.07
2017-08-01,fashion_underwear_beach,MS,1,1,206.08
2017-08-01,fashion_underwear_beach,PE,2,2,253.87
2017-08-01,fashion_underwear_beach,PR,1,1,75.07
2017-08-01,fashion_underwear_beach,SC,1,1,65.00
2017-08-01,fashion_underwear_beach,SP,8,8,708.85
2017-08-01,fixed_telephony,BA,2,2,228.13
2017-08-01,fixed_telephony,PB,1,2,245.84
2017-08-01,fixed_telephony,RJ,1,1,176.70
2017-08-01,fixed_telephony,RS,1,1,34.09
2017-08-01,fixed_telephony,SC,1,1,1404.41
2017-08-01,fixed_telephony,SP,8,13,1551.14
2017-08-01,food,PE,2,2,201.21
2017-08-01,food,RJ,1,1,84.07
2017-08-01,food,RN,1,1,77.67
2017-08-01,food,SC,1,1,35.00
2017-08-01,food,SP,3,3,102.28
2017-08-01,food_drink,DF,1,1,54.10
2017-08-01,food_drink,MA,1,1,66.17
2017-08-01,food_drink,MG,1,3,153.30
2017-08-01,food_drink,PA,1,1,85.85
2017-08-01,food_drink,RJ,2,2,66.16
2017-08-01,food_drink,SP,6,7,303.37
2017-08-01,furniture_bedroom,SC,1,1,263.66
2017-08-01,furniture_bedroom,SP,2,2,438.70
2017-08-01,furniture_decor,AL,1,1,239.60
2017-08-01,furniture_decor,BA,17,20,3107.77
2017-08-01,furniture_decor,CE,1,1,107.98
2017-08-01,furniture_decor,DF,3,6,484.83
2017-08-01,furniture_decor,ES,5,7,866.73
2017-08-01,furniture_decor,GO,3,3,733.71
2017-08-01,furniture_decor,MA,1,1,60.57
2017-08-01,furniture_decor,MG,33,49,3783.20
2017-08-01,furniture_decor,MS,2,2,368.18
2017-08-01,furniture_decor,MT,4,8,624.98
2017-08-01,furniture_decor,PA,3,5,1194.85
2017-08-01,furniture_decor,PB,4,7,585.31
2017-08-01,furniture_decor,PE,4,7,603.07
2017-08-01,furniture_decor,PR,16,21,2831.79
2017-08-01,furniture_decor,RJ,49,61,6072.22
2017-08-01,furniture_decor,RS,21,28,2553.94
2017-08-01,furniture_decor,SC,14,16,1573.34
2017-08-01,furniture_decor,SP,142,183,16013.81
2017-08-01,furniture_living_room,BA,3,4,559.91
2017-08-01,furniture_living_room,DF,1,1,153.10
2017-08-01,furniture_living_room,ES,1,1,155.82
2017-08-01,furniture_living_room,GO,1,1,161.24
2017-08-01,furniture_living_room,MG,1,1,160.22
2017-08-01,furniture_living_room,PE,1,1,105.74
2017-08-01,furniture_living_room,PI,1,1,114.26
2017-08-01,furniture_living_room,PR,1,1,161.31
2017-08-01,furniture_living_room,RJ,1,1,160.23
2017-08-01,furniture_living_room,RS,1,1,220.24
2017-08-01,furniture_living_room,SP,9,10,1205.99
2017-08-01,furniture_mattress_and_upholstery,MG,1,1,482.69
2017-08-01,furniture_mattress_and_upholstery,RJ,1,1,150.97
2017-08-01,garden_tools,AL,2,2,195.74
2017-08-01,garden_tools,AP,1,1,64.14
2017-08-01,garden_tools,BA,7,7,757.51
2017-08-01,garden_tools,CE,7,8,1012.27
2017-08-01,garden_tools,DF,2,2,155.14
2017-08-01,garden_tools,ES,5,8,803.14
2017-08-01,garden_tools,GO,6,7,1077.97
2017-08-01,garden_tools,MA,1,1,97.87
2017-08-01,garden_tools,MG,20,26,2674.23
2017-08-01,garden_tools,MT,3,3,1202.63
2017-08-01,garden_tools,PE,5,5,528.80
2017-08-01,garden_tools,PR,6,6,764.80
2017-08-01,garden_tools,RJ,34,44,5182.60
2017-08-01,garden_tools,RN,1,1,97.87
2017-08-01,garden_tools,RS,15,16,1748.26
2017-08-01,garden_tools,SC,10,13,1379.27
2017-08-01,garden_tools,SE,1,2,195.74
2017-08-01,garden_tools,SP,68,81,9562.57
2017-08-01,health_beauty,AL,3,3,2882.98
2017-08-01,health_beauty,AM,1,1,281.82
2017-08-01,health_beauty,BA,12,13,2866.83
2017-08-01,health_beauty,CE,7,7,1073.45
2017-08-01,health_beauty,DF,8,9,933.16
2017-08-01,health_beauty,ES,8,9,890.67
2017-08-01,health_beauty,GO,6,7,960.63
2017-08-01,health_beauty,MA,5,6,485.35
2017-08-01,health_beauty,MG,39,39,7234.61
2017-08-01,health_beauty,MS,3,3,341.15
2017-08-01,health_beauty,MT,4,4,403.55
2017-08-01,health_beauty,PA,6,8,4229.90
2017-08-01,health_beauty,PB,1,1,67.28
2017-08-01,health_beauty,PE,8,9,1988.12
2017-08-01,health_beauty,PI,1,1,111.42
2017-08-01,health_beauty,PR,18,19,2907.61
2017-08-01,health_beauty,RJ,37,37,8727.83
2017-08-01,health_beauty,RN,1,1,361.07
2017-08-01,health_beauty,RS,17,17,1557.74
2017-08-01,health_beauty,SC,11,11,1598.41
2017-08-01,health_beauty,SE,2,2,480.15
2017-08-01,health_beauty,SP,137,142,14689.58
2017-08-01,health_beauty,TO,3,3,208.47
2017-08-01,home_appliances,AL,1,1,104.55
2017-08-01,home_appliances,BA,2,2,227.03
2017-08-01,home_appliances,CE,1,1,52.33
2017-08-01,home_appliances,ES,2,2,433.86
2017-08-01,home_appliances,GO,2,2,155.42
2017-08-01,home_appliances,MG,1,1,177.48
2017-08-01,home_appliances,PA,1,1,40.53
2017-08-01,home_appliances,PE,1,1,72.88
2017-08-01,home_appliances,PR,7,7,1245.18
2017-08-01,home_appliances,RJ,4,4,273.12
2017-08-01,home_appliances,RN,1,1,339.37
2017-08-01,home_appliances,RS,1,1,200.84
2017-08-01,home_appliances,SC,1,1,177.48
2017-08-01,home_appliances,SP,17,17,1244.83
2017-08-01,home_appliances_2,BA,1,1,271.01
2017-08-01,home_appliances_2,MG,2,2,585.96
2017-08-01,home_appliances_2,RJ,2,2,1129.55
2017-08-01,home_appliances_2,SC,3,3,916.09
2017-08-01,home_appliances_2,SP,7,7,1452.67
2017-08-01,home_comfort_2,SP,2,3,69.91
2017-08-01,home_confort,BA,2,3,203.61
2017-08-01,home_confort,MA,1,1,665.87
2017-08-01,home_confort,MG,4,4,586.33
2017-08-01,home_confort,PE,1,1,255.05
2017-08-01,home_confort,RJ,5,5,721.84
2017-08-01,home_confort,RS,1,1,107.78
2017-08-01,home_confort,SC,2,2,427.17
2017-08-01,home_confort,SP,8,11,1568.47
2017-08-01,home_construction,MG,1,1,141.43
2017-08-01,housewares,BA,5,5,700.84
2017-08-01,housewares,CE,2,2,395.52
2017-08-01,housewares,DF,3,3,165.25
2017-08-01,housewares,ES,9,9,1067.61
2017-08-01,housewares,GO,8,8,774.69
2017-08-01,housewares,MG,25,29,2628.04
2017-08-01,housewares,MS,1,1,175.56
2017-08-01,housewares,MT,2,2,121.69
2017-08-01,housewares,PA,5,6,812.60
2017-08-01,housewares,PE,1,2,157.22
2017-08-01,housewares,PR,10,13,1246.83
2017-08-01,housewares,RJ,35,39,4759.58
2017-08-01,housewares,RS,24,27,2629.85
2017-08-01,housewares,SC,8,10,814.46
2017-08-01,housewares,SP,107,124,12177.38
2017-08-01,industry_commerce_and_business,MG,1,1,152.28
2017-08-01,industry_commerce_and_business,MS,1,1,113.40
2017-08-01,industry_commerce_and_business,PI,1,1,778.27
2017-08-01,kitchen_dining_laundry_garden_furniture,MG,1,1,370.92
2017-08-01,kitchen_dining_laundry_garden_furniture,SP,6,6,860.37
2017-08-01,la_cuisine,SP,2,2,373.52
2017-08-01,luggage_accessories,AL,1,1,136.50
2017-08-01,luggage_accessories,AM,1,2,190.22
2017-08-01,luggage_accessories,BA,1,1,123.47
2017-08-01,luggage_accessories,CE,4,4,478.17
2017-08-01,luggage_accessories,DF,2,2,206.49
2017-08-01,luggage_accessories,ES,2,2,169.56
2017-08-01,luggage_accessories,GO,1,1,360.29
2017-08-01,luggage_accessories,MA,1,1,435.23
2017-08-01,luggage_accessories,MG,11,12,1234.40
2017-08-01,luggage_accessories,PE,2,2,267.23
2017-08-01,luggage_accessories,PR,1,1,66.82
2017-08-01,luggage_accessories,RJ,6,7,892.62
2017-08-01,luggage_accessories,RS,2,2,294.15
2017-08-01,luggage_accessories,SC,1,1,161.34
2017-08-01,luggage_accessories,SE,1,1,156.28
2017-08-01,luggage_accessories,SP,20,22,3013.03
2017-08-01,market_place,AC,1,1,88.27
2017-08-01,market_place,CE,1,1,88.52
2017-08-01,market_place,DF,1,1,76.99
2017-08-01,market_place,MA,1,1,63.14
2017-08-01,market_place,MG,2,3,413.16
2017-08-01,market_place,PA,1,1,296.51
2017-08-01,market_place,PE,2,2,156.21
2017-08-01,market_place,PR,2,2,134.20
2017-08-01,market_place,RJ,4,4,432.20
2017-08-01,market_place,RS,1,1,42.03
2017-08-01,market_place,SC,2,2,346.50
2017-08-01,market_place,SP,4,4,223.20
2017-08-01,musical_instruments,DF,1,1,383.83
2017-08-01,musical_instruments,GO,1,1,51.05
2017-08-01,musical_instruments,MA,1,1,689.91
2017-08-01,musical_instruments,MG,8,8,2055.17
2017-08-01,musical_instruments,PA,1,1,66.79
2017-08-01,musical_instruments,PE,1,1,2065.35
2017-08-01,musical_instruments,PR,1,1,90.17
2017-08-01,musical_instruments,RJ,4,4,1372.45
2017-08-01,musical_instruments,SC,2,2,434.10
2017-08-01,musical_instruments,SP,3,3,494.38
2017-08-01,office_furniture,BA,1,1,458.59
2017-08-01,office_furniture,DF,2,2,379.14
2017-08-01,office_furniture,ES,2,2,582.70
2017-08-01,office_furniture,MG,7,8,1585.78
2017-08-01,office_furniture,PA,2,2,614.19
2017-08-01,office_furniture,PI,1,1,229.92
2017-08-01,office_furniture,PR,2,4,985.15
2017-08-01,office_furniture,RJ,12,13,2980.44
2017-08-01,office_furniture,RS,4,4,767.12
2017-08-01,office_furniture,SC,1,2,250.02
2017-08-01,office_furniture,SP,12,19,3555.99
2017-08-01,perfumery,BA,4,4,402.01
2017-08-01,perfumery,CE,6,7,1630.19
2017-08-01,perfumery,DF,3,3,446.46
2017-08-01,perfumery,ES,2,2,348.68
2017-08-01,perfumery,GO,2,2,97.10
2017-08-01,perfumery,MA,1,1,106.38
2017-08-01,perfumery,MG,15,17,1700.55
2017-08-01,perfumery,MS,1,1,100.33
2017-08-01,perfumery,PA,1,1,100.11
2017-08-01,perfumery,PB,1,1,78.19
2017-08-01,perfumery,PE,2,2,159.72
2017-08-01,perfumery,PI,1,1,206.41
2017-08-01,perfumery,PR,4,6,1008.63
2017-08-01,perfumery,RJ,19,19,1894.74
2017-08-01,perfumery,RN,1,1,305.57
2017-08-01,perfumery,RO,1,1,157.27
2017-08-01,perfumery,RS,4,4,753.52
2017-08-01,perfumery,SC,4,4,325.60
2017-08-01,perfumery,SP,45,50,5160.01
2017-08-01,pet_shop,AP,1,2,87.80
2017-08-01,pet_shop,BA,1,1,91.95
2017-08-01,pet_shop,DF,2,2,197.40
2017-08-01,pet_shop,GO,2,2,445.37
2017-08-01,pet_shop,MA,1,1,156.16
2017-08-01,pet_shop,MG,10,10,1503.79
2017-08-01,pet_shop,PA,2,2,903.50
2017-08-01,pet_shop,PB,1,1,228.87
2017-08-01,pet_shop,PE,1,1,100.70
2017-08-01,pet_shop,PR,4,6,1114.16
2017-08-01,pet_shop,RJ,7,7,793.68
2017-08-01,pet_shop,RO,1,1,61.70
2017-08-01,pet_shop,RS,3,3,760.26
2017-08-01,pet_shop,SC,4,4,430.31
2017-08-01,pet_shop,SE,1,1,53.79
2017-08-01,pet_shop,SP,34,45,5199.34
2017-08-01,signaling_and_security,MG,1,1,42.38
2017-08-01,signaling_and_security,SC,1,1,144.65
2017-08-01,signaling_and_security,SP,2,2,256.44
2017-08-01,small_appliances,DF,1,1,116.94
2017-08-01,small_appliances,MG,4,4,528.95
2017-08-01,small_appliances,MS,1,1,33.01
2017-08-01,small_appliances,MT,1,1,35.82
2017-08-01,small_appliances,PA,1,1,1052.49
2017-08-01,small_appliances,PR,3,4,199.37
2017-08-01,small_appliances,RJ,7,7,1796.35
2017-08-01,small_appliances,RS,1,1,35.01
2017-08-01,small_appliances,SC,1,1,115.94
2017-08-01,small_appliances,SP,12,15,924.30
2017-08-01,small_appliances_home_oven_and_coffee,SP,1,1,33.75
2017-08-01,sports_leisure,AL,1,1,140.20
2017-08-01,sports_leisure,AM,1,1,313.40
2017-08-01,sports_leisure,BA,16,19,2310.44
2017-08-01,sports_leisure,CE,6,6,729.14
2017-08-01,sports_leisure,DF,11,12,994.87
2017-08-01,sports_leisure,ES,11,14,1543.28
2017-08-01,sports_leisure,GO,9,9,1405.38
2017-08-01,sports_leisure,MA,5,5,453.34
2017-08-01,sports_leisure,MG,43,46,4486.86
2017-08-01,sports_leisure,MT,2,2,222.75
2017-08-01,sports_leisure,PA,4,4,433.32
2017-08-01,sports_leisure,PB,2,2,221.21
2017-08-01,sports_leisure,PE,6,6,668.22
2017-08-01,sports_leisure,PI,1,1,191.11
2017-08-01,sports_leisure,PR,24,28,3683.35
2017-08-01,sports_leisure,RJ,34,41,5634.23
2017-08-01,sports_leisure,RN,5,5,797.50
2017-08-01,sports_leisure,RO,1,1,104.19
2017-08-01,sports_leisure,RS,33,38,4880.77
2017-08-01,sports_leisure,SC,16,17,2428.60
2017-08-01,sports_leisure,SE,2,2,183.71
2017-08-01,sports_leisure,SP,142,157,16483.22
2017-08-01,stationery,BA,3,3,327.58
2017-08-01,stationery,CE,1,1,80.57
2017-08-01,stationery,DF,1,1,60.10
2017-08-01,stationery,MG,9,9,805.40
2017-08-01,stationery,MS,1,1,58.82
2017-08-01,stationery,MT,2,2,671.58
2017-08-01,stationery,PA,1,1,183.43
2017-08-01,stationery,PR,5,5,341.29
2017-08-01,stationery,RJ,11,13,1143.31
2017-08-01,stationery,RN,1,2,170.94
2017-08-01,stationery,RS,5,5,479.79
2017-08-01,stationery,SC,2,2,141.84
2017-08-01,stationery,SE,1,1,107.76
2017-08-01,stationery,SP,31,33,3189.95
2017-08-01,stationery,TO,1,1,123.14
2017-08-01,tablets_printing_image,CE,1,1,47.62
2017-08-01,tablets_printing_image,ES,1,1,30.00
2017-08-01,tablets_printing_image,MG,2,2,232.27
2017-08-01,tablets_printing_image,PI,1,1,133.49
2017-08-01,tablets_printing_image,PR,1,1,114.44
2017-08-01,telephony,AC,1,1,225.42
2017-08-01,telephony,AL,2,2,631.52
2017-08-01,telephony,BA,8,10,1170.79
2017-08-01,telephony,CE,4,4,464.30
2017-08-01,telephony,DF,3,3,353.34
2017-08-01,telephony,ES,5,5,768.25
2017-08-01,telephony,GO,1,1,22.10
2017-08-01,telephony,MA,1,1,131.57
2017-08-01,telephony,MG,13,13,1540.01
2017-08-01,telephony,MS,1,1,71.15
2017-08-01,telephony,MT,1,1,34.78
2017-08-01,telephony,PA,5,5,1062.08
2017-08-01,telephony,PE,4,4,515.36
2017-08-01,telephony,PI,1,1,97.83
2017-08-01,telephony,PR,8,8,274.44
2017-08-01,telephony,RJ,6,7,805.14
2017-08-01,telephony,RN,1,1,190.66
2017-08-01,telephony,RO,1,1,51.14
2017-08-01,telephony,RS,18,18,1334.78
2017-08-01,telephony,SC,4,4,165.87
2017-08-01,telephony,SE,1,1,99.25
2017-08-01,telephony,SP,37,39,2733.65
2017-08-01,telephony,TO,1,1,47.62
2017-08-01,toys,AL,2,2,205.45
2017-08-01,toys,BA,5,5,556.25
2017-08-01,toys,CE,6,7,976.84
2017-08-01,toys,DF,2,2,322.93
2017-08-01,toys,ES,2,2,446.83
2017-08-01,toys,GO,4,4,218.21
2017-08-01,toys,MG,21,22,2964.67
2017-08-01,toys,MT,3,3,651.57
2017-08-01,toys,PA,1,1,107.81
2017-08-01,toys,PE,2,3,310.59
2017-08-01,toys,PI,2,2,271.99
2017-08-01,toys,PR,14,14,1534.39
2017-08-01,toys,RJ,22,26,3541.28
2017-08-01,toys,RN,3,4,314.34
2017-08-01,toys,RO,1,1,71.05
2017-08-01,toys,RS,10,10,798.42
2017-08-01,toys,SC,2,3,238.59
2017-08-01,toys,SE,1,1,203.96
2017-08-01,toys,SP,65,70,7062.56
2017-08-01,unknown,BA,2,5,251.05
2017-08-01,unknown,CE,1,1,119.04
2017-08-01,unknown,GO,2,2,153.84
2017-08-01,unknown,MG,10,12,1105.21
2017-08-01,unknown,PA,2,2,268.91
2017-08-01,unknown,PE,1,1,192.98
2017-08-01,unknown,PI,1,1,149.61
2017-08-01,unknown,PR,1,1,114.22
2017-08-01,unknown,RJ,7,8,917.17
2017-08-01,unknown,RS,4,5,338.29
2017-08-01,unknown,SC,2,2,194.62
2017-08-01,unknown,SP,31,35,2397.79
2017-08-01,watches_gifts,AL,2,2,1523.91
2017-08-01,watches_gifts,AM,1,1,604.76
2017-08-01,watches_gifts,BA,7,7,2293.28
2017-08-01,watches_gifts,CE,6,6,2752.05
2017-08-01,watches_gifts,DF,5,7,782.60
2017-08-01,watches_gifts,ES,8,8,1675.77
2017-08-01,watches_gifts,GO,4,5,1195.37
2017-08-01,watches_gifts,MA,2,2,295.18
2017-08-01,watches_gifts,MG,14,15,2022.92
2017-08-01,watches_gifts,MT,4,4,670.54
2017-08-01,watches_gifts,PA,2,3,712.66
2017-08-01,watches_gifts,PE,9,10,1764.88
2017-08-01,watches_gifts,PI,2,2,486.65
2017-08-01,watches_gifts,PR,14,20,3041.60
2017-08-01,watches_gifts,RJ,22,22,3848.44
2017-08-01,watches_gifts,RS,12,12,2587.07
2017-08-01,watches_gifts,SC,5,7,1105.31
2017-08-01,watches_gifts,SP,73,76,12062.74
2017-08-01,watches_gifts,TO,2,2,153.22
2017-09-01,agro_industry_and_commerce,MG,1,2,847.32
2017-09-01,agro_industry_and_commerce,RJ,1,1,854.33
2017-09-01,agro_industry_and_commerce,SP,1,1,418.04
2017-09-01,air_conditioning,BA,1,1,200.36
2017-09-01,air_conditioning,ES,1,1,118.93
2017-09-01,air_conditioning,RJ,3,3,1232.07
2017-09-01,air_conditioning,SP,2,2,230.73
2017-09-01,art,RS,1,1,66.25
2017-09-01,art,SP,2,2,369.60
2017-09-01,audio,AL,1,1,110.42
2017-09-01,audio,BA,1,1,137.18
2017-09-01,audio,DF,1,1,95.31
2017-09-01,audio,GO,1,1,115.94
2017-09-01,audio,MG,1,1,104.37
2017-09-01,audio,PR,1,1,145.56
2017-09-01,audio,SC,1,1,247.36
2017-09-01,audio,SP,3,3,235.65
2017-09-01,auto,AL,1,1,149.56
2017-09-01,auto,AM,1,1,58.67
2017-09-01,auto,BA,4,4,524.48
2017-09-01,auto,CE,2,5,1575.09
2017-09-01,auto,DF,4,4,270.03
2017-09-01,auto,ES,3,3,476.50
2017-09-01,auto,GO,2,2,207.40
2017-09-01,auto,MG,13,13,1805.10
2017-09-01,auto,MT,1,1,173.85
2017-09-01,auto,PA,3,3,1213.32
2017-09-01,auto,PB,2,2,576.49
2017-09-01,auto,PR,2,5,1994.53
2017-09-01,auto,RJ,14,18,2379.39
2017-09-01,auto,RS,4,4,614.21
2017-09-01,auto,SC,4,4,229.24
2017-09-01,auto,SE,1,1,182.60
2017-09-01,auto,SP,34,35,3821.87
2017-09-01,auto,TO,1,1,233.75
2017-09-01,baby,BA,10,10,2622.12
2017-09-01,baby,CE,2,2,513.63
2017-09-01,baby,DF,2,2,212.91
2017-09-01,baby,ES,3,3,207.67
2017-09-01,baby,GO,2,2,228.41
2017-09-01,baby,MA,3,3,1042.83
2017-09-01,baby,MG,23,26,3223.62
2017-09-01,baby,MS,1,1,913.70
2017-09-01,baby,MT,4,4,1615.97
2017-09-01,baby,PA,2,2,394.10
2017-09-01,baby,PB,1,1,87.90
2017-09-01,baby,PR,5,5,585.96
2017-09-01,baby,RJ,20,22,3065.60
2017-09-01,baby,RO,2,2,169.40
2017-09-01,baby,RS,12,13,1895.10
2017-09-01,baby,SC,5,5,791.09
2017-09-01,baby,SE,1,1,433.13
2017-09-01,baby,SP,63,66,8918.40
2017-09-01,bed_bath_table,AC,1,1,186.83
2017-09-01,bed_bath_table,AL,2,2,155.99
2017-09-01,bed_bath_table,AP,1,3,372.99
2017-09-01,bed_bath_table,BA,18,19,2397.16
2017-09-01,bed_bath_table,CE,3,3,322.03
2017-09-01,bed_bath_table,DF,9,9,1056.86
2017-09-01,bed_bath_table,ES,11,12,1495.05
2017-09-01,bed_bath_table,GO,13,17,2186.45
2017-09-01,bed_bath_table,MA,3,4,521.76
2017-09-01,bed_bath_table,MG,62,72,9487.31
2017-09-01,bed_bath_table,MS,4,5,678.79
2017-09-01,bed_bath_table,MT,1,1,62.74
2017-09-01,bed_bath_table,PA,3,3,406.27
2017-09-01,bed_bath_table,PB,1,1,143.01
2017-09-01,bed_bath_table,PE,4,7,1425.95
2017-09-01,bed_bath_table,PR,12,14,1996.20
2017-09-01,bed_bath_table,RJ,72,82,9368.80
2017-09-01,bed_bath_table,RO,2,2,337.98
2017-09-01,bed_bath_table,RS,29,37,3377.22
2017-09-01,bed_bath_table,SC,16,20,1966.64
2017-09-01,bed_bath_table,SP,189,214,23776.99
2017-09-01,books_general_interest,DF,3,3,241.50
2017-09-01,books_general_interest,PE,1,1,55.28
2017-09-01,books_general_interest,RJ,1,1,144.40
2017-09-01,books_general_interest,RS,1,1,58.41
2017-09-01,books_general_interest,SP,8,8,650.18
2017-09-01,books_imported,SP,3,4,327.56
2017-09-01,books_technical,CE,1,1,124.14
2017-09-01,books_technical,ES,1,1,101.84
2017-09-01,books_technical,MG,1,1,125.39
2017-09-01,books_technical,MT,1,1,97.12
2017-09-01,books_technical,PE,1,1,144.41
2017-09-01,books_technical,PI,1,1,105.39
2017-09-01,books_technical,SP,2,2,438.62
2017-09-01,christmas_supplies,DF,1,2,150.14
2017-09-01,christmas_supplies,MG,1,1,96.87
2017-09-01,christmas_supplies,SC,1,1,71.27
2017-09-01,cine_photo,SP,1,1,102.84
2017-09-01,computers,AC,1,1,1251.70
2017-09-01,computers,BA,1,1,872.60
2017-09-01,computers,CE,2,2,2783.60
2017-09-01,computers,DF,2,2,2969.19
2017-09-01,computers,GO,1,2,1770.72
2017-09-01,computers,MA,2,2,2624.74
2017-09-01,computers,MG,1,1,1341.55
2017-09-01,computers,MT,1,1,1603.25
2017-09-01,computers,PE,3,3,3843.84
2017-09-01,computers,PI,1,1,810.13
2017-09-01,computers,RO,1,1,1344.36
2017-09-01,computers,RS,2,2,2588.12
2017-09-01,computers,SC,3,3,4306.26
2017-09-01,computers,SP,18,18,24838.09
2017-09-01,computers_accessories,AM,1,1,109.40
2017-09-01,computers_accessories,BA,6,7,565.11
2017-09-01,computers_accessories,CE,5,9,1667.19
2017-09-01,computers_accessories,DF,5,8,760.20
2017-09-01,computers_accessories,ES,1,1,48.69
2017-09-01,computers_accessories,GO,2,3,577.19
2017-09-01,computers_accessories,MG,29,31,3104.11
2017-09-01,computers_accessories,MS,1,1,312.31
2017-09-01,computers_accessories,MT,1,1,65.53
2017-09-01,computers_accessories,PA,4,4,388.48
2017-09-01,computers_accessories,PE,5,5,849.85
2017-09-01,computers_accessories,PI,1,1,104.19
2017-09-01,computers_accessories,PR,10,10,1277.11
2017-09-01,computers_accessories,RJ,32,39,7089.46
2017-09-01,computers_accessories,RN,1,1,84.05
2017-09-01,computers_accessories,RS,19,22,2409.37
2017-09-01,computers_accessories,SC,10,13,1662.84
2017-09-01,computers_accessories,SE,3,4,706.90
2017-09-01,computers_accessories,SP,74,85,11073.07
2017-09-01,computers_accessories,TO,1,1,117.16
2017-09-01,consoles_games,AL,1,1,54.05
2017-09-01,consoles_games,BA,4,4,580.33
2017-09-01,consoles_games,DF,1,1,35.00
2017-09-01,consoles_games,MA,1,1,74.05
2017-09-01,consoles_games,MG,3,3,1172.83
2017-09-01,consoles_games,MS,1,1,46.69
2017-09-01,consoles_games,MT,1,1,115.91
2017-09-01,consoles_games,PB,1,1,355.03
2017-09-01,consoles_games,PR,3,3,92.78
2017-09-01,consoles_games,RJ,11,16,2470.16
2017-09-01,consoles_games,RN,2,2,145.24
2017-09-01,consoles_games,RS,4,4,304.00
2017-09-01,consoles_games,SC,2,2,519.63
2017-09-01,consoles_games,SP,23,23,3248.68
2017-09-01,construction_tools_construction,ES,1,1,71.04
2017-09-01,construction_tools_construction,MG,1,1,190.09
2017-09-01,construction_tools_construction,MS,1,1,346.39
2017-09-01,construction_tools_construction,RJ,1,1,47.17
2017-09-01,construction_tools_construction,RS,1,2,90.00
2017-09-01,construction_tools_construction,SP,2,4,675.53
2017-09-01,construction_tools_lights,SP,1,1,258.98
2017-09-01,construction_tools_safety,GO,2,3,346.17
2017-09-01,construction_tools_safety,SP,2,2,856.12
2017-09-01,cool_stuff,AL,2,2,237.68
2017-09-01,cool_stuff,BA,8,10,1639.00
2017-09-01,cool_stuff,CE,1,1,176.24
2017-09-01,cool_stuff,DF,2,2,395.20
2017-09-01,cool_stuff,ES,4,4,715.24
2017-09-01,cool_stuff,GO,7,7,2556.46
2017-09-01,cool_stuff,MA,1,1,158.38
2017-09-01,cool_stuff,MG,25,25,5223.44
2017-09-01,cool_stuff,MS,1,1,157.32
2017-09-01,cool_stuff,MT,2,2,175.39
2017-09-01,cool_stuff,PA,3,3,402.38
2017-09-01,cool_stuff,PE,2,2,920.17
2017-09-01,cool_stuff,PI,2,2,313.77
2017-09-01,cool_stuff,PR,11,12,1807.95
2017-09-01,cool_stuff,RJ,31,31,6279.25
2017-09-01,cool_stuff,RS,18,19,4190.90
2017-09-01,cool_stuff,SC,7,7,1118.08
2017-09-01,cool_stuff,SE,1,1,723.72
2017-09-01,cool_stuff,SP,67,70,14304.29
2017-09-01,cool_stuff,TO,1,1,864.69
2017-09-01,costruction_tools_garden,RJ,1,2,83.86
2017-09-01,costruction_tools_garden,RN,1,1,75.07
2017-09-01,costruction_tools_garden,RO,1,1,90.75
2017-09-01,costruction_tools_garden,SC,1,1,89.29
2017-09-01,costruction_tools_tools,ES,1,1,36.78
2017-09-01,costruction_tools_tools,SP,2,2,939.30
2017-09-01,drinks,DF,1,1,45.10
2017-09-01,drinks,RJ,1,1,102.36
2017-09-01,drinks,RS,1,1,24.10
2017-09-01,drinks,SP,2,3,142.87
2017-09-01,dvds_blu_ray,RJ,1,1,45.53
2017-09-01,dvds_blu_ray,SP,1,1,45.53
2017-09-01,electronics,AC,1,1,241.08
2017-09-01,electronics,AL,1,1,109.08
2017-09-01,electronics,CE,1,1,185.56
2017-09-01,electronics,DF,1,1,215.05
2017-09-01,electronics,ES,1,1,44.53
2017-09-01,electronics,MG,8,8,1023.23
2017-09-01,electronics,PA,1,1,320.54
2017-09-01,electronics,PI,1,1,130.56
2017-09-01,electronics,PR,6,6,482.11
2017-09-01,electronics,RJ,10,11,725.21
2017-09-01,electronics,RS,6,6,237.10
2017-09-01,electronics,SC,2,2,99.10
2017-09-01,electronics,SE,1,1,62.28
2017-09-01,electronics,SP,25,26,1681.92
2017-09-01,fashio_female_clothing,MG,1,1,62.10
2017-09-01,fashio_female_clothing,PB,1,2,152.16
2017-09-01,fashio_female_clothing,SP,1,1,216.05
2017-09-01,fashion_bags_accessories,BA,6,7,640.46
2017-09-01,fashion_bags_accessories,CE,2,3,461.27
2017-09-01,fashion_bags_accessories,DF,1,1,42.40
2017-09-01,fashion_bags_accessories,ES,6,6,792.74
2017-09-01,fashion_bags_accessories,GO,3,3,200.13
2017-09-01,fashion_bags_accessories,MA,1,2,122.10
2017-09-01,fashion_bags_accessories,MG,10,11,1098.32
2017-09-01,fashion_bags_accessories,MS,1,1,47.62
2017-09-01,fashion_bags_accessories,PA,2,4,276.57
2017-09-01,fashion_bags_accessories,PB,2,4,447.60
2017-09-01,fashion_bags_accessories,PE,3,4,397.10
2017-09-01,fashion_bags_accessories,PR,7,8,1582.78
2017-09-01,fashion_bags_accessories,RJ,9,11,635.20
2017-09-01,fashion_bags_accessories,RS,6,6,965.72
2017-09-01,fashion_bags_accessories,SC,4,4,742.44
2017-09-01,fashion_bags_accessories,SE,1,1,104.58
2017-09-01,fashion_bags_accessories,SP,36,44,5119.24
2017-09-01,fashion_bags_accessories,TO,1,2,91.86
2017-09-01,fashion_childrens_clothes,BA,1,1,107.06
2017-09-01,fashion_male_clothing,BA,2,4,474.32
2017-09-01,fashion_male_clothing,MG,1,2,130.00
2017-09-01,fashion_male_clothing,PR,1,1,85.14
2017-09-01,fashion_male_clothing,RJ,1,1,87.96
2017-09-01,fashion_male_clothing,RS,1,2,80.00
2017-09-01,fashion_male_clothing,SP,4,6,530.77
2017-09-01,fashion_shoes,BA,1,1,104.73
2017-09-01,fashion_shoes,MA,1,1,53.28
2017-09-01,fashion_shoes,MG,3,4,441.99
2017-09-01,fashion_shoes,PE,2,2,301.30
2017-09-01,fashion_shoes,PR,1,1,102.74
2017-09-01,fashion_shoes,RJ,1,1,45.69
2017-09-01,fashion_shoes,SC,1,1,102.74
2017-09-01,fashion_shoes,SP,2,2,197.02
2017-09-01,fashion_sport,MG,1,1,238.70
2017-09-01,fashion_sport,PA,1,4,262.12
2017-09-01,fashion_underwear_beach,BA,1,1,99.70
2017-09-01,fashion_underwear_beach,MG,3,4,373.37
2017-09-01,fashion_underwear_beach,MS,1,1,208.09
2017-09-01,fashion_underwear_beach,PR,1,1,104.28
2017-09-01,fashion_underwear_beach,RJ,1,2,398.06
2017-09-01,fashion_underwear_beach,RS,1,1,199.03
2017-09-01,fashion_underwear_beach,SC,1,1,96.71
2017-09-01,fashion_underwear_beach,SP,5,5,378.94
2017-09-01,fixed_telephony,GO,1,1,31.09
2017-09-01,fixed_telephony,MG,1,1,35.09
2017-09-01,fixed_telephony,RJ,2,9,13711.17
2017-09-01,fixed_telephony,RS,1,1,47.09
2017-09-01,fixed_telephony,SP,1,1,165.75
2017-09-01,food,CE,1,1,37.24
2017-09-01,food,MG,1,1,73.13
2017-09-01,food,PR,2,2,146.26
2017-09-01,food,RJ,4,7,461.46
2017-09-01,food,RS,2,2,146.26
2017-09-01,food,SP,3,4,374.85
2017-09-01,food_drink,MG,1,1,32.03
2017-09-01,food_drink,RJ,2,5,264.96
2017-09-01,food_drink,SP,3,3,147.79
2017-09-01,furniture_bedroom,MG,1,1,108.98
2017-09-01,furniture_bedroom,MT,1,2,627.66
2017-09-01,furniture_bedroom,SP,1,1,187.34
2017-09-01,furniture_decor,BA,6,7,628.35
2017-09-01,furniture_decor,CE,7,11,1075.26
2017-09-01,furniture_decor,DF,6,13,1160.32
2017-09-01,furniture_decor,ES,6,9,1148.40
2017-09-01,furniture_decor,GO,4,5,564.78
2017-09-01,furniture_decor,MA,4,5,926.35
2017-09-01,furniture_decor,MG,21,26,2803.66
2017-09-01,furniture_decor,MT,6,11,940.11
2017-09-01,furniture_decor,PB,4,5,760.80
2017-09-01,furniture_decor,PE,6,7,1006.01
2017-09-01,furniture_decor,PR,10,10,1263.10
2017-09-01,furniture_decor,RJ,48,55,7001.13
2017-09-01,furniture_decor,RN,1,1,56.14
2017-09-01,furniture_decor,RO,2,2,447.47
2017-09-01,furniture_decor,RS,28,38,6001.06
2017-09-01,furniture_decor,SC,10,12,1543.68
2017-09-01,furniture_decor,SP,100,125,10377.74
2017-09-01,furniture_decor,TO,1,1,167.45
2017-09-01,furniture_living_room,MG,1,1,121.00
2017-09-01,furniture_living_room,RJ,4,4,526.19
2017-09-01,furniture_living_room,RS,1,1,388.44
2017-09-01,furniture_living_room,SP,5,5,527.20
2017-09-01,furniture_mattress_and_upholstery,RJ,1,1,133.82
2017-09-01,garden_tools,BA,6,8,801.62
2017-09-01,garden_tools,CE,1,2,313.43
2017-09-01,garden_tools,DF,2,2,730.34
2017-09-01,garden_tools,ES,8,8,976.84
2017-09-01,garden_tools,GO,3,3,282.37
2017-09-01,garden_tools,MA,2,2,643.90
2017-09-01,garden_tools,MG,26,37,3598.81
2017-09-01,garden_tools,MT,2,3,139.21
2017-09-01,garden_tools,PA,2,2,145.37
2017-09-01,garden_tools,PB,2,2,1363.70
2017-09-01,garden_tools,PE,5,6,591.27
2017-09-01,garden_tools,PR,12,17,1578.40
2017-09-01,garden_tools,RJ,26,32,2968.67
2017-09-01,garden_tools,RS,12,15,2128.80
2017-09-01,garden_tools,SC,10,13,1096.31
2017-09-01,garden_tools,SE,1,1,97.87
2017-09-01,garden_tools,SP,54,65,8950.35
2017-09-01,garden_tools,TO,2,4,354.88
2017-09-01,health_beauty,AL,4,4,1174.42
2017-09-01,health_beauty,AM,1,1,58.14
2017-09-01,health_beauty,BA,21,22,3966.52
2017-09-01,health_beauty,CE,5,5,911.10
2017-09-01,health_beauty,DF,11,11,1404.62
2017-09-01,health_beauty,ES,4,4,318.75
2017-09-01,health_beauty,GO,12,12,963.41
2017-09-01,health_beauty,MA,3,3,880.51
2017-09-01,health_beauty,MG,38,39,5646.21
2017-09-01,health_beauty,MS,2,2,150.19
2017-09-01,health_beauty,MT,2,2,477.08
2017-09-01,health_beauty,PA,3,3,394.76
2017-09-01,health_beauty,PB,6,6,1697.16
2017-09-01,health_beauty,PE,8,8,722.02
2017-09-01,health_beauty,PI,2,2,181.38
2017-09-01,health_beauty,PR,19,26,2372.99
2017-09-01,health_beauty,RJ,56,58,9827.64
2017-09-01,health_beauty,RN,5,5,741.38
2017-09-01,health_beauty,RO,2,2,233.49
2017-09-01,health_beauty,RS,15,16,2802.27
2017-09-01,health_beauty,SC,16,18,4356.49
2017-09-01,health_beauty,SE,2,2,454.34
2017-09-01,health_beauty,SP,118,124,18043.77
2017-09-01,health_beauty,TO,1,1,344.55
2017-09-01,home_appliances,ES,2,2,175.28
2017-09-01,home_appliances,MA,2,2,1432.63
2017-09-01,home_appliances,PE,1,1,71.65
2017-09-01,home_appliances,RJ,2,2,288.68
2017-09-01,home_appliances,SP,3,3,229.04
2017-09-01,home_appliances_2,BA,1,1,465.11
2017-09-01,home_appliances_2,DF,1,1,194.07
2017-09-01,home_appliances_2,RJ,1,1,167.35
2017-09-01,home_appliances_2,SC,1,1,320.67
2017-09-01,home_appliances_2,SP,1,1,200.12
2017-09-01,home_appliances_2,TO,1,1,581.30
2017-09-01,home_comfort_2,BA,1,1,29.69
2017-09-01,home_confort,BA,2,2,499.14
2017-09-01,home_confort,CE,1,1,105.84
2017-09-01,home_confort,DF,2,3,199.62
2017-09-01,home_confort,MG,6,6,1074.05
2017-09-01,home_confort,RJ,6,7,939.33
2017-09-01,home_confort,SC,1,1,107.78
2017-09-01,home_confort,SP,7,12,1651.99
2017-09-01,home_confort,TO,1,1,695.61
2017-09-01,home_construction,DF,1,1,240.74
2017-09-01,home_construction,ES,1,1,107.40
2017-09-01,home_construction,GO,1,2,695.38
2017-09-01,home_construction,MG,1,1,107.87
2017-09-01,home_construction,RJ,2,2,176.88
2017-09-01,home_construction,RS,1,1,262.07
2017-09-01,home_construction,SC,1,1,102.26
2017-09-01,home_construction,SP,1,2,66.76
2017-09-01,housewares,AM,1,1,50.05
2017-09-01,housewares,BA,8,8,1432.86
2017-09-01,housewares,CE,2,2,282.29
2017-09-01,housewares,DF,5,6,502.66
2017-09-01,housewares,ES,3,3,195.48
2017-09-01,housewares,GO,3,4,300.92
2017-09-01,housewares,MG,27,28,5294.19
2017-09-01,housewares,MS,2,2,330.52
2017-09-01,housewares,MT,1,1,214.56
2017-09-01,housewares,PE,2,2,120.54
2017-09-01,housewares,PR,8,8,492.66
2017-09-01,housewares,RJ,30,39,2933.85
2017-09-01,housewares,RN,2,2,109.23
2017-09-01,housewares,RS,18,19,1421.10
2017-09-01,housewares,SC,8,8,568.51
2017-09-01,housewares,SP,97,116,10398.93
2017-09-01,industry_commerce_and_business,SC,1,1,125.51
2017-09-01,industry_commerce_and_business,SP,1,1,126.20
2017-09-01,kitchen_dining_laundry_garden_furniture,DF,1,1,229.69
2017-09-01,kitchen_dining_laundry_garden_furniture,SP,3,3,298.19
2017-09-01,luggage_accessories,BA,2,2,148.74
2017-09-01,luggage_accessories,DF,2,2,197.72
2017-09-01,luggage_accessories,MA,1,1,108.73
2017-09-01,luggage_accessories,MG,9,9,1257.13
2017-09-01,luggage_accessories,MS,1,1,136.30
2017-09-01,luggage_accessories,PR,6,6,461.36
2017-09-01,luggage_accessories,RJ,3,3,333.00
2017-09-01,luggage_accessories,RS,2,2,192.88
2017-09-01,luggage_accessories,SP,15,16,2023.83
2017-09-01,market_place,ES,2,2,459.89
2017-09-01,market_place,PI,1,1,64.14
2017-09-01,market_place,PR,1,1,75.07
2017-09-01,market_place,RJ,2,2,149.15
2017-09-01,market_place,SP,5,5,601.37
2017-09-01,musical_instruments,AP,1,1,126.23
2017-09-01,musical_instruments,BA,1,1,396.03
2017-09-01,musical_instruments,GO,1,1,544.90
2017-09-01,musical_instruments,MG,4,7,4622.26
2017-09-01,musical_instruments,PA,1,1,285.45
2017-09-01,musical_instruments,PI,1,2,203.36
2017-09-01,musical_instruments,RJ,2,2,1137.41
2017-09-01,musical_instruments,SC,1,1,331.66
2017-09-01,musical_instruments,SP,10,10,1502.58
2017-09-01,office_furniture,AM,1,1,184.29
2017-09-01,office_furniture,BA,3,3,619.84
2017-09-01,office_furniture,MG,3,10,3046.48
2017-09-01,office_furniture,PE,1,1,296.86
2017-09-01,office_furniture,PR,2,2,480.81
2017-09-01,office_furniture,RJ,7,10,1636.82
2017-09-01,office_furniture,SC,3,6,1000.96
2017-09-01,office_furniture,SP,15,26,3969.06
2017-09-01,office_furniture,TO,1,1,166.87
2017-09-01,party_supplies,RS,1,2,303.20
2017-09-01,perfumery,AL,1,1,78.19
2017-09-01,perfumery,BA,6,6,599.03
2017-09-01,perfumery,CE,4,4,617.27
2017-09-01,perfumery,DF,3,3,507.52
2017-09-01,perfumery,ES,9,16,1058.70
2017-09-01,perfumery,GO,3,3,537.36
2017-09-01,perfumery,MA,1,1,106.38
2017-09-01,perfumery,MG,15,18,1743.81
2017-09-01,perfumery,MS,1,1,28.09
2017-09-01,perfumery,MT,1,2,145.66
2017-09-01,perfumery,PI,2,2,184.57
2017-09-01,perfumery,PR,3,3,285.98
2017-09-01,perfumery,RJ,18,18,2178.48
2017-09-01,perfumery,RN,2,2,172.43
2017-09-01,perfumery,RS,9,9,1328.63
2017-09-01,perfumery,SC,5,5,478.37
2017-09-01,perfumery,SP,52,59,6214.91
2017-09-01,pet_shop,AL,1,1,1942.00
2017-09-01,pet_shop,BA,1,1,132.64
2017-09-01,pet_shop,CE,2,2,167.81
2017-09-01,pet_shop,ES,1,1,309.05
2017-09-01,pet_shop,MA,1,1,188.32
2017-09-01,pet_shop,MG,11,11,799.57
2017-09-01,pet_shop,MT,1,1,143.22
2017-09-01,pet_shop,PE,2,2,215.99
2017-09-01,pet_shop,PR,1,1,76.17
2017-09-01,pet_shop,RJ,10,12,1041.96
2017-09-01,pet_shop,RN,2,6,975.94
2017-09-01,pet_shop,RS,2,2,272.78
2017-09-01,pet_shop,SC,1,1,208.57
2017-09-01,pet_shop,SP,26,29,3401.14
2017-09-01,security_and_services,DF,1,1,115.45
2017-09-01,signaling_and_security,MG,1,1,131.56
2017-09-01,signaling_and_security,RJ,1,1,131.56
2017-09-01,signaling_and_security,SP,3,7,273.43
2017-09-01,small_appliances,AC,1,1,100.91
2017-09-01,small_appliances,BA,1,1,34.72
2017-09-01,small_appliances,CE,1,1,982.85
2017-09-01,small_appliances,DF,1,1,121.78
2017-09-01,small_appliances,MG,3,3,2210.96
2017-09-01,small_appliances,PA,2,2,1278.83
2017-09-01,small_appliances,PR,1,1,916.02
2017-09-01,small_appliances,RJ,3,3,679.21
2017-09-01,small_appliances,RS,1,2,421.20
2017-09-01,small_appliances,SE,1,1,104.80
2017-09-01,small_appliances,SP,14,14,4061.80
2017-09-01,small_appliances_home_oven_and_coffee,PE,1,1,673.47
2017-09-01,sports_leisure,AC,1,1,248.71
2017-09-01,sports_leisure,AL,2,2,530.06
2017-09-01,sports_leisure,AM,1,1,218.71
2017-09-01,sports_leisure,BA,13,15,2129.13
2017-09-01,sports_leisure,CE,6,7,865.89
2017-09-01,sports_leisure,DF,14,14,1870.55
2017-09-01,sports_leisure,ES,6,6,1532.87
2017-09-01,sports_leisure,GO,7,7,954.61
2017-09-01,sports_leisure,MA,4,4,766.84
2017-09-01,sports_leisure,MG,51,59,7148.07
2017-09-01,sports_leisure,MS,7,7,1030.80
2017-09-01,sports_leisure,MT,4,5,592.11
2017-09-01,sports_leisure,PA,6,6,1043.09
2017-09-01,sports_leisure,PB,1,1,65.57
2017-09-01,sports_leisure,PE,10,14,1303.95
2017-09-01,sports_leisure,PI,1,1,231.90
2017-09-01,sports_leisure,PR,21,25,3129.64
2017-09-01,sports_leisure,RJ,45,48,5498.58
2017-09-01,sports_leisure,RN,1,1,418.92
2017-09-01,sports_leisure,RO,3,5,1324.52
2017-09-01,sports_leisure,RS,32,37,3947.85
2017-09-01,sports_leisure,SC,12,13,2429.85
2017-09-01,sports_leisure,SE,2,2,323.61
2017-09-01,sports_leisure,SP,156,170,19602.43
2017-09-01,sports_leisure,TO,2,2,255.51
2017-09-01,stationery,BA,1,1,111.10
2017-09-01,stationery,DF,1,1,85.16
2017-09-01,stationery,ES,2,2,264.90
2017-09-01,stationery,MG,8,10,1129.82
2017-09-01,stationery,MS,2,2,106.64
2017-09-01,stationery,PB,1,2,208.56
2017-09-01,stationery,PE,1,1,102.07
2017-09-01,stationery,PI,1,1,168.81
2017-09-01,stationery,PR,3,3,319.07
2017-09-01,stationery,RJ,9,9,779.91
2017-09-01,stationery,RR,1,1,65.37
2017-09-01,stationery,RS,5,5,555.47
2017-09-01,stationery,SC,5,6,637.10
2017-09-01,stationery,SP,29,31,2668.10
2017-09-01,tablets_printing_image,MG,1,1,51.00
2017-09-01,tablets_printing_image,RJ,2,2,228.88
2017-09-01,telephony,AL,2,2,420.86
2017-09-01,telephony,BA,9,11,1881.98
2017-09-01,telephony,CE,4,5,643.15
2017-09-01,telephony,DF,5,6,503.85
2017-09-01,telephony,ES,6,7,867.24
2017-09-01,telephony,GO,2,3,121.77
2017-09-01,telephony,MA,5,6,925.59
2017-09-01,telephony,MG,17,17,2219.21
2017-09-01,telephony,PA,3,3,383.02
2017-09-01,telephony,PE,6,7,1245.62
2017-09-01,telephony,PI,2,2,94.19
2017-09-01,telephony,PR,8,8,349.01
2017-09-01,telephony,RJ,17,19,2387.16
2017-09-01,telephony,RS,11,11,782.16
2017-09-01,telephony,SC,8,8,848.54
2017-09-01,telephony,SE,1,1,229.65
2017-09-01,telephony,SP,54,57,7281.66
2017-09-01,toys,AL,1,1,131.47
2017-09-01,toys,AM,1,1,105.01
2017-09-01,toys,BA,8,9,851.50
2017-09-01,toys,CE,9,10,871.92
2017-09-01,toys,DF,4,4,473.84
2017-09-01,toys,ES,6,6,910.96
2017-09-01,toys,GO,6,8,974.82
2017-09-01,toys,MA,2,2,234.99
2017-09-01,toys,MG,31,33,3753.53
2017-09-01,toys,MS,4,4,820.05
2017-09-01,toys,MT,2,3,764.95
2017-09-01,toys,PA,1,1,50.65
2017-09-01,toys,PE,6,6,672.22
2017-09-01,toys,PI,4,4,737.87
2017-09-01,toys,PR,9,12,874.25
2017-09-01,toys,RJ,34,36,4951.84
2017-09-01,toys,RN,2,2,180.39
2017-09-01,toys,RO,2,3,866.07
2017-09-01,toys,RS,15,16,2544.34
2017-09-01,toys,SC,6,6,1287.40
2017-09-01,toys,SE,1,1,118.01
2017-09-01,toys,SP,110,120,12732.47
2017-09-01,toys,TO,1,1,108.86
2017-09-01,unknown,AM,1,2,638.66
2017-09-01,unknown,BA,5,7,638.66
2017-09-01,unknown,DF,1,2,180.10
2017-09-01,unknown,ES,1,1,299.20
2017-09-01,unknown,GO,3,3,350.85
2017-09-01,unknown,MA,1,1,64.05
2017-09-01,unknown,MG,11,11,955.75
2017-09-01,unknown,MT,1,1,65.56
2017-09-01,unknown,PB,1,2,165.32
2017-09-01,unknown,PE,1,2,133.58
2017-09-01,unknown,PR,1,1,19.95
2017-09-01,unknown,RJ,5,6,578.97
2017-09-01,unknown,RN,1,1,65.28
2017-09-01,unknown,RO,1,1,47.05
2017-09-01,unknown,RS,1,1,64.72
2017-09-01,unknown,SC,1,1,158.65
2017-09-01,unknown,SP,25,30,2647.52
2017-09-01,watches_gifts,AM,1,1,95.51
2017-09-01,watches_gifts,BA,9,11,1650.05
2017-09-01,watches_gifts,CE,12,13,4604.20
2017-09-01,watches_gifts,DF,2,2,156.01
2017-09-01,watches_gifts,ES,3,4,580.22
2017-09-01,watches_gifts,GO,8,8,977.19
2017-09-01,watches_gifts,MA,3,3,348.26
2017-09-01,watches_gifts,MG,20,20,4789.61
2017-09-01,watches_gifts,MS,2,2,255.98
2017-09-01,watches_gifts,MT,1,1,147.34
2017-09-01,watches_gifts,PA,4,4,486.79
2017-09-01,watches_gifts,PB,2,2,260.97
2017-09-01,watches_gifts,PE,3,3,436.45
2017-09-01,watches_gifts,PI,2,2,243.91
2017-09-01,watches_gifts,PR,11,11,1669.02
2017-09-01,watches_gifts,RJ,46,48,10528.59
2017-09-01,watches_gifts,RN,3,3,995.79
2017-09-01,watches_gifts,RO,1,1,77.19
2017-09-01,watches_gifts,RS,12,12,2523.75
2017-09-01,watches_gifts,SC,5,5,1505.07
2017-09-01,watches_gifts,SP,99,106,16243.76
2017-09-01,watches_gifts,TO,2,2,417.23
2017-10-01,agro_industry_and_commerce,ES,1,1,61.93
2017-10-01,agro_industry_and_commerce,PE,1,1,948.35
2017-10-01,agro_industry_and_commerce,RS,1,1,37.10
2017-10-01,agro_industry_and_commerce,SP,2,2,2511.05
2017-10-01,air_conditioning,CE,1,1,327.31
2017-10-01,air_conditioning,MG,1,1,94.31
2017-10-01,air_conditioning,PR,1,2,395.96
2017-10-01,air_conditioning,RJ,1,1,171.84
2017-10-01,air_conditioning,SP,5,7,1880.48
2017-10-01,art,BA,1,1,138.41
2017-10-01,art,RJ,2,2,262.04
2017-10-01,audio,BA,2,2,76.38
2017-10-01,audio,DF,1,1,85.99
2017-10-01,audio,GO,1,1,104.37
2017-10-01,audio,MG,3,3,203.52
2017-10-01,audio,PE,1,1,156.09
2017-10-01,audio,RJ,6,6,736.43
2017-10-01,audio,RS,2,2,318.42
2017-10-01,audio,SP,15,15,1019.85
2017-10-01,auto,AC,2,2,403.50
2017-10-01,auto,AL,2,3,597.84
2017-10-01,auto,BA,4,4,529.14
2017-10-01,auto,CE,4,4,1013.19
2017-10-01,auto,DF,4,5,488.17
2017-10-01,auto,ES,4,4,317.09
2017-10-01,auto,GO,2,2,593.12
2017-10-01,auto,MG,18,22,2973.24
2017-10-01,auto,MS,2,2,3210.28
2017-10-01,auto,MT,3,4,939.70
2017-10-01,auto,PA,4,4,400.44
2017-10-01,auto,PB,1,1,869.09
2017-10-01,auto,PE,3,3,460.15
2017-10-01,auto,PI,2,2,196.21
2017-10-01,auto,PR,6,6,814.96
2017-10-01,auto,RJ,17,19,2770.07
2017-10-01,auto,RN,1,1,178.47
2017-10-01,auto,RS,6,6,841.08
2017-10-01,auto,SC,6,6,1421.23
2017-10-01,auto,SP,39,48,5805.70
2017-10-01,baby,AL,1,1,234.56
2017-10-01,baby,BA,3,3,520.28
2017-10-01,baby,DF,3,3,243.13
2017-10-01,baby,ES,3,3,286.57
2017-10-01,baby,GO,3,3,1530.15
2017-10-01,baby,MA,2,2,334.29
2017-10-01,baby,MG,9,9,1306.53
2017-10-01,baby,MS,1,1,149.13
2017-10-01,baby,MT,1,1,330.52
2017-10-01,baby,PA,3,4,600.05
2017-10-01,baby,PB,1,1,198.57
2017-10-01,baby,PE,1,1,193.56
2017-10-01,baby,PR,4,4,905.80
2017-10-01,baby,RJ,24,24,2811.01
2017-10-01,baby,RO,1,1,207.73
2017-10-01,baby,RS,10,10,2332.25
2017-10-01,baby,SC,5,5,533.56
2017-10-01,baby,SP,59,62,6908.04
2017-10-01,bed_bath_table,AL,1,1,69.88
2017-10-01,bed_bath_table,BA,7,9,1348.69
2017-10-01,bed_bath_table,CE,7,10,1157.47
2017-10-01,bed_bath_table,DF,10,13,1182.41
2017-10-01,bed_bath_table,ES,12,13,1279.98
2017-10-01,bed_bath_table,GO,8,11,1246.66
2017-10-01,bed_bath_table,MA,1,1,252.97
2017-10-01,bed_bath_table,MG,62,78,7100.86
2017-10-01,bed_bath_table,MS,6,6,526.08
2017-10-01,bed_bath_table,MT,4,4,415.89
2017-10-01,bed_bath_table,PA,1,1,133.05
2017-10-01,bed_bath_table,PB,3,3,336.43
2017-10-01,bed_bath_table,PE,1,1,142.76
2017-10-01,bed_bath_table,PI,1,1,268.88
2017-10-01,bed_bath_table,PR,18,21,2839.76
2017-10-01,bed_bath_table,RJ,86,104,11386.84
2017-10-01,bed_bath_table,RN,2,4,649.22
2017-10-01,bed_bath_table,RS,25,31,3235.69
2017-10-01,bed_bath_table,SC,12,12,1216.31
2017-10-01,bed_bath_table,SE,2,2,281.16
2017-10-01,bed_bath_table,SP,173,216,20138.91
2017-10-01,books_general_interest,BA,1,1,132.53
2017-10-01,books_general_interest,ES,1,1,141.09
2017-10-01,books_general_interest,MG,3,6,367.70
2017-10-01,books_general_interest,RJ,1,1,132.25
2017-10-01,books_general_interest,SP,2,2,156.30
2017-10-01,books_technical,MS,1,1,84.24
2017-10-01,books_technical,PR,1,1,50.10
2017-10-01,books_technical,RJ,1,1,290.37
2017-10-01,books_technical,RS,2,2,272.17
2017-10-01,books_technical,SC,1,1,291.37
2017-10-01,cds_dvds_musicals,RS,1,1,61.11
2017-10-01,christmas_supplies,GO,1,1,71.04
2017-10-01,christmas_supplies,MA,1,1,155.27
2017-10-01,christmas_supplies,MG,1,1,74.05
2017-10-01,christmas_supplies,RN,1,1,53.98
2017-10-01,christmas_supplies,SP,3,8,176.90
2017-10-01,cine_photo,MG,1,1,107.00
2017-10-01,computers,AP,1,1,1482.42
2017-10-01,computers,BA,2,2,2393.62
2017-10-01,computers,CE,1,1,1373.83
2017-10-01,computers,MA,2,2,3123.15
2017-10-01,computers,MG,6,6,8191.68
2017-10-01,computers,MT,1,1,1391.79
2017-10-01,computers,PA,1,1,803.92
2017-10-01,computers,PB,1,1,1372.25
2017-10-01,computers,PR,3,3,6269.57
2017-10-01,computers,RJ,6,6,10714.63
2017-10-01,computers,SP,2,3,4567.08
2017-10-01,computers_accessories,BA,4,4,425.17
2017-10-01,computers_accessories,CE,3,3,236.70
2017-10-01,computers_accessories,DF,4,4,639.31
2017-10-01,computers_accessories,ES,7,7,577.99
2017-10-01,computers_accessories,GO,3,4,663.58
2017-10-01,computers_accessories,MA,2,3,458.83
2017-10-01,computers_accessories,MG,38,40,7563.33
2017-10-01,computers_accessories,MS,3,3,209.09
2017-10-01,computers_accessories,MT,3,4,1190.17
2017-10-01,computers_accessories,PA,7,7,886.50
2017-10-01,computers_accessories,PB,1,1,1229.19
2017-10-01,computers_accessories,PI,1,1,344.03
2017-10-01,computers_accessories,PR,11,11,1690.32
2017-10-01,computers_accessories,RJ,39,47,7960.56
2017-10-01,computers_accessories,RN,1,1,74.28
2017-10-01,computers_accessories,RO,2,2,403.65
2017-10-01,computers_accessories,RS,19,33,6567.17
2017-10-01,computers_accessories,SC,10,11,1975.16
2017-10-01,computers_accessories,SE,2,2,84.02
2017-10-01,computers_accessories,SP,90,118,14630.53
2017-10-01,computers_accessories,TO,3,3,280.86
2017-10-01,consoles_games,BA,4,4,240.69
2017-10-01,consoles_games,DF,6,6,650.49
2017-10-01,consoles_games,ES,3,4,304.09
2017-10-01,consoles_games,GO,4,4,387.20
2017-10-01,consoles_games,MA,1,1,54.05
2017-10-01,consoles_games,MG,8,9,1544.15
2017-10-01,consoles_games,MS,1,1,117.13
2017-10-01,consoles_games,PA,1,1,146.46
2017-10-01,consoles_games,PE,3,3,1849.81
2017-10-01,consoles_games,PR,2,2,86.54
2017-10-01,consoles_games,RJ,13,14,1204.52
2017-10-01,consoles_games,RS,5,5,307.22
2017-10-01,consoles_games,SC,1,1,100.21
2017-10-01,consoles_games,SP,47,50,5038.45
2017-10-01,construction_tools_construction,BA,1,1,127.11
2017-10-01,construction_tools_construction,MG,1,1,153.17
2017-10-01,construction_tools_construction,RJ,4,4,658.12
2017-10-01,construction_tools_construction,RS,2,2,259.21
2017-10-01,construction_tools_construction,SC,1,2,868.54
2017-10-01,construction_tools_construction,SP,6,9,958.68
2017-10-01,construction_tools_lights,MA,1,1,331.20
2017-10-01,construction_tools_lights,MT,1,1,319.90
2017-10-01,construction_tools_safety,CE,1,1,177.20
2017-10-01,construction_tools_safety,MS,1,1,138.51
2017-10-01,construction_tools_safety,PR,2,5,710.68
2017-10-01,construction_tools_safety,RJ,1,1,165.70
2017-10-01,construction_tools_safety,SP,4,4,726.46
2017-10-01,cool_stuff,AL,2,2,321.90
2017-10-01,cool_stuff,BA,4,4,568.22
2017-10-01,cool_stuff,CE,3,4,357.93
2017-10-01,cool_stuff,DF,3,3,847.93
2017-10-01,cool_stuff,ES,8,8,1659.03
2017-10-01,cool_stuff,GO,10,13,3401.96
2017-10-01,cool_stuff,MA,5,5,1036.36
2017-10-01,cool_stuff,MG,33,33,7730.26
2017-10-01,cool_stuff,MS,2,2,607.62
2017-10-01,cool_stuff,MT,5,5,811.75
2017-10-01,cool_stuff,PA,3,3,991.26
2017-10-01,cool_stuff,PB,2,3,916.68
2017-10-01,cool_stuff,PE,5,5,1155.31
2017-10-01,cool_stuff,PI,2,2,335.81
2017-10-01,cool_stuff,PR,11,11,2456.35
2017-10-01,cool_stuff,RJ,29,30,4196.69
2017-10-01,cool_stuff,RN,2,2,916.70
2017-10-01,cool_stuff,RO,2,2,391.97
2017-10-01,cool_stuff,RR,1,1,89.94
2017-10-01,cool_stuff,RS,8,9,2053.73
2017-10-01,cool_stuff,SC,6,6,1393.25
2017-10-01,cool_stuff,SE,3,3,1758.56
2017-10-01,cool_stuff,SP,90,95,15953.85
2017-10-01,cool_stuff,TO,3,3,572.35
2017-10-01,costruction_tools_garden,CE,1,1,57.53
2017-10-01,costruction_tools_garden,MG,2,3,619.61
2017-10-01,costruction_tools_garden,RJ,1,1,51.20
2017-10-01,costruction_tools_garden,SP,4,4,159.82
2017-10-01,costruction_tools_tools,BA,1,1,46.69
2017-10-01,costruction_tools_tools,RS,1,1,229.70
2017-10-01,costruction_tools_tools,SC,1,1,45.00
2017-10-01,costruction_tools_tools,SP,2,2,798.57
2017-10-01,drinks,MG,3,4,257.61
2017-10-01,drinks,RJ,2,3,190.99
2017-10-01,drinks,SP,5,5,304.12
2017-10-01,dvds_blu_ray,RJ,1,1,37.53
2017-10-01,dvds_blu_ray,RO,1,1,46.05
2017-10-01,dvds_blu_ray,RS,1,1,144.47
2017-10-01,dvds_blu_ray,SC,1,1,41.05
2017-10-01,electronics,AL,1,1,62.28
2017-10-01,electronics,BA,1,1,77.98
2017-10-01,electronics,CE,3,3,563.24
2017-10-01,electronics,DF,1,1,85.60
2017-10-01,electronics,ES,2,2,124.57
2017-10-01,electronics,MG,5,6,761.85
2017-10-01,electronics,MT,4,6,389.06
2017-10-01,electronics,PA,1,1,120.06
2017-10-01,electronics,PR,1,1,45.82
2017-10-01,electronics,RJ,7,8,621.72
2017-10-01,electronics,RS,6,6,508.64
2017-10-01,electronics,SC,5,7,217.79
2017-10-01,electronics,SE,1,1,61.28
2017-10-01,electronics,SP,17,18,828.04
2017-10-01,fashion_bags_accessories,BA,2,3,245.67
2017-10-01,fashion_bags_accessories,CE,2,2,182.18
2017-10-01,fashion_bags_accessories,DF,3,3,220.61
2017-10-01,fashion_bags_accessories,GO,5,5,565.99
2017-10-01,fashion_bags_accessories,MA,3,3,265.94
2017-10-01,fashion_bags_accessories,MG,13,13,1426.62
2017-10-01,fashion_bags_accessories,PE,2,2,130.25
2017-10-01,fashion_bags_accessories,PR,4,5,581.30
2017-10-01,fashion_bags_accessories,RJ,6,7,739.82
2017-10-01,fashion_bags_accessories,RN,1,1,285.55
2017-10-01,fashion_bags_accessories,RS,9,9,950.16
2017-10-01,fashion_bags_accessories,SC,2,2,98.19
2017-10-01,fashion_bags_accessories,SP,41,53,3488.53
2017-10-01,fashion_childrens_clothes,SP,1,1,54.09
2017-10-01,fashion_male_clothing,MA,1,1,95.64
2017-10-01,fashion_male_clothing,MG,1,3,163.11
2017-10-01,fashion_male_clothing,PR,2,2,310.26
2017-10-01,fashion_male_clothing,SP,4,4,548.22
2017-10-01,fashion_shoes,BA,2,2,325.07
2017-10-01,fashion_shoes,DF,2,2,265.88
2017-10-01,fashion_shoes,GO,1,1,84.05
2017-10-01,fashion_shoes,MG,2,2,192.31
2017-10-01,fashion_shoes,PE,1,1,113.89
2017-10-01,fashion_shoes,RJ,2,3,249.27
2017-10-01,fashion_shoes,SC,1,1,218.35
2017-10-01,fashion_shoes,SP,4,5,516.26
2017-10-01,fashion_shoes,TO,1,1,229.50
2017-10-01,fashion_sport,SP,1,1,68.62
2017-10-01,fashion_underwear_beach,MG,1,1,65.00
2017-10-01,fashion_underwear_beach,SP,2,2,157.95
2017-10-01,fixed_telephony,AL,1,1,56.05
2017-10-01,fixed_telephony,RJ,1,1,819.32
2017-10-01,fixed_telephony,RS,2,2,1302.04
2017-10-01,fixed_telephony,SP,1,2,312.82
2017-10-01,fixed_telephony,TO,1,1,1415.80
2017-10-01,food,ES,1,1,73.13
2017-10-01,food,MG,1,1,73.13
2017-10-01,food,PE,1,1,171.79
2017-10-01,food,PR,2,2,146.26
2017-10-01,food,RJ,2,2,146.26
2017-10-01,food,SP,5,10,411.85
2017-10-01,food_drink,BA,1,2,129.22
2017-10-01,food_drink,CE,1,1,237.47
2017-10-01,food_drink,MG,2,2,481.08
2017-10-01,food_drink,PI,1,1,237.47
2017-10-01,food_drink,RJ,4,4,196.65
2017-10-01,food_drink,RN,2,2,337.92
2017-10-01,food_drink,SP,4,5,1035.18
2017-10-01,furniture_bedroom,DF,1,1,565.58
2017-10-01,furniture_bedroom,MG,1,1,225.62
2017-10-01,furniture_bedroom,RJ,1,1,308.16
2017-10-01,furniture_decor,AL,1,1,218.55
2017-10-01,furniture_decor,BA,12,15,1112.90
2017-10-01,furniture_decor,CE,1,1,139.28
2017-10-01,furniture_decor,DF,2,4,444.37
2017-10-01,furniture_decor,ES,4,4,352.89
2017-10-01,furniture_decor,GO,5,7,453.45
2017-10-01,furniture_decor,MA,2,4,520.46
2017-10-01,furniture_decor,MG,29,42,3745.43
2017-10-01,furniture_decor,MS,3,6,394.98
2017-10-01,furniture_decor,MT,5,7,800.11
2017-10-01,furniture_decor,PA,4,4,341.63
2017-10-01,furniture_decor,PB,1,1,82.87
2017-10-01,furniture_decor,PE,2,2,382.16
2017-10-01,furniture_decor,PI,1,3,330.69
2017-10-01,furniture_decor,PR,22,36,3429.60
2017-10-01,furniture_decor,RJ,46,64,7903.78
2017-10-01,furniture_decor,RN,1,1,52.05
2017-10-01,furniture_decor,RO,1,1,361.20
2017-10-01,furniture_decor,RS,16,19,2492.94
2017-10-01,furniture_decor,SC,15,20,2165.58
2017-10-01,furniture_decor,SE,1,1,114.89
2017-10-01,furniture_decor,SP,91,130,11468.62
2017-10-01,furniture_decor,TO,1,2,155.70
2017-10-01,furniture_living_room,AC,1,1,132.82
2017-10-01,furniture_living_room,MG,1,2,121.74
2017-10-01,furniture_living_room,MS,1,1,175.40
2017-10-01,furniture_living_room,PR,1,1,241.73
2017-10-01,furniture_living_room,RO,1,1,212.73
2017-10-01,furniture_living_room,RS,2,3,433.85
2017-10-01,furniture_living_room,SP,6,10,690.71
2017-10-01,garden_tools,AM,1,1,65.14
2017-10-01,garden_tools,BA,9,14,2008.26
2017-10-01,garden_tools,CE,2,2,479.27
2017-10-01,garden_tools,DF,3,5,669.23
2017-10-01,garden_tools,ES,7,11,1061.86
2017-10-01,garden_tools,GO,5,8,620.56
2017-10-01,garden_tools,MA,1,1,97.87
2017-10-01,garden_tools,MG,25,30,3478.97
2017-10-01,garden_tools,MT,1,3,238.68
2017-10-01,garden_tools,PA,5,10,1037.49
2017-10-01,garden_tools,PE,4,4,425.75
2017-10-01,garden_tools,PI,1,1,130.13
2017-10-01,garden_tools,PR,11,16,1644.13
2017-10-01,garden_tools,RJ,30,40,5181.44
2017-10-01,garden_tools,RN,1,1,97.87
2017-10-01,garden_tools,RO,1,1,188.82
2017-10-01,garden_tools,RS,19,25,3011.48
2017-10-01,garden_tools,SC,11,12,1259.24
2017-10-01,garden_tools,SE,2,2,371.78
2017-10-01,garden_tools,SP,74,93,10235.87
2017-10-01,health_beauty,AL,4,4,825.85
2017-10-01,health_beauty,AP,1,1,148.22
2017-10-01,health_beauty,BA,12,12,1822.21
2017-10-01,health_beauty,CE,5,5,2415.31
2017-10-01,health_beauty,DF,4,5,646.81
2017-10-01,health_beauty,ES,5,5,554.00
2017-10-01,health_beauty,GO,10,10,2091.97
2017-10-01,health_beauty,MA,6,6,828.14
2017-10-01,health_beauty,MG,35,35,5158.00
2017-10-01,health_beauty,MS,2,5,201.45
2017-10-01,health_beauty,MT,2,2,202.98
2017-10-01,health_beauty,PA,2,2,241.15
2017-10-01,health_beauty,PB,5,5,1334.95
2017-10-01,health_beauty,PE,10,10,1785.93
2017-10-01,health_beauty,PI,3,3,661.87
2017-10-01,health_beauty,PR,11,12,1607.36
2017-10-01,health_beauty,RJ,46,47,6787.61
2017-10-01,health_beauty,RN,3,3,359.16
2017-10-01,health_beauty,RR,1,1,227.24
2017-10-01,health_beauty,RS,14,21,1948.75
2017-10-01,health_beauty,SC,16,18,1956.82
2017-10-01,health_beauty,SE,4,4,1255.42
2017-10-01,health_beauty,SP,120,133,14240.97
2017-10-01,health_beauty,TO,1,1,112.12
2017-10-01,home_appliances,DF,1,1,756.49
2017-10-01,home_appliances,ES,1,1,87.64
2017-10-01,home_appliances,RJ,1,1,92.67
2017-10-01,home_appliances,RR,1,1,207.97
2017-10-01,home_appliances,SC,1,1,164.26
2017-10-01,home_appliances,SP,2,2,782.68
2017-10-01,home_appliances_2,ES,1,1,525.32
2017-10-01,home_appliances_2,PE,1,1,292.28
2017-10-01,home_appliances_2,PI,1,1,674.83
2017-10-01,home_appliances_2,RJ,2,2,245.65
2017-10-01,home_appliances_2,SC,1,1,105.28
2017-10-01,home_appliances_2,SP,3,3,601.28
2017-10-01,home_comfort_2,GO,1,1,28.00
2017-10-01,home_comfort_2,RJ,2,4,112.00
2017-10-01,home_confort,MG,3,3,278.67
2017-10-01,home_confort,PI,1,1,128.08
2017-10-01,home_confort,PR,2,2,399.50
2017-10-01,home_confort,RJ,5,6,781.57
2017-10-01,home_confort,SP,15,15,2484.83
2017-10-01,home_construction,ES,1,1,1025.24
2017-10-01,home_construction,GO,2,2,394.59
2017-10-01,home_construction,MA,1,1,417.45
2017-10-01,home_construction,MG,2,2,732.58
2017-10-01,home_construction,RJ,2,3,267.67
2017-10-01,home_construction,RN,1,1,528.62
2017-10-01,home_construction,RS,1,1,175.27
2017-10-01,home_construction,SC,1,1,257.44
2017-10-01,home_construction,SE,1,1,496.16
2017-10-01,home_construction,SP,3,5,457.19
2017-10-01,housewares,BA,4,4,737.03
2017-10-01,housewares,CE,2,3,356.75
2017-10-01,housewares,DF,3,3,222.47
2017-10-01,housewares,ES,5,5,412.38
2017-10-01,housewares,GO,1,1,86.15
2017-10-01,housewares,MG,18,29,2123.91
2017-10-01,housewares,MS,1,1,40.10
2017-10-01,housewares,MT,1,1,41.79
2017-10-01,housewares,PA,1,1,82.58
2017-10-01,housewares,PE,3,4,703.15
2017-10-01,housewares,PI,1,1,187.69
2017-10-01,housewares,PR,8,9,548.40
2017-10-01,housewares,RJ,24,34,1974.00
2017-10-01,housewares,RN,2,2,400.15
2017-10-01,housewares,RS,8,10,1062.96
2017-10-01,housewares,SC,11,12,1269.17
2017-10-01,housewares,SP,95,109,9831.35
2017-10-01,industry_commerce_and_business,PE,1,1,425.85
2017-10-01,industry_commerce_and_business,RS,2,2,210.60
2017-10-01,industry_commerce_and_business,SP,2,2,1831.73
2017-10-01,kitchen_dining_laundry_garden_furniture,BA,1,1,71.63
2017-10-01,kitchen_dining_laundry_garden_furniture,MG,2,2,321.03
2017-10-01,kitchen_dining_laundry_garden_furniture,MT,1,1,801.84
2017-10-01,kitchen_dining_laundry_garden_furniture,PE,1,1,255.00
2017-10-01,kitchen_dining_laundry_garden_furniture,PR,2,3,1485.51
2017-10-01,kitchen_dining_laundry_garden_furniture,RJ,4,5,721.46
2017-10-01,kitchen_dining_laundry_garden_furniture,SP,3,3,638.94
2017-10-01,la_cuisine,MG,1,1,160.83
2017-10-01,luggage_accessories,BA,3,3,281.31
2017-10-01,luggage_accessories,CE,2,3,526.81
2017-10-01,luggage_accessories,ES,3,3,397.77
2017-10-01,luggage_accessories,GO,1,1,96.80
2017-10-01,luggage_accessories,MG,7,7,734.84
2017-10-01,luggage_accessories,MS,1,1,104.73
2017-10-01,luggage_accessories,MT,1,1,117.92
2017-10-01,luggage_accessories,PA,1,1,321.49
2017-10-01,luggage_accessories,PB,1,1,364.64
2017-10-01,luggage_accessories,PE,2,2,521.97
2017-10-01,luggage_accessories,PR,1,1,255.44
2017-10-01,luggage_accessories,RJ,4,5,525.78
2017-10-01,luggage_accessories,RN,1,1,470.01
2017-10-01,luggage_accessories,RS,1,1,112.89
2017-10-01,luggage_accessories,SC,2,2,145.10
2017-10-01,luggage_accessories,SE,1,1,142.05
2017-10-01,luggage_accessories,SP,20,22,2597.81
2017-10-01,market_place,BA,1,1,45.78
2017-10-01,market_place,CE,1,1,139.90
2017-10-01,market_place,MG,2,2,67.10
2017-10-01,market_place,PB,1,2,382.00
2017-10-01,market_place,RJ,1,1,76.99
2017-10-01,market_place,RS,1,1,48.09
2017-10-01,market_place,SP,3,3,418.26
2017-10-01,music,SP,1,1,70.03
2017-10-01,musical_instruments,BA,1,1,618.82
2017-10-01,musical_instruments,MG,2,2,867.55
2017-10-01,musical_instruments,PB,1,1,856.95
2017-10-01,musical_instruments,PE,1,1,61.88
2017-10-01,musical_instruments,RJ,4,4,1255.27
2017-10-01,musical_instruments,RS,2,2,103.69
2017-10-01,musical_instruments,SP,8,8,3001.66
2017-10-01,office_furniture,AL,1,5,622.50
2017-10-01,office_furniture,BA,5,5,1038.57
2017-10-01,office_furniture,CE,2,2,610.69
2017-10-01,office_furniture,ES,2,3,728.93
2017-10-01,office_furniture,GO,1,1,259.68
2017-10-01,office_furniture,MA,1,5,1223.70
2017-10-01,office_furniture,MG,7,7,1797.36
2017-10-01,office_furniture,MS,1,1,154.19
2017-10-01,office_furniture,MT,2,6,1694.06
2017-10-01,office_furniture,PB,1,1,178.25
2017-10-01,office_furniture,PE,2,2,362.93
2017-10-01,office_furniture,PR,3,3,562.04
2017-10-01,office_furniture,RJ,11,13,2621.60
2017-10-01,office_furniture,RN,1,1,192.05
2017-10-01,office_furniture,RS,2,2,285.71
2017-10-01,office_furniture,SC,1,1,206.84
2017-10-01,office_furniture,SP,26,44,9387.13
2017-10-01,party_supplies,RJ,1,1,84.63
2017-10-01,party_supplies,SP,1,1,79.24
2017-10-01,perfumery,AL,2,2,469.87
2017-10-01,perfumery,BA,5,5,720.68
2017-10-01,perfumery,CE,1,1,110.86
2017-10-01,perfumery,DF,4,4,564.47
2017-10-01,perfumery,ES,6,6,543.25
2017-10-01,perfumery,GO,5,5,409.85
2017-10-01,perfumery,MA,3,3,334.91
2017-10-01,perfumery,MG,17,20,2110.51
2017-10-01,perfumery,MS,1,1,168.20
2017-10-01,perfumery,MT,2,2,176.98
2017-10-01,perfumery,PA,3,3,433.71
2017-10-01,perfumery,PB,2,2,496.10
2017-10-01,perfumery,PE,2,2,293.39
2017-10-01,perfumery,PR,9,9,1072.26
2017-10-01,perfumery,RJ,21,25,3094.32
2017-10-01,perfumery,RS,8,9,832.79
2017-10-01,perfumery,SC,4,4,220.37
2017-10-01,perfumery,SP,79,83,7867.73
2017-10-01,perfumery,TO,1,1,112.12
2017-10-01,pet_shop,BA,3,4,305.19
2017-10-01,pet_shop,CE,1,1,229.91
2017-10-01,pet_shop,DF,2,2,296.67
2017-10-01,pet_shop,GO,2,2,338.94
2017-10-01,pet_shop,MA,1,1,115.92
2017-10-01,pet_shop,MG,9,11,2325.31
2017-10-01,pet_shop,PA,1,1,337.27
2017-10-01,pet_shop,PE,1,1,466.81
2017-10-01,pet_shop,PR,4,6,483.73
2017-10-01,pet_shop,RJ,7,7,787.45
2017-10-01,pet_shop,RS,1,1,157.22
2017-10-01,pet_shop,SC,4,4,377.50
2017-10-01,pet_shop,SP,28,35,3402.06
2017-10-01,signaling_and_security,BA,1,1,133.25
2017-10-01,signaling_and_security,MG,1,1,131.56
2017-10-01,signaling_and_security,RJ,2,2,264.13
2017-10-01,signaling_and_security,SP,3,6,378.76
2017-10-01,small_appliances,CE,1,1,65.79
2017-10-01,small_appliances,MG,5,6,2397.23
2017-10-01,small_appliances,PR,3,3,581.70
2017-10-01,small_appliances,RJ,5,5,732.05
2017-10-01,small_appliances,RS,2,3,910.01
2017-10-01,small_appliances,SC,3,3,379.02
2017-10-01,small_appliances,SE,1,1,91.50
2017-10-01,small_appliances,SP,10,10,1967.34
2017-10-01,sports_leisure,AC,2,2,327.48
2017-10-01,sports_leisure,AL,5,5,757.60
2017-10-01,sports_leisure,BA,14,15,3259.41
2017-10-01,sports_leisure,CE,4,4,625.57
2017-10-01,sports_leisure,DF,9,10,762.50
2017-10-01,sports_leisure,ES,8,9,626.56
2017-10-01,sports_leisure,GO,11,15,2023.35
2017-10-01,sports_leisure,MA,5,5,483.99
2017-10-01,sports_leisure,MG,58,67,5854.18
2017-10-01,sports_leisure,MS,3,4,391.96
2017-10-01,sports_leisure,MT,3,3,283.89
2017-10-01,sports_leisure,PA,5,5,1150.16
2017-10-01,sports_leisure,PB,1,1,274.47
2017-10-01,sports_leisure,PE,10,10,3162.89
2017-10-01,sports_leisure,PI,1,1,81.22
2017-10-01,sports_leisure,PR,15,16,1986.77
2017-10-01,sports_leisure,RJ,60,63,7951.96
2017-10-01,sports_leisure,RS,21,23,3194.48
2017-10-01,sports_leisure,SC,17,18,2202.09
2017-10-01,sports_leisure,SP,165,186,21396.65
2017-10-01,stationery,AL,2,2,174.31
2017-10-01,stationery,BA,7,7,799.40
2017-10-01,stationery,DF,2,2,120.18
2017-10-01,stationery,ES,4,4,312.20
2017-10-01,stationery,GO,1,2,202.76
2017-10-01,stationery,MG,5,6,571.04
2017-10-01,stationery,MT,1,1,88.72
2017-10-01,stationery,PE,2,2,449.58
2017-10-01,stationery,PR,5,7,497.96
2017-10-01,stationery,RJ,16,16,2154.28
2017-10-01,stationery,RN,1,1,137.24
2017-10-01,stationery,RS,6,6,633.37
2017-10-01,stationery,SC,2,2,183.04
2017-10-01,stationery,SP,35,38,3206.31
2017-10-01,tablets_printing_image,SP,1,1,111.19
2017-10-01,telephony,AL,1,1,305.77
2017-10-01,telephony,AM,1,1,45.28
2017-10-01,telephony,BA,18,21,2655.31
2017-10-01,telephony,CE,6,6,814.40
2017-10-01,telephony,DF,5,7,840.39
2017-10-01,telephony,ES,1,1,39.09
2017-10-01,telephony,GO,3,5,176.09
2017-10-01,telephony,MA,7,9,1297.86
2017-10-01,telephony,MG,29,34,2469.90
2017-10-01,telephony,PA,4,4,196.48
2017-10-01,telephony,PB,3,3,214.58
2017-10-01,telephony,PE,7,8,1125.25
2017-10-01,telephony,PI,2,3,759.94
2017-10-01,telephony,PR,11,12,1692.54
2017-10-01,telephony,RJ,22,23,3617.15
2017-10-01,telephony,RN,1,1,307.46
2017-10-01,telephony,RO,1,1,51.14
2017-10-01,telephony,RS,11,11,726.05
2017-10-01,telephony,SC,6,6,474.04
2017-10-01,telephony,SE,2,2,217.26
2017-10-01,telephony,SP,78,84,6550.80
2017-10-01,telephony,TO,1,1,40.53
2017-10-01,toys,AM,1,1,54.14
2017-10-01,toys,AP,1,1,66.10
2017-10-01,toys,BA,11,11,1848.12
2017-10-01,toys,DF,5,5,530.11
2017-10-01,toys,ES,7,7,953.38
2017-10-01,toys,GO,13,16,2247.48
2017-10-01,toys,MG,33,34,4710.49
2017-10-01,toys,MT,1,2,106.79
2017-10-01,toys,PA,3,3,305.53
2017-10-01,toys,PE,3,3,1003.19
2017-10-01,toys,PI,5,5,618.19
2017-10-01,toys,PR,10,10,1433.15
2017-10-01,toys,RJ,45,50,7263.69
2017-10-01,toys,RO,2,2,247.58
2017-10-01,toys,RS,10,10,1751.06
2017-10-01,toys,SC,14,14,1751.77
2017-10-01,toys,SE,1,1,106.39
2017-10-01,toys,SP,107,108,13269.45
2017-10-01,unknown,AL,1,1,309.25
2017-10-01,unknown,BA,2,2,329.16
2017-10-01,unknown,CE,1,1,313.39
2017-10-01,unknown,GO,3,3,158.62
2017-10-01,unknown,MA,2,2,1098.98
2017-10-01,unknown,MG,8,8,2162.68
2017-10-01,unknown,MS,1,1,45.09
2017-10-01,unknown,PB,2,2,2227.65
2017-10-01,unknown,PE,1,1,2066.34
2017-10-01,unknown,PR,4,5,492.09
2017-10-01,unknown,RJ,10,10,1309.13
2017-10-01,unknown,RS,1,4,966.40
2017-10-01,unknown,SC,1,1,56.69
2017-10-01,unknown,SP,20,26,6211.98
2017-10-01,unknown,TO,1,1,319.09
2017-10-01,watches_gifts,AL,3,3,1315.37
2017-10-01,watches_gifts,BA,10,11,2502.30
2017-10-01,watches_gifts,CE,7,7,1826.61
2017-10-01,watches_gifts,DF,14,14,3602.71
2017-10-01,watches_gifts,ES,3,3,221.57
2017-10-01,watches_gifts,GO,5,5,1041.28
2017-10-01,watches_gifts,MG,32,32,9052.52
2017-10-01,watches_gifts,MS,2,7,583.59
2017-10-01,watches_gifts,MT,8,8,2550.34
2017-10-01,watches_gifts,PA,2,2,192.58
2017-10-01,watches_gifts,PB,1,1,180.82
2017-10-01,watches_gifts,PE,5,8,990.94
2017-10-01,watches_gifts,PR,9,10,1687.01
2017-10-01,watches_gifts,RJ,34,37,7949.69
2017-10-01,watches_gifts,RN,2,2,311.29
2017-10-01,watches_gifts,RO,1,1,180.82
2017-10-01,watches_gifts,RS,20,20,4695.30
2017-10-01,watches_gifts,SC,12,13,3179.50
2017-10-01,watches_gifts,SE,2,2,142.82
2017-10-01,watches_gifts,SP,110,122,27563.88
2017-11-01,agro_industry_and_commerce,BA,1,2,860.40
2017-11-01,agro_industry_and_commerce,ES,1,1,425.24
2017-11-01,agro_industry_and_commerce,MG,1,6,6081.54
2017-11-01,agro_industry_and_commerce,PE,1,1,3184.55
2017-11-01,agro_industry_and_commerce,PR,1,1,435.59
2017-11-01,agro_industry_and_commerce,RJ,2,2,1413.17
2017-11-01,agro_industry_and_commerce,RS,1,1,442.75
2017-11-01,agro_industry_and_commerce,SP,5,5,1767.08
2017-11-01,air_conditioning,MA,1,1,222.71
2017-11-01,air_conditioning,MG,1,1,46.48
2017-11-01,air_conditioning,PI,1,1,134.50
2017-11-01,air_conditioning,RJ,3,3,722.85
2017-11-01,air_conditioning,RS,1,1,329.38
2017-11-01,air_conditioning,SP,9,12,3057.64
2017-11-01,art,MG,1,1,92.78
2017-11-01,audio,AL,1,1,36.05
2017-11-01,audio,BA,2,2,131.40
2017-11-01,audio,DF,1,1,34.00
2017-11-01,audio,ES,1,1,29.00
2017-11-01,audio,MG,3,3,349.36
2017-11-01,audio,MS,1,1,206.99
2017-11-01,audio,PR,1,1,34.00
2017-11-01,audio,RJ,7,7,1139.55
2017-11-01,audio,RS,4,4,300.99
2017-11-01,audio,SC,1,1,206.99
2017-11-01,audio,SP,11,14,1726.81
2017-11-01,auto,AC,2,2,258.41
2017-11-01,auto,AL,1,1,137.65
2017-11-01,auto,BA,5,5,424.08
2017-11-01,auto,CE,6,7,681.99
2017-11-01,auto,DF,6,6,896.15
2017-11-01,auto,ES,4,4,475.90
2017-11-01,auto,GO,2,2,489.04
2017-11-01,auto,MA,2,2,954.20
2017-11-01,auto,MG,24,24,2663.15
2017-11-01,auto,MS,1,1,24.30
2017-11-01,auto,MT,4,4,467.69
2017-11-01,auto,PA,1,1,238.00
2017-11-01,auto,PE,7,9,886.08
2017-11-01,auto,PI,2,2,687.88
2017-11-01,auto,PR,16,17,3169.10
2017-11-01,auto,RJ,36,40,9275.62
2017-11-01,auto,RO,2,2,1071.57
2017-11-01,auto,RS,6,7,1176.88
2017-11-01,auto,SC,13,15,2267.41
2017-11-01,auto,SE,1,1,96.38
2017-11-01,auto,SP,100,107,13400.59
2017-11-01,auto,TO,1,1,625.59
2017-11-01,baby,AC,1,1,298.30
2017-11-01,baby,AM,1,1,55.28
2017-11-01,baby,BA,7,7,747.85
2017-11-01,baby,CE,1,1,466.19
2017-11-01,baby,DF,5,5,791.72
2017-11-01,baby,ES,3,3,422.73
2017-11-01,baby,GO,2,2,216.08
2017-11-01,baby,MA,3,3,1067.67
2017-11-01,baby,MG,25,26,3051.31
2017-11-01,baby,MS,2,2,462.21
2017-11-01,baby,MT,2,2,460.28
2017-11-01,baby,PA,1,1,328.24
2017-11-01,baby,PB,2,2,443.76
2017-11-01,baby,PE,2,2,224.73
2017-11-01,baby,PI,1,1,269.25
2017-11-01,baby,PR,8,10,1491.87
2017-11-01,baby,RJ,17,18,2254.62
2017-11-01,baby,RN,1,1,86.24
2017-11-01,baby,RS,19,20,2308.95
2017-11-01,baby,SC,9,10,1214.04
2017-11-01,baby,SE,2,2,350.41
2017-11-01,baby,SP,70,77,7922.68
2017-11-01,bed_bath_table,BA,19,24,2558.85
2017-11-01,bed_bath_table,CE,6,8,719.64
2017-11-01,bed_bath_table,DF,10,11,1489.95
2017-11-01,bed_bath_table,ES,21,28,3251.21
2017-11-01,bed_bath_table,GO,17,20,1769.33
2017-11-01,bed_bath_table,MA,2,2,250.04
2017-11-01,bed_bath_table,MG,101,122,13038.61
2017-11-01,bed_bath_table,MS,4,5,632.13
2017-11-01,bed_bath_table,MT,6,7,797.30
2017-11-01,bed_bath_table,PA,1,2,249.76
2017-11-01,bed_bath_table,PB,1,2,344.34
2017-11-01,bed_bath_table,PE,9,9,1211.44
2017-11-01,bed_bath_table,PI,1,1,75.57
2017-11-01,bed_bath_table,PR,45,50,6015.92
2017-11-01,bed_bath_table,RJ,158,194,21485.79
2017-11-01,bed_bath_table,RN,1,1,143.10
2017-11-01,bed_bath_table,RO,1,1,218.91
2017-11-01,bed_bath_table,RS,48,53,5944.44
2017-11-01,bed_bath_table,SC,19,25,2017.61
2017-11-01,bed_bath_table,SE,1,1,137.24
2017-11-01,bed_bath_table,SP,332,393,42370.26
2017-11-01,bed_bath_table,TO,1,2,242.14
2017-11-01,books_general_interest,BA,1,1,55.53
2017-11-01,books_general_interest,MA,1,1,56.15
2017-11-01,books_general_interest,MG,1,1,89.28
2017-11-01,books_general_interest,PR,3,3,409.60
2017-11-01,books_general_interest,RJ,4,4,252.60
2017-11-01,books_general_interest,RN,2,2,84.54
2017-11-01,books_general_interest,RO,1,1,67.66
2017-11-01,books_general_interest,RS,3,3,316.02
2017-11-01,books_general_interest,SC,2,2,281.45
2017-11-01,books_general_interest,SP,19,19,1572.44
2017-11-01,books_imported,RS,1,1,92.29
2017-11-01,books_imported,SP,1,2,188.92
2017-11-01,books_technical,CE,1,1,153.17
2017-11-01,books_technical,DF,1,2,378.63
2017-11-01,books_technical,RJ,1,1,141.64
2017-11-01,books_technical,SP,2,2,190.38
2017-11-01,cds_dvds_musicals,SP,3,3,224.82
2017-11-01,christmas_supplies,GO,1,1,295.63
2017-11-01,christmas_supplies,MG,4,5,521.76
2017-11-01,christmas_supplies,MS,1,2,68.49
2017-11-01,christmas_supplies,PR,3,3,182.72
2017-11-01,christmas_supplies,RJ,2,3,132.18
2017-11-01,christmas_supplies,RS,1,1,162.91
2017-11-01,christmas_supplies,SC,2,2,87.41
2017-11-01,christmas_supplies,SP,4,5,289.86
2017-11-01,cine_photo,RJ,1,1,259.94
2017-11-01,computers,AM,1,1,1384.74
2017-11-01,computers,CE,1,1,1479.51
2017-11-01,computers,DF,1,1,1373.83
2017-11-01,computers,MG,3,3,4430.53
2017-11-01,computers,SC,1,1,1391.79
2017-11-01,computers_accessories,AL,4,7,1584.48
2017-11-01,computers_accessories,AM,1,1,325.47
2017-11-01,computers_accessories,BA,11,19,3025.58
2017-11-01,computers_accessories,CE,4,4,803.35
2017-11-01,computers_accessories,DF,12,16,3955.68
2017-11-01,computers_accessories,ES,11,12,2236.08
2017-11-01,computers_accessories,GO,11,13,1749.81
2017-11-01,computers_accessories,MA,3,4,1454.30
2017-11-01,computers_accessories,MG,51,56,11529.72
2017-11-01,computers_accessories,MS,4,5,339.00
2017-11-01,computers_accessories,MT,6,7,3346.38
2017-11-01,computers_accessories,PA,3,3,472.36
2017-11-01,computers_accessories,PB,1,1,287.64
2017-11-01,computers_accessories,PE,10,11,1452.97
2017-11-01,computers_accessories,PI,3,3,450.74
2017-11-01,computers_accessories,PR,26,37,4908.99
2017-11-01,computers_accessories,RJ,56,67,8213.58
2017-11-01,computers_accessories,RN,4,6,506.63
2017-11-01,computers_accessories,RS,28,36,4986.97
2017-11-01,computers_accessories,SC,18,19,2314.72
2017-11-01,computers_accessories,SE,1,1,67.28
2017-11-01,computers_accessories,SP,163,184,25899.20
2017-11-01,consoles_games,BA,3,3,199.72
2017-11-01,consoles_games,DF,4,4,329.22
2017-11-01,consoles_games,ES,3,3,133.21
2017-11-01,consoles_games,GO,2,2,96.39
2017-11-01,consoles_games,MG,16,16,2116.46
2017-11-01,consoles_games,MS,2,2,176.28
2017-11-01,consoles_games,MT,1,1,473.62
2017-11-01,consoles_games,PA,1,1,96.82
2017-11-01,consoles_games,PB,1,1,58.65
2017-11-01,consoles_games,PE,2,2,266.38
2017-11-01,consoles_games,PR,3,4,392.12
2017-11-01,consoles_games,RJ,18,19,1506.33
2017-11-01,consoles_games,RN,2,2,839.73
2017-11-01,consoles_games,RS,7,7,889.42
2017-11-01,consoles_games,SC,4,4,570.91
2017-11-01,consoles_games,SE,1,2,146.30
2017-11-01,consoles_games,SP,53,55,5581.20
2017-11-01,construction_tools_construction,AL,1,1,1359.40
2017-11-01,construction_tools_construction,BA,1,2,112.58
2017-11-01,construction_tools_construction,DF,1,1,310.21
2017-11-01,construction_tools_construction,GO,2,2,646.13
2017-11-01,construction_tools_construction,MG,9,10,1787.30
2017-11-01,construction_tools_construction,PE,1,3,1427.25
2017-11-01,construction_tools_construction,PR,3,4,305.08
2017-11-01,construction_tools_construction,RJ,5,7,865.26
2017-11-01,construction_tools_construction,RO,1,1,453.50
2017-11-01,construction_tools_construction,RS,3,4,630.63
2017-11-01,construction_tools_construction,SP,9,12,698.95
2017-11-01,construction_tools_lights,DF,1,1,300.49
2017-11-01,construction_tools_lights,GO,1,1,312.49
2017-11-01,construction_tools_lights,MG,3,3,937.47
2017-11-01,construction_tools_lights,RJ,2,3,491.40
2017-11-01,construction_tools_lights,SP,2,2,565.14
2017-11-01,construction_tools_safety,CE,1,1,377.63
2017-11-01,construction_tools_safety,GO,1,1,146.57
2017-11-01,construction_tools_safety,MG,3,3,385.33
2017-11-01,construction_tools_safety,PR,1,1,216.05
2017-11-01,construction_tools_safety,RJ,1,1,97.22
2017-11-01,construction_tools_safety,SC,1,1,92.19
2017-11-01,construction_tools_safety,SP,4,6,2192.72
2017-11-01,cool_stuff,BA,12,13,2252.43
2017-11-01,cool_stuff,CE,3,3,1682.84
2017-11-01,cool_stuff,DF,9,9,1814.25
2017-11-01,cool_stuff,ES,7,7,1660.26
2017-11-01,cool_stuff,GO,6,6,1716.36
2017-11-01,cool_stuff,MA,5,5,3022.58
2017-11-01,cool_stuff,MG,37,39,7627.30
2017-11-01,cool_stuff,MS,1,1,168.61
2017-11-01,cool_stuff,MT,2,2,340.17
2017-11-01,cool_stuff,PA,5,5,761.28
2017-11-01,cool_stuff,PB,2,2,333.97
2017-11-01,cool_stuff,PE,2,2,327.84
2017-11-01,cool_stuff,PI,1,1,155.45
2017-11-01,cool_stuff,PR,11,13,1871.65
2017-11-01,cool_stuff,RJ,41,41,8861.17
2017-11-01,cool_stuff,RN,2,2,319.61
2017-11-01,cool_stuff,RO,1,1,259.94
2017-11-01,cool_stuff,RS,20,21,5430.75
2017-11-01,cool_stuff,SC,9,11,2437.55
2017-11-01,cool_stuff,SE,3,3,1349.81
2017-11-01,cool_stuff,SP,106,109,19615.26
2017-11-01,cool_stuff,TO,1,1,253.98
2017-11-01,costruction_tools_garden,BA,2,3,616.33
2017-11-01,costruction_tools_garden,CE,1,1,83.14
2017-11-01,costruction_tools_garden,DF,2,2,191.09
2017-11-01,costruction_tools_garden,MG,2,4,209.50
2017-11-01,costruction_tools_garden,PI,1,1,85.95
2017-11-01,costruction_tools_garden,RJ,1,1,36.51
2017-11-01,costruction_tools_garden,RN,1,1,87.66
2017-11-01,costruction_tools_garden,SP,4,4,268.47
2017-11-01,costruction_tools_tools,BA,1,2,93.38
2017-11-01,costruction_tools_tools,RJ,1,1,168.20
2017-11-01,costruction_tools_tools,SP,2,2,87.96
2017-11-01,drinks,AL,1,1,49.64
2017-11-01,drinks,MG,1,1,59.59
2017-11-01,drinks,RS,1,2,162.42
2017-11-01,drinks,SC,2,2,87.68
2017-11-01,drinks,SP,9,12,553.58
2017-11-01,dvds_blu_ray,MG,1,1,54.09
2017-11-01,dvds_blu_ray,RJ,1,1,37.53
2017-11-01,dvds_blu_ray,RS,1,1,54.05
2017-11-01,electronics,AM,2,2,68.85
2017-11-01,electronics,AP,1,2,277.96
2017-11-01,electronics,BA,5,5,445.69
2017-11-01,electronics,CE,2,3,573.29
2017-11-01,electronics,DF,2,2,97.06
2017-11-01,electronics,ES,7,8,454.51
2017-11-01,electronics,GO,2,2,90.05
2017-11-01,electronics,MA,1,1,51.57
2017-11-01,electronics,MG,17,18,1276.59
2017-11-01,electronics,PA,2,2,92.56
2017-11-01,electronics,PB,2,2,124.85
2017-11-01,electronics,PE,2,2,122.16
2017-11-01,electronics,PI,2,2,97.13
2017-11-01,electronics,PR,16,16,552.47
2017-11-01,electronics,RJ,19,19,1814.18
2017-11-01,electronics,RR,1,1,39.03
2017-11-01,electronics,RS,8,8,289.80
2017-11-01,electronics,SC,8,10,562.11
2017-11-01,electronics,SP,62,74,5695.14
2017-11-01,electronics,TO,2,3,160.15
2017-11-01,fashio_female_clothing,MG,1,1,45.09
2017-11-01,fashio_female_clothing,SP,1,1,39.08
2017-11-01,fashion_bags_accessories,BA,5,5,478.90
2017-11-01,fashion_bags_accessories,DF,1,1,54.00
2017-11-01,fashion_bags_accessories,ES,4,6,404.78
2017-11-01,fashion_bags_accessories,GO,6,6,541.71
2017-11-01,fashion_bags_accessories,MA,2,2,141.62
2017-11-01,fashion_bags_accessories,MG,24,25,3222.11
2017-11-01,fashion_bags_accessories,MS,1,1,47.62
2017-11-01,fashion_bags_accessories,MT,2,2,150.91
2017-11-01,fashion_bags_accessories,PA,4,4,341.64
2017-11-01,fashion_bags_accessories,PE,4,4,493.16
2017-11-01,fashion_bags_accessories,PR,5,5,359.57
2017-11-01,fashion_bags_accessories,RJ,15,17,1397.59
2017-11-01,fashion_bags_accessories,RS,10,12,1009.56
2017-11-01,fashion_bags_accessories,SC,9,9,636.29
2017-11-01,fashion_bags_accessories,SP,84,92,6081.60
2017-11-01,fashion_bags_accessories,TO,2,2,146.30
2017-11-01,fashion_male_clothing,MG,2,2,140.08
2017-11-01,fashion_male_clothing,RJ,1,1,76.08
2017-11-01,fashion_male_clothing,SC,1,1,76.08
2017-11-01,fashion_male_clothing,SP,6,7,749.44
2017-11-01,fashion_shoes,BA,1,1,104.73
2017-11-01,fashion_shoes,MG,5,6,543.58
2017-11-01,fashion_shoes,MT,1,1,178.25
2017-11-01,fashion_shoes,PA,1,1,113.89
2017-11-01,fashion_shoes,PR,1,1,102.74
2017-11-01,fashion_shoes,RJ,1,1,218.35
2017-11-01,fashion_shoes,RS,2,2,205.48
2017-11-01,fashion_shoes,SP,5,6,565.51
2017-11-01,fashion_sport,SP,1,1,67.68
2017-11-01,fashion_underwear_beach,BA,2,2,373.25
2017-11-01,fashion_underwear_beach,PI,1,1,186.86
2017-11-01,fashion_underwear_beach,RJ,3,3,328.02
2017-11-01,fashion_underwear_beach,RS,1,1,170.84
2017-11-01,fashion_underwear_beach,SP,3,3,332.89
2017-11-01,fixed_telephony,BA,1,1,32.78
2017-11-01,fixed_telephony,PA,1,1,614.49
2017-11-01,fixed_telephony,PB,1,1,273.06
2017-11-01,fixed_telephony,SP,2,2,116.15
2017-11-01,flowers,MG,1,1,31.90
2017-11-01,flowers,RJ,3,3,109.53
2017-11-01,flowers,SP,2,2,127.86
2017-11-01,food,ES,1,1,79.69
2017-11-01,food,PR,1,1,73.13
2017-11-01,food,RJ,1,1,65.10
2017-11-01,food,SP,7,11,444.13
2017-11-01,food_drink,BA,1,1,129.95
2017-11-01,food_drink,DF,1,1,139.28
2017-11-01,food_drink,ES,1,1,67.49
2017-11-01,food_drink,MA,1,1,103.00
2017-11-01,food_drink,MG,1,1,66.23
2017-11-01,food_drink,MS,1,1,33.70
2017-11-01,food_drink,PE,2,2,470.62
2017-11-01,food_drink,PR,3,4,354.87
2017-11-01,food_drink,RJ,6,6,601.08
2017-11-01,food_drink,SE,1,1,135.50
2017-11-01,food_drink,SP,10,14,929.63
2017-11-01,furniture_bedroom,BA,1,1,209.98
2017-11-01,furniture_bedroom,MG,1,1,578.38
2017-11-01,furniture_bedroom,SP,1,1,262.10
2017-11-01,furniture_decor,AC,1,1,343.08
2017-11-01,furniture_decor,AL,2,5,810.71
2017-11-01,furniture_decor,BA,19,26,2319.81
2017-11-01,furniture_decor,CE,8,11,1526.83
2017-11-01,furniture_decor,DF,8,8,752.25
2017-11-01,furniture_decor,ES,13,15,1614.83
2017-11-01,furniture_decor,GO,12,17,1885.92
2017-11-01,furniture_decor,MA,7,7,870.85
2017-11-01,furniture_decor,MG,61,86,8450.43
2017-11-01,furniture_decor,MS,2,4,312.67
2017-11-01,furniture_decor,MT,2,2,156.66
2017-11-01,furniture_decor,PA,3,5,510.41
2017-11-01,furniture_decor,PE,9,15,1494.86
2017-11-01,furniture_decor,PI,2,3,232.23
2017-11-01,furniture_decor,PR,32,63,6399.07
2017-11-01,furniture_decor,RJ,76,109,10681.99
2017-11-01,furniture_decor,RN,4,4,1043.40
2017-11-01,furniture_decor,RS,27,37,3995.76
2017-11-01,furniture_decor,SC,12,17,1311.76
2017-11-01,furniture_decor,SE,2,3,1185.50
2017-11-01,furniture_decor,SP,233,328,30634.45
2017-11-01,furniture_decor,TO,1,1,154.45
2017-11-01,furniture_living_room,BA,1,1,124.07
2017-11-01,furniture_living_room,MA,1,1,190.54
2017-11-01,furniture_living_room,MG,7,7,2410.13
2017-11-01,furniture_living_room,MS,1,1,224.75
2017-11-01,furniture_living_room,PR,1,1,53.83
2017-11-01,furniture_living_room,RJ,3,3,1120.39
2017-11-01,furniture_living_room,SP,15,25,3534.19
2017-11-01,furniture_mattress_and_upholstery,RJ,1,1,124.52
2017-11-01,furniture_mattress_and_upholstery,RN,1,1,288.29
2017-11-01,garden_tools,AL,1,1,97.87
2017-11-01,garden_tools,BA,20,28,2759.90
2017-11-01,garden_tools,CE,7,9,780.53
2017-11-01,garden_tools,DF,6,7,1513.96
2017-11-01,garden_tools,ES,10,13,1404.24
2017-11-01,garden_tools,GO,6,6,953.98
2017-11-01,garden_tools,MA,2,5,291.17
2017-11-01,garden_tools,MG,69,86,7614.54
2017-11-01,garden_tools,MS,3,3,943.40
2017-11-01,garden_tools,MT,3,9,1190.12
2017-11-01,garden_tools,PA,2,3,417.06
2017-11-01,garden_tools,PB,1,1,97.87
2017-11-01,garden_tools,PE,6,7,576.68
2017-11-01,garden_tools,PI,2,2,195.74
2017-11-01,garden_tools,PR,21,27,2110.35
2017-11-01,garden_tools,RJ,75,92,9616.71
2017-11-01,garden_tools,RN,1,2,173.94
2017-11-01,garden_tools,RO,1,1,202.51
2017-11-01,garden_tools,RS,29,32,6825.76
2017-11-01,garden_tools,SC,22,34,2635.12
2017-11-01,garden_tools,SE,2,2,173.91
2017-11-01,garden_tools,SP,139,173,15410.92
2017-11-01,garden_tools,TO,2,4,451.06
2017-11-01,health_beauty,AL,3,3,632.10
2017-11-01,health_beauty,AP,2,2,176.08
2017-11-01,health_beauty,BA,18,19,1772.63
2017-11-01,health_beauty,CE,11,11,4059.92
2017-11-01,health_beauty,DF,20,25,2185.31
2017-11-01,health_beauty,ES,8,8,2142.37
2017-11-01,health_beauty,GO,14,20,1798.49
2017-11-01,health_beauty,MA,2,3,437.48
2017-11-01,health_beauty,MG,68,82,11142.94
2017-11-01,health_beauty,MS,5,6,1658.37
2017-11-01,health_beauty,MT,8,10,930.37
2017-11-01,health_beauty,PA,8,9,1642.54
2017-11-01,health_beauty,PB,3,3,354.74
2017-11-01,health_beauty,PE,14,16,2357.83
2017-11-01,health_beauty,PI,3,3,239.39
2017-11-01,health_beauty,PR,23,23,3756.28
2017-11-01,health_beauty,RJ,49,50,7124.92
2017-11-01,health_beauty,RN,5,5,1976.38
2017-11-01,health_beauty,RO,2,3,481.79
2017-11-01,health_beauty,RR,1,1,112.43
2017-11-01,health_beauty,RS,26,29,4283.11
2017-11-01,health_beauty,SC,19,19,3304.19
2017-11-01,health_beauty,SE,3,3,913.03
2017-11-01,health_beauty,SP,201,216,34578.69
2017-11-01,health_beauty,TO,3,4,568.42
2017-11-01,home_appliances,DF,1,1,31.40
2017-11-01,home_appliances,ES,1,1,51.00
2017-11-01,home_appliances,GO,1,1,60.23
2017-11-01,home_appliances,MG,3,3,307.07
2017-11-01,home_appliances,PA,1,1,61.53
2017-11-01,home_appliances,RJ,2,2,797.69
2017-11-01,home_appliances,RS,3,3,1261.67
2017-11-01,home_appliances,SC,1,1,267.13
2017-11-01,home_appliances,SP,12,12,2232.26
2017-11-01,home_appliances_2,MG,4,4,985.47
2017-11-01,home_appliances_2,RN,1,1,781.74
2017-11-01,home_appliances_2,RS,1,1,701.47
2017-11-01,home_appliances_2,SC,2,2,617.97
2017-11-01,home_appliances_2,SP,5,5,2341.85
2017-11-01,home_comfort_2,ES,1,1,28.00
2017-11-01,home_comfort_2,GO,1,1,28.00
2017-11-01,home_comfort_2,SP,1,1,24.75
2017-11-01,home_confort,AL,1,1,128.08
2017-11-01,home_confort,BA,1,1,140.40
2017-11-01,home_confort,ES,2,2,217.18
2017-11-01,home_confort,GO,1,1,125.42
2017-11-01,home_confort,MG,5,6,822.24
2017-11-01,home_confort,MT,1,2,199.68
2017-11-01,home_confort,PE,1,3,317.51
2017-11-01,home_confort,PR,1,1,107.78
2017-11-01,home_confort,RJ,7,7,1285.52
2017-11-01,home_confort,RS,4,4,377.72
2017-11-01,home_confort,SC,1,1,66.01
2017-11-01,home_confort,SP,15,16,2457.59
2017-11-01,home_construction,BA,1,1,139.38
2017-11-01,home_construction,CE,1,1,102.78
2017-11-01,home_construction,DF,1,1,95.22
2017-11-01,home_construction,GO,2,2,349.00
2017-11-01,home_construction,MG,5,8,1023.69
2017-11-01,home_construction,MT,1,1,400.65
2017-11-01,home_construction,PB,1,1,371.87
2017-11-01,home_construction,RJ,1,1,99.34
2017-11-01,home_construction,RS,5,5,687.37
2017-11-01,home_construction,SC,2,2,644.01
2017-11-01,home_construction,SP,13,15,1813.23
2017-11-01,housewares,AL,1,2,213.50
2017-11-01,housewares,AP,1,1,235.13
2017-11-01,housewares,BA,8,10,1040.02
2017-11-01,housewares,CE,3,3,234.69
2017-11-01,housewares,DF,8,8,1678.15
2017-11-01,housewares,ES,11,12,1442.53
2017-11-01,housewares,GO,3,5,280.39
2017-11-01,housewares,MA,3,4,349.02
2017-11-01,housewares,MG,46,56,6824.19
2017-11-01,housewares,MS,2,2,110.21
2017-11-01,housewares,MT,3,3,331.91
2017-11-01,housewares,PA,2,2,203.97
2017-11-01,housewares,PB,2,2,199.96
2017-11-01,housewares,PE,2,2,92.32
2017-11-01,housewares,PI,2,2,126.29
2017-11-01,housewares,PR,13,16,1443.04
2017-11-01,housewares,RJ,43,50,5908.32
2017-11-01,housewares,RN,1,1,107.94
2017-11-01,housewares,RS,20,33,3436.44
2017-11-01,housewares,SC,10,11,914.85
2017-11-01,housewares,SP,161,187,17106.49
2017-11-01,industry_commerce_and_business,GO,1,1,842.96
2017-11-01,industry_commerce_and_business,PB,1,1,117.14
2017-11-01,industry_commerce_and_business,RJ,1,1,84.59
2017-11-01,industry_commerce_and_business,SP,3,3,1200.59
2017-11-01,kitchen_dining_laundry_garden_furniture,DF,2,2,569.44
2017-11-01,kitchen_dining_laundry_garden_furniture,MG,1,1,244.73
2017-11-01,kitchen_dining_laundry_garden_furniture,PB,1,1,660.39
2017-11-01,kitchen_dining_laundry_garden_furniture,PR,3,3,373.93
2017-11-01,kitchen_dining_laundry_garden_furniture,RJ,3,3,845.67
2017-11-01,kitchen_dining_laundry_garden_furniture,RN,1,1,294.19
2017-11-01,kitchen_dining_laundry_garden_furniture,RS,3,4,444.81
2017-11-01,kitchen_dining_laundry_garden_furniture,SC,1,2,138.00
2017-11-01,kitchen_dining_laundry_garden_furniture,SP,13,16,2815.97
2017-11-01,la_cuisine,GO,1,1,137.11
2017-11-01,luggage_accessories,BA,3,3,407.70
2017-11-01,luggage_accessories,CE,3,3,496.36
2017-11-01,luggage_accessories,DF,1,1,309.28
2017-11-01,luggage_accessories,ES,2,3,623.49
2017-11-01,luggage_accessories,GO,1,1,323.68
2017-11-01,luggage_accessories,MG,8,9,790.36
2017-11-01,luggage_accessories,PE,1,1,84.57
2017-11-01,luggage_accessories,PI,1,1,163.58
2017-11-01,luggage_accessories,PR,3,3,287.18
2017-11-01,luggage_accessories,RJ,8,8,1416.34
2017-11-01,luggage_accessories,RO,1,1,455.37
2017-11-01,luggage_accessories,RS,3,3,353.37
2017-11-01,luggage_accessories,SC,4,4,417.61
2017-11-01,luggage_accessories,SP,24,29,4343.55
2017-11-01,market_place,AM,1,1,202.06
2017-11-01,market_place,GO,1,2,54.20
2017-11-01,market_place,MG,1,1,147.06
2017-11-01,market_place,PB,1,1,97.04
2017-11-01,market_place,RJ,1,1,99.95
2017-11-01,market_place,RO,1,1,209.48
2017-11-01,market_place,SC,1,1,45.00
2017-11-01,market_place,SE,1,1,392.10
2017-11-01,market_place,SP,3,7,435.72
2017-11-01,musical_instruments,AM,1,1,517.20
2017-11-01,musical_instruments,BA,1,1,99.70
2017-11-01,musical_instruments,ES,1,1,784.07
2017-11-01,musical_instruments,GO,1,1,300.76
2017-11-01,musical_instruments,MG,9,9,5469.97
2017-11-01,musical_instruments,MS,1,1,418.04
2017-11-01,musical_instruments,MT,1,1,139.98
2017-11-01,musical_instruments,PI,1,1,94.10
2017-11-01,musical_instruments,PR,3,4,641.97
2017-11-01,musical_instruments,RJ,4,4,2016.35
2017-11-01,musical_instruments,RS,4,4,352.51
2017-11-01,musical_instruments,SC,1,1,2032.04
2017-11-01,musical_instruments,SP,13,13,4193.78
2017-11-01,office_furniture,BA,3,4,672.58
2017-11-01,office_furniture,CE,3,5,950.08
2017-11-01,office_furniture,DF,1,1,226.46
2017-11-01,office_furniture,ES,3,3,996.70
2017-11-01,office_furniture,GO,1,1,243.40
2017-11-01,office_furniture,MG,7,9,2536.60
2017-11-01,office_furniture,MT,1,2,749.44
2017-11-01,office_furniture,PA,4,6,1408.41
2017-11-01,office_furniture,PE,2,2,429.67
2017-11-01,office_furniture,PR,5,7,1596.71
2017-11-01,office_furniture,RJ,16,27,5688.48
2017-11-01,office_furniture,RO,1,1,172.09
2017-11-01,office_furniture,RS,3,3,734.40
2017-11-01,office_furniture,SC,2,2,764.97
2017-11-01,office_furniture,SP,23,28,5517.88
2017-11-01,party_supplies,MG,1,1,602.58
2017-11-01,party_supplies,RJ,1,1,29.84
2017-11-01,party_supplies,SP,1,1,274.15
2017-11-01,perfumery,AL,1,1,148.04
2017-11-01,perfumery,BA,6,6,942.63
2017-11-01,perfumery,CE,3,3,421.55
2017-11-01,perfumery,DF,9,9,1205.95
2017-11-01,perfumery,ES,8,8,1060.37
2017-11-01,perfumery,GO,12,13,1469.52
2017-11-01,perfumery,MA,1,1,181.55
2017-11-01,perfumery,MG,48,51,7030.86
2017-11-01,perfumery,PA,3,3,724.63
2017-11-01,perfumery,PE,4,5,779.96
2017-11-01,perfumery,PI,1,1,107.90
2017-11-01,perfumery,PR,14,16,1611.58
2017-11-01,perfumery,RJ,34,39,4507.07
2017-11-01,perfumery,RN,1,1,137.00
2017-11-01,perfumery,RS,13,13,1354.88
2017-11-01,perfumery,SC,13,14,1609.02
2017-11-01,perfumery,SE,1,1,164.30
2017-11-01,perfumery,SP,114,118,12777.68
2017-11-01,perfumery,TO,1,1,169.49
2017-11-01,pet_shop,BA,1,1,165.48
2017-11-01,pet_shop,DF,2,2,186.48
2017-11-01,pet_shop,GO,1,1,113.13
2017-11-01,pet_shop,MG,13,17,2120.31
2017-11-01,pet_shop,MS,1,1,118.17
2017-11-01,pet_shop,MT,2,3,234.99
2017-11-01,pet_shop,PE,4,4,652.20
2017-11-01,pet_shop,PR,5,5,537.51
2017-11-01,pet_shop,RJ,10,10,2402.95
2017-11-01,pet_shop,RN,2,2,960.94
2017-11-01,pet_shop,RO,1,1,323.82
2017-11-01,pet_shop,RS,3,5,298.05
2017-11-01,pet_shop,SC,4,4,385.07
2017-11-01,pet_shop,SP,33,41,4736.47
2017-11-01,signaling_and_security,PR,1,1,51.89
2017-11-01,signaling_and_security,RJ,1,3,473.28
2017-11-01,signaling_and_security,SP,1,1,267.62
2017-11-01,small_appliances,CE,1,1,76.33
2017-11-01,small_appliances,DF,2,2,970.59
2017-11-01,small_appliances,MG,2,2,183.76
2017-11-01,small_appliances,MT,1,1,206.63
2017-11-01,small_appliances,PB,1,1,455.11
2017-11-01,small_appliances,RJ,4,5,1174.09
2017-11-01,small_appliances,RS,4,4,748.88
2017-11-01,small_appliances,SC,1,1,739.49
2017-11-01,small_appliances,SP,11,11,2933.10
2017-11-01,sports_leisure,AL,3,3,192.82
2017-11-01,sports_leisure,AM,1,1,220.54
2017-11-01,sports_leisure,BA,26,31,4090.58
2017-11-01,sports_leisure,CE,2,3,519.31
2017-11-01,sports_leisure,DF,9,10,1167.48
2017-11-01,sports_leisure,ES,12,13,1893.59
2017-11-01,sports_leisure,GO,14,15,1902.85
2017-11-01,sports_leisure,MA,5,5,470.11
2017-11-01,sports_leisure,MG,51,54,7741.66
2017-11-01,sports_leisure,MS,5,7,497.95
2017-11-01,sports_leisure,MT,8,8,629.36
2017-11-01,sports_leisure,PA,4,4,891.31
2017-11-01,sports_leisure,PB,1,1,118.10
2017-11-01,sports_leisure,PE,10,11,1421.12
2017-11-01,sports_leisure,PR,27,28,3728.80
2017-11-01,sports_leisure,RJ,72,83,12425.07
2017-11-01,sports_leisure,RN,2,2,274.14
2017-11-01,sports_leisure,RO,1,1,105.26
2017-11-01,sports_leisure,RS,32,35,4327.05
2017-11-01,sports_leisure,SC,32,38,4160.32
2017-11-01,sports_leisure,SP,225,244,26371.80
2017-11-01,stationery,BA,2,2,335.76
2017-11-01,stationery,CE,6,7,741.82
2017-11-01,stationery,ES,5,6,693.32
2017-11-01,stationery,GO,6,7,734.24
2017-11-01,stationery,MA,1,1,37.14
2017-11-01,stationery,MG,15,17,2229.13
2017-11-01,stationery,MT,3,3,463.91
2017-11-01,stationery,PA,1,1,128.09
2017-11-01,stationery,PB,2,2,399.48
2017-11-01,stationery,PE,5,6,1005.13
2017-11-01,stationery,PR,9,9,1320.60
2017-11-01,stationery,RJ,22,24,3073.24
2017-11-01,stationery,RN,1,1,133.22
2017-11-01,stationery,RS,7,7,912.03
2017-11-01,stationery,SC,8,9,1615.32
2017-11-01,stationery,SP,56,61,5982.42
2017-11-01,tablets_printing_image,ES,1,1,85.14
2017-11-01,tablets_printing_image,MG,2,2,190.42
2017-11-01,tablets_printing_image,MT,1,1,51.69
2017-11-01,tablets_printing_image,RJ,2,2,115.14
2017-11-01,telephony,AC,1,1,45.37
2017-11-01,telephony,AL,2,2,364.91
2017-11-01,telephony,AM,1,1,46.05
2017-11-01,telephony,BA,25,30,3095.93
2017-11-01,telephony,CE,9,9,1467.98
2017-11-01,telephony,DF,6,7,943.26
2017-11-01,telephony,ES,2,2,98.78
2017-11-01,telephony,GO,5,5,270.58
2017-11-01,telephony,MA,2,2,281.78
2017-11-01,telephony,MG,52,54,4827.71
2017-11-01,telephony,MS,3,3,117.25
2017-11-01,telephony,MT,4,4,131.65
2017-11-01,telephony,PA,7,7,551.57
2017-11-01,telephony,PE,4,4,435.78
2017-11-01,telephony,PI,4,4,307.26
2017-11-01,telephony,PR,21,21,1115.76
2017-11-01,telephony,RJ,29,31,4040.60
2017-11-01,telephony,RN,6,9,1232.20
2017-11-01,telephony,RS,24,25,1289.48
2017-11-01,telephony,SC,21,26,2268.06
2017-11-01,telephony,SE,4,4,548.75
2017-11-01,telephony,SP,109,118,8245.33
2017-11-01,telephony,TO,2,2,91.74
2017-11-01,toys,BA,13,13,2248.62
2017-11-01,toys,CE,11,12,1691.31
2017-11-01,toys,DF,7,7,2175.56
2017-11-01,toys,ES,12,13,2013.26
2017-11-01,toys,GO,7,7,1121.80
2017-11-01,toys,MG,56,64,9108.71
2017-11-01,toys,MS,2,2,215.56
2017-11-01,toys,MT,4,4,430.90
2017-11-01,toys,PA,2,2,530.52
2017-11-01,toys,PB,1,1,103.28
2017-11-01,toys,PE,7,7,1354.25
2017-11-01,toys,PI,1,1,112.42
2017-11-01,toys,PR,23,23,4030.69
2017-11-01,toys,RJ,75,82,14065.89
2017-11-01,toys,RN,1,1,92.80
2017-11-01,toys,RS,23,24,5633.90
2017-11-01,toys,SC,13,14,1743.99
2017-11-01,toys,SE,1,1,51.05
2017-11-01,toys,SP,184,207,25198.28
2017-11-01,unknown,BA,1,1,30.09
2017-11-01,unknown,DF,4,4,479.28
2017-11-01,unknown,ES,3,3,147.21
2017-11-01,unknown,GO,4,4,378.48
2017-11-01,unknown,MA,1,1,157.65
2017-11-01,unknown,MG,14,17,1762.04
2017-11-01,unknown,MT,2,2,188.33
2017-11-01,unknown,PA,2,2,2778.12
2017-11-01,unknown,PE,2,2,154.20
2017-11-01,unknown,PR,2,2,221.95
2017-11-01,unknown,RJ,13,14,3385.55
2017-11-01,unknown,RS,3,3,258.42
2017-11-01,unknown,SC,8,8,1193.71
2017-11-01,unknown,SP,52,55,4702.57
2017-11-01,watches_gifts,AL,4,4,1686.22
2017-11-01,watches_gifts,AM,1,1,180.82
2017-11-01,watches_gifts,BA,15,16,2210.86
2017-11-01,watches_gifts,CE,10,10,2038.13
2017-11-01,watches_gifts,DF,14,14,3550.40
2017-11-01,watches_gifts,ES,12,13,3466.65
2017-11-01,watches_gifts,GO,9,10,3219.83
2017-11-01,watches_gifts,MA,8,9,1643.27
2017-11-01,watches_gifts,MG,45,53,8587.26
2017-11-01,watches_gifts,MS,1,1,206.76
2017-11-01,watches_gifts,MT,5,5,712.72
2017-11-01,watches_gifts,PA,10,11,1215.33
2017-11-01,watches_gifts,PB,2,2,874.97
2017-11-01,watches_gifts,PE,13,15,3011.44
2017-11-01,watches_gifts,PI,1,1,83.15
2017-11-01,watches_gifts,PR,13,16,3973.58
2017-11-01,watches_gifts,RJ,59,66,17629.23
2017-11-01,watches_gifts,RN,1,1,176.34
2017-11-01,watches_gifts,RO,3,3,3035.57
2017-11-01,watches_gifts,RS,15,15,4081.12
2017-11-01,watches_gifts,SC,13,13,3149.85
2017-11-01,watches_gifts,SE,2,2,901.83
2017-11-01,watches_gifts,SP,167,181,37284.37
2017-11-01,watches_gifts,TO,1,1,215.60
2017-12-01,agro_industry_and_commerce,MG,1,1,442.26
2017-12-01,agro_industry_and_commerce,PE,1,1,485.76
2017-12-01,agro_industry_and_commerce,PI,1,1,301.76
2017-12-01,agro_industry_and_commerce,RJ,1,1,2315.83
2017-12-01,agro_industry_and_commerce,SP,5,7,2118.43
2017-12-01,air_conditioning,MT,1,1,217.96
2017-12-01,air_conditioning,RJ,1,1,315.90
2017-12-01,air_conditioning,SP,1,1,188.48
2017-12-01,art,ES,1,1,76.79
2017-12-01,art,SP,2,2,86.60
2017-12-01,audio,DF,1,1,74.16
2017-12-01,audio,MA,1,1,636.98
2017-12-01,audio,MG,2,2,156.18
2017-12-01,audio,PE,1,1,98.23
2017-12-01,audio,RJ,2,2,269.28
2017-12-01,audio,SC,1,1,617.93
2017-12-01,audio,SP,9,9,1088.36
2017-12-01,auto,AL,1,1,42.67
2017-12-01,auto,AP,1,1,266.69
2017-12-01,auto,BA,8,10,918.51
2017-12-01,auto,CE,2,2,745.11
2017-12-01,auto,DF,6,6,711.09
2017-12-01,auto,ES,5,5,1339.98
2017-12-01,auto,GO,6,6,490.93
2017-12-01,auto,MA,3,3,501.26
2017-12-01,auto,MG,34,42,8197.10
2017-12-01,auto,MS,2,3,720.63
2017-12-01,auto,MT,4,4,873.63
2017-12-01,auto,PA,5,5,829.95
2017-12-01,auto,PB,2,2,714.48
2017-12-01,auto,PE,3,3,986.33
2017-12-01,auto,PR,11,11,1271.20
2017-12-01,auto,RJ,20,22,5046.55
2017-12-01,auto,RN,1,1,639.98
2017-12-01,auto,RS,7,7,1889.11
2017-12-01,auto,SC,9,9,1673.43
2017-12-01,auto,SE,1,1,111.43
2017-12-01,auto,SP,105,117,16666.62
2017-12-01,auto,TO,2,2,138.90
2017-12-01,baby,AC,1,1,426.08
2017-12-01,baby,BA,6,6,787.91
2017-12-01,baby,CE,1,1,62.79
2017-12-01,baby,DF,1,1,939.90
2017-12-01,baby,ES,6,6,666.28
2017-12-01,baby,GO,2,2,1062.02
2017-12-01,baby,MA,1,1,146.66
2017-12-01,baby,MG,14,14,2908.58
2017-12-01,baby,MS,2,2,302.35
2017-12-01,baby,MT,2,2,495.38
2017-12-01,baby,PA,4,4,820.66
2017-12-01,baby,PB,1,1,135.22
2017-12-01,baby,PE,5,5,693.06
2017-12-01,baby,PR,7,7,900.05
2017-12-01,baby,RJ,21,21,2756.68
2017-12-01,baby,RS,11,12,1622.83
2017-12-01,baby,SC,1,1,76.18
2017-12-01,baby,SP,49,52,7595.92
2017-12-01,bed_bath_table,AL,2,2,305.69
2017-12-01,bed_bath_table,BA,9,10,920.67
2017-12-01,bed_bath_table,CE,4,4,453.04
2017-12-01,bed_bath_table,DF,11,11,1045.20
2017-12-01,bed_bath_table,ES,12,12,1292.14
2017-12-01,bed_bath_table,GO,9,10,1265.01
2017-12-01,bed_bath_table,MA,3,4,810.74
2017-12-01,bed_bath_table,MG,54,62,6825.86
2017-12-01,bed_bath_table,MS,4,4,493.07
2017-12-01,bed_bath_table,MT,1,4,559.92
2017-12-01,bed_bath_table,PA,4,4,389.65
2017-12-01,bed_bath_table,PB,3,3,323.22
2017-12-01,bed_bath_table,PE,6,7,585.08
2017-12-01,bed_bath_table,PI,1,2,240.09
2017-12-01,bed_bath_table,PR,21,24,2242.45
2017-12-01,bed_bath_table,RJ,76,96,11021.37
2017-12-01,bed_bath_table,RN,1,1,188.32
2017-12-01,bed_bath_table,RO,1,1,51.05
2017-12-01,bed_bath_table,RS,22,25,2447.52
2017-12-01,bed_bath_table,SC,13,14,1269.22
2017-12-01,bed_bath_table,SE,1,1,132.94
2017-12-01,bed_bath_table,SP,217,244,26393.66
2017-12-01,bed_bath_table,TO,1,1,122.58
2017-12-01,books_general_interest,BA,2,2,110.35
2017-12-01,books_general_interest,MG,6,6,543.09
2017-12-01,books_general_interest,MS,1,1,131.57
2017-12-01,books_general_interest,PA,1,1,31.63
2017-12-01,books_general_interest,PB,1,3,195.84
2017-12-01,books_general_interest,PE,1,1,157.84
2017-12-01,books_general_interest,PR,2,2,233.06
2017-12-01,books_general_interest,RJ,3,3,180.82
2017-12-01,books_general_interest,RN,7,8,338.16
2017-12-01,books_general_interest,RS,2,2,178.56
2017-12-01,books_general_interest,SC,1,2,93.99
2017-12-01,books_general_interest,SP,10,10,794.31
2017-12-01,books_imported,BA,1,1,93.98
2017-12-01,books_imported,PR,1,1,92.29
2017-12-01,books_imported,SP,1,1,84.79
2017-12-01,books_technical,BA,1,1,154.35
2017-12-01,books_technical,PR,1,1,146.47
2017-12-01,books_technical,RS,1,1,142.64
2017-12-01,books_technical,SP,1,1,292.50
2017-12-01,cds_dvds_musicals,SP,1,1,74.94
2017-12-01,christmas_supplies,AC,1,1,130.85
2017-12-01,christmas_supplies,DF,2,4,104.03
2017-12-01,christmas_supplies,ES,1,1,24.42
2017-12-01,christmas_supplies,MG,4,4,227.02
2017-12-01,christmas_supplies,PR,1,1,23.20
2017-12-01,christmas_supplies,SP,5,5,285.45
2017-12-01,computers,BA,5,8,6506.75
2017-12-01,computers,ES,1,1,648.03
2017-12-01,computers,MG,1,1,672.41
2017-12-01,computers,PB,2,2,1315.26
2017-12-01,computers,PE,1,1,657.63
2017-12-01,computers,RJ,5,6,4707.88
2017-12-01,computers,RS,2,2,1362.84
2017-12-01,computers,SP,2,2,2045.47
2017-12-01,computers_accessories,AM,1,1,49.14
2017-12-01,computers_accessories,AP,1,1,152.00
2017-12-01,computers_accessories,BA,13,14,2253.74
2017-12-01,computers_accessories,CE,3,3,605.20
2017-12-01,computers_accessories,DF,3,4,597.73
2017-12-01,computers_accessories,ES,3,3,213.76
2017-12-01,computers_accessories,GO,4,4,299.76
2017-12-01,computers_accessories,MA,3,3,396.42
2017-12-01,computers_accessories,MG,45,54,6260.19
2017-12-01,computers_accessories,MS,3,3,338.12
2017-12-01,computers_accessories,MT,4,4,1531.90
2017-12-01,computers_accessories,PA,3,3,819.87
2017-12-01,computers_accessories,PB,4,4,610.26
2017-12-01,computers_accessories,PE,6,9,1151.72
2017-12-01,computers_accessories,PI,1,1,54.28
2017-12-01,computers_accessories,PR,13,14,1677.09
2017-12-01,computers_accessories,RJ,31,36,8245.04
2017-12-01,computers_accessories,RS,10,10,1126.86
2017-12-01,computers_accessories,SC,8,8,884.65
2017-12-01,computers_accessories,SP,90,105,15699.56
2017-12-01,consoles_games,BA,4,5,427.50
2017-12-01,consoles_games,CE,1,1,135.58
2017-12-01,consoles_games,DF,1,1,39.59
2017-12-01,consoles_games,ES,1,1,66.79
2017-12-01,consoles_games,GO,1,2,110.02
2017-12-01,consoles_games,MG,8,8,1004.65
2017-12-01,consoles_games,MT,1,1,379.08
2017-12-01,consoles_games,PE,3,3,265.41
2017-12-01,consoles_games,PR,1,1,39.60
2017-12-01,consoles_games,RJ,10,10,1189.45
2017-12-01,consoles_games,RS,5,5,1072.04
2017-12-01,consoles_games,SC,4,4,339.06
2017-12-01,consoles_games,SP,47,50,5135.63
2017-12-01,construction_tools_construction,MG,2,3,1994.52
2017-12-01,construction_tools_construction,MT,1,1,87.96
2017-12-01,construction_tools_construction,PE,1,1,631.59
2017-12-01,construction_tools_construction,PR,1,1,112.73
2017-12-01,construction_tools_construction,RJ,6,6,2163.42
2017-12-01,construction_tools_construction,RS,1,1,319.25
2017-12-01,construction_tools_construction,SP,10,14,1257.03
2017-12-01,construction_tools_lights,RJ,1,1,107.91
2017-12-01,construction_tools_lights,SP,1,1,98.55
2017-12-01,construction_tools_safety,PB,1,1,165.62
2017-12-01,construction_tools_safety,PE,1,1,229.80
2017-12-01,construction_tools_safety,RJ,1,1,418.17
2017-12-01,construction_tools_safety,RS,1,1,41.35
2017-12-01,construction_tools_safety,SC,1,1,396.35
2017-12-01,construction_tools_safety,SP,2,2,274.17
2017-12-01,cool_stuff,AL,1,1,246.92
2017-12-01,cool_stuff,BA,8,8,1062.78
2017-12-01,cool_stuff,CE,3,3,805.71
2017-12-01,cool_stuff,DF,7,7,1155.29
2017-12-01,cool_stuff,ES,3,3,539.47
2017-12-01,cool_stuff,GO,6,6,924.42
2017-12-01,cool_stuff,MG,30,38,4608.92
2017-12-01,cool_stuff,MT,3,3,542.88
2017-12-01,cool_stuff,PA,4,4,519.56
2017-12-01,cool_stuff,PB,1,1,267.92
2017-12-01,cool_stuff,PE,4,4,1293.46
2017-12-01,cool_stuff,PI,3,3,552.38
2017-12-01,cool_stuff,PR,9,9,1662.99
2017-12-01,cool_stuff,RJ,37,38,7279.96
2017-12-01,cool_stuff,RN,3,3,503.65
2017-12-01,cool_stuff,RS,16,16,3805.15
2017-12-01,cool_stuff,SC,11,11,1986.92
2017-12-01,cool_stuff,SE,1,1,96.33
2017-12-01,cool_stuff,SP,80,88,14576.04
2017-12-01,cool_stuff,TO,1,1,274.12
2017-12-01,costruction_tools_garden,BA,1,1,151.14
2017-12-01,costruction_tools_garden,GO,1,1,31.71
2017-12-01,costruction_tools_garden,MG,2,2,268.54
2017-12-01,costruction_tools_garden,RJ,1,1,523.31
2017-12-01,costruction_tools_garden,SP,1,1,123.05
2017-12-01,costruction_tools_tools,GO,1,1,46.69
2017-12-01,costruction_tools_tools,MG,2,2,87.96
2017-12-01,costruction_tools_tools,RS,1,1,58.65
2017-12-01,costruction_tools_tools,SC,1,1,220.54
2017-12-01,costruction_tools_tools,SP,1,1,43.98
2017-12-01,diapers_and_hygiene,SP,1,2,99.70
2017-12-01,drinks,GO,1,1,61.60
2017-12-01,drinks,MG,2,2,711.45
2017-12-01,drinks,MS,1,1,73.65
2017-12-01,drinks,RJ,5,5,337.66
2017-12-01,drinks,RS,1,1,57.60
2017-12-01,drinks,SC,3,3,212.90
2017-12-01,drinks,SP,18,21,1119.55
2017-12-01,dvds_blu_ray,MG,1,1,135.49
2017-12-01,electronics,AC,1,1,316.19
2017-12-01,electronics,AL,1,1,33.45
2017-12-01,electronics,BA,9,11,425.90
2017-12-01,electronics,CE,2,2,71.16
2017-12-01,electronics,DF,7,7,397.65
2017-12-01,electronics,ES,2,2,52.10
2017-12-01,electronics,GO,3,3,133.85
2017-12-01,electronics,MG,25,31,1179.36
2017-12-01,electronics,MT,1,1,40.49
2017-12-01,electronics,PA,2,2,182.60
2017-12-01,electronics,PE,2,2,144.96
2017-12-01,electronics,PI,2,2,103.50
2017-12-01,electronics,PR,11,11,458.77
2017-12-01,electronics,RJ,33,37,2872.98
2017-12-01,electronics,RN,1,1,159.89
2017-12-01,electronics,RS,13,13,1067.56
2017-12-01,electronics,SC,10,10,442.48
2017-12-01,electronics,SE,1,2,86.10
2017-12-01,electronics,SP,63,70,3792.78
2017-12-01,fashion_bags_accessories,AM,1,1,725.69
2017-12-01,fashion_bags_accessories,BA,3,3,626.35
2017-12-01,fashion_bags_accessories,CE,1,1,67.53
2017-12-01,fashion_bags_accessories,DF,3,3,177.70
2017-12-01,fashion_bags_accessories,ES,3,3,265.30
2017-12-01,fashion_bags_accessories,GO,2,2,98.23
2017-12-01,fashion_bags_accessories,MG,19,22,1555.89
2017-12-01,fashion_bags_accessories,MS,1,1,386.79
2017-12-01,fashion_bags_accessories,PA,2,2,113.68
2017-12-01,fashion_bags_accessories,PB,1,2,168.36
2017-12-01,fashion_bags_accessories,PE,3,3,373.46
2017-12-01,fashion_bags_accessories,PR,8,8,846.50
2017-12-01,fashion_bags_accessories,RJ,11,12,912.77
2017-12-01,fashion_bags_accessories,RO,1,2,168.10
2017-12-01,fashion_bags_accessories,RS,8,8,1213.73
2017-12-01,fashion_bags_accessories,SC,5,5,493.47
2017-12-01,fashion_bags_accessories,SP,50,54,3691.38
2017-12-01,fashion_bags_accessories,TO,1,2,105.86
2017-12-01,fashion_male_clothing,BA,1,1,329.87
2017-12-01,fashion_male_clothing,MG,1,1,55.29
2017-12-01,fashion_male_clothing,SP,2,2,146.98
2017-12-01,fashion_shoes,ES,1,1,75.74
2017-12-01,fashion_shoes,MG,3,3,323.67
2017-12-01,fashion_shoes,PR,1,1,102.74
2017-12-01,fashion_shoes,RJ,1,1,218.35
2017-12-01,fashion_shoes,SP,6,7,584.96
2017-12-01,fashion_sport,BA,1,1,76.76
2017-12-01,fashion_underwear_beach,ES,1,1,125.52
2017-12-01,fashion_underwear_beach,GO,1,1,167.81
2017-12-01,fashion_underwear_beach,MG,1,1,167.81
2017-12-01,fashion_underwear_beach,PA,1,1,81.02
2017-12-01,fashion_underwear_beach,PR,1,1,75.07
2017-12-01,fashion_underwear_beach,RJ,2,2,245.91
2017-12-01,fashion_underwear_beach,SP,6,6,496.48
2017-12-01,fixed_telephony,AL,1,1,670.77
2017-12-01,fixed_telephony,RJ,1,1,55.69
2017-12-01,fixed_telephony,SP,3,3,369.35
2017-12-01,flowers,ES,1,1,74.07
2017-12-01,flowers,RS,1,1,38.91
2017-12-01,food,DF,1,3,219.39
2017-12-01,food,ES,1,1,164.10
2017-12-01,food,MG,1,1,143.93
2017-12-01,food,SE,1,1,37.34
2017-12-01,food,SP,7,7,552.48
2017-12-01,food_drink,BA,1,2,193.98
2017-12-01,food_drink,ES,2,2,115.44
2017-12-01,food_drink,MG,2,2,110.25
2017-12-01,food_drink,PR,1,1,72.62
2017-12-01,food_drink,RJ,2,2,99.64
2017-12-01,food_drink,RS,2,2,229.87
2017-12-01,food_drink,SP,8,10,581.36
2017-12-01,furniture_bedroom,RJ,1,1,230.75
2017-12-01,furniture_decor,AL,1,1,249.67
2017-12-01,furniture_decor,BA,9,10,1309.45
2017-12-01,furniture_decor,CE,3,5,502.19
2017-12-01,furniture_decor,DF,5,9,607.66
2017-12-01,furniture_decor,ES,12,13,1256.86
2017-12-01,furniture_decor,GO,1,1,95.02
2017-12-01,furniture_decor,MG,33,42,3994.15
2017-12-01,furniture_decor,MS,1,1,378.91
2017-12-01,furniture_decor,MT,1,1,108.86
2017-12-01,furniture_decor,PA,2,2,339.90
2017-12-01,furniture_decor,PB,1,1,60.42
2017-12-01,furniture_decor,PE,4,7,496.85
2017-12-01,furniture_decor,PR,13,14,3290.46
2017-12-01,furniture_decor,RJ,29,35,3998.89
2017-12-01,furniture_decor,RO,2,2,162.73
2017-12-01,furniture_decor,RS,18,22,2106.80
2017-12-01,furniture_decor,SC,9,9,1412.62
2017-12-01,furniture_decor,SE,2,4,465.38
2017-12-01,furniture_decor,SP,157,198,17321.12
2017-12-01,furniture_decor,TO,1,1,70.15
2017-12-01,furniture_living_room,BA,3,4,454.35
2017-12-01,furniture_living_room,ES,2,3,158.64
2017-12-01,furniture_living_room,MG,1,1,355.01
2017-12-01,furniture_living_room,PR,1,1,171.48
2017-12-01,furniture_living_room,RJ,4,6,1233.96
2017-12-01,furniture_living_room,SP,5,5,567.44
2017-12-01,furniture_mattress_and_upholstery,DF,1,1,258.33
2017-12-01,furniture_mattress_and_upholstery,GO,1,1,147.41
2017-12-01,furniture_mattress_and_upholstery,RJ,1,1,74.21
2017-12-01,furniture_mattress_and_upholstery,SP,5,5,608.45
2017-12-01,garden_tools,BA,17,20,1949.90
2017-12-01,garden_tools,CE,6,7,719.50
2017-12-01,garden_tools,DF,1,4,110.36
2017-12-01,garden_tools,ES,3,3,709.33
2017-12-01,garden_tools,GO,3,3,866.62
2017-12-01,garden_tools,MA,2,3,286.64
2017-12-01,garden_tools,MG,33,40,4444.00
2017-12-01,garden_tools,MT,3,3,330.08
2017-12-01,garden_tools,PA,1,1,261.42
2017-12-01,garden_tools,PB,1,1,96.96
2017-12-01,garden_tools,PE,3,4,323.82
2017-12-01,garden_tools,PR,14,22,2016.28
2017-12-01,garden_tools,RJ,43,49,5493.87
2017-12-01,garden_tools,RN,1,1,154.17
2017-12-01,garden_tools,RS,16,26,2650.82
2017-12-01,garden_tools,SC,8,13,2262.30
2017-12-01,garden_tools,SE,2,6,578.16
2017-12-01,garden_tools,SP,86,117,10888.90
2017-12-01,health_beauty,AL,3,3,619.17
2017-12-01,health_beauty,AM,1,1,203.57
2017-12-01,health_beauty,BA,13,14,1914.83
2017-12-01,health_beauty,CE,11,11,1747.88
2017-12-01,health_beauty,DF,19,22,2208.36
2017-12-01,health_beauty,ES,6,6,619.41
2017-12-01,health_beauty,GO,19,20,2642.62
2017-12-01,health_beauty,MA,5,5,915.85
2017-12-01,health_beauty,MG,49,51,8147.15
2017-12-01,health_beauty,MS,5,5,1002.51
2017-12-01,health_beauty,MT,5,5,424.66
2017-12-01,health_beauty,PA,7,7,2655.35
2017-12-01,health_beauty,PB,4,4,553.31
2017-12-01,health_beauty,PE,11,14,2399.88
2017-12-01,health_beauty,PI,1,1,107.90
2017-12-01,health_beauty,PR,22,22,2192.08
2017-12-01,health_beauty,RJ,47,54,8269.39
2017-12-01,health_beauty,RN,3,3,300.78
2017-12-01,health_beauty,RO,1,1,107.90
2017-12-01,health_beauty,RS,17,18,5190.17
2017-12-01,health_beauty,SC,12,13,1142.16
2017-12-01,health_beauty,SE,2,2,494.82
2017-12-01,health_beauty,SP,162,177,24840.24
2017-12-01,health_beauty,TO,1,1,207.79
2017-12-01,home_appliances,CE,1,1,270.28
2017-12-01,home_appliances,DF,1,1,164.26
2017-12-01,home_appliances,MG,1,1,110.42
2017-12-01,home_appliances,MT,1,1,188.56
2017-12-01,home_appliances,PR,1,1,46.50
2017-12-01,home_appliances,RJ,2,2,286.78
2017-12-01,home_appliances,SP,9,9,606.04
2017-12-01,home_appliances_2,ES,1,1,143.15
2017-12-01,home_appliances_2,MG,1,1,268.13
2017-12-01,home_appliances_2,RJ,2,2,500.61
2017-12-01,home_appliances_2,SP,4,4,1360.56
2017-12-01,home_confort,GO,1,1,109.40
2017-12-01,home_confort,MG,1,1,94.69
2017-12-01,home_confort,PE,1,1,328.16
2017-12-01,home_confort,PR,2,2,167.87
2017-12-01,home_confort,RJ,2,2,658.68
2017-12-01,home_confort,SP,7,7,1186.09
2017-12-01,home_construction,BA,2,3,1070.60
2017-12-01,home_construction,ES,1,1,69.54
2017-12-01,home_construction,MA,1,1,80.09
2017-12-01,home_construction,MG,1,1,56.92
2017-12-01,home_construction,PE,2,2,703.52
2017-12-01,home_construction,PI,1,1,356.51
2017-12-01,home_construction,PR,2,3,637.97
2017-12-01,home_construction,RJ,2,3,161.20
2017-12-01,home_construction,RS,1,1,511.37
2017-12-01,home_construction,SC,2,2,486.32
2017-12-01,home_construction,SE,1,1,449.92
2017-12-01,home_construction,SP,13,19,3184.29
2017-12-01,housewares,AC,2,3,536.46
2017-12-01,housewares,BA,1,1,55.92
2017-12-01,housewares,CE,5,5,600.10
2017-12-01,housewares,DF,7,7,1053.97
2017-12-01,housewares,ES,4,5,479.92
2017-12-01,housewares,GO,5,6,420.53
2017-12-01,housewares,MA,1,1,337.51
2017-12-01,housewares,MG,33,41,3841.03
2017-12-01,housewares,MS,1,1,45.69
2017-12-01,housewares,PA,1,1,1476.80
2017-12-01,housewares,PB,2,3,576.38
2017-12-01,housewares,PE,3,3,269.74
2017-12-01,housewares,PR,7,11,740.23
2017-12-01,housewares,RJ,22,26,2549.15
2017-12-01,housewares,RS,14,19,2555.05
2017-12-01,housewares,SC,6,6,1172.04
2017-12-01,housewares,SE,1,1,204.84
2017-12-01,housewares,SP,126,146,14118.96
2017-12-01,housewares,TO,2,2,131.17
2017-12-01,industry_commerce_and_business,RJ,1,1,196.60
2017-12-01,industry_commerce_and_business,RS,4,4,1420.10
2017-12-01,industry_commerce_and_business,SP,4,4,393.16
2017-12-01,kitchen_dining_laundry_garden_furniture,GO,1,2,151.96
2017-12-01,kitchen_dining_laundry_garden_furniture,MG,3,3,538.50
2017-12-01,kitchen_dining_laundry_garden_furniture,PE,1,1,450.24
2017-12-01,kitchen_dining_laundry_garden_furniture,RJ,1,1,390.32
2017-12-01,kitchen_dining_laundry_garden_furniture,RS,1,1,135.56
2017-12-01,kitchen_dining_laundry_garden_furniture,SC,1,1,407.19
2017-12-01,kitchen_dining_laundry_garden_furniture,SP,8,11,3191.25
2017-12-01,luggage_accessories,CE,2,2,476.79
2017-12-01,luggage_accessories,ES,1,1,103.73
2017-12-01,luggage_accessories,GO,1,1,64.10
2017-12-01,luggage_accessories,MA,1,1,382.14
2017-12-01,luggage_accessories,MG,7,8,886.48
2017-12-01,luggage_accessories,MT,2,2,266.62
2017-12-01,luggage_accessories,PR,1,1,116.36
2017-12-01,luggage_accessories,RJ,3,3,434.55
2017-12-01,luggage_accessories,RO,1,1,288.38
2017-12-01,luggage_accessories,RS,1,1,112.89
2017-12-01,luggage_accessories,SC,1,1,147.15
2017-12-01,luggage_accessories,SP,23,24,3833.29
2017-12-01,market_place,GO,1,1,49.09
2017-12-01,market_place,MG,1,2,68.00
2017-12-01,market_place,PI,1,1,108.73
2017-12-01,market_place,RS,1,1,27.10
2017-12-01,market_place,SP,9,9,631.34
2017-12-01,musical_instruments,BA,2,2,224.98
2017-12-01,musical_instruments,DF,1,1,95.22
2017-12-01,musical_instruments,ES,2,2,200.70
2017-12-01,musical_instruments,MA,3,3,738.28
2017-12-01,musical_instruments,MG,2,2,2397.65
2017-12-01,musical_instruments,PR,4,4,278.52
2017-12-01,musical_instruments,RJ,7,7,2639.41
2017-12-01,musical_instruments,RN,1,1,148.22
2017-12-01,musical_instruments,RO,1,1,62.57
2017-12-01,musical_instruments,RS,1,1,44.11
2017-12-01,musical_instruments,SC,1,1,150.29
2017-12-01,musical_instruments,SE,1,1,155.36
2017-12-01,musical_instruments,SP,14,15,4483.23
2017-12-01,musical_instruments,TO,1,1,71.05
2017-12-01,office_furniture,BA,2,2,553.21
2017-12-01,office_furniture,DF,1,1,253.40
2017-12-01,office_furniture,MG,5,5,747.29
2017-12-01,office_furniture,MT,1,1,425.07
2017-12-01,office_furniture,PE,2,2,242.02
2017-12-01,office_furniture,PR,1,1,161.65
2017-12-01,office_furniture,RJ,8,14,2125.16
2017-12-01,office_furniture,RS,2,2,616.61
2017-12-01,office_furniture,SC,2,3,499.35
2017-12-01,office_furniture,SP,14,17,2791.94
2017-12-01,party_supplies,PR,1,1,273.27
2017-12-01,party_supplies,SP,1,1,276.65
2017-12-01,perfumery,AL,1,1,354.20
2017-12-01,perfumery,BA,4,4,356.87
2017-12-01,perfumery,CE,8,8,948.96
2017-12-01,perfumery,DF,4,4,374.04
2017-12-01,perfumery,ES,5,5,540.70
2017-12-01,perfumery,GO,9,10,1064.35
2017-12-01,perfumery,MA,1,1,168.36
2017-12-01,perfumery,MG,29,31,4378.73
2017-12-01,perfumery,MS,1,1,72.14
2017-12-01,perfumery,MT,4,4,1034.25
2017-12-01,perfumery,PA,4,4,788.53
2017-12-01,perfumery,PB,2,2,150.88
2017-12-01,perfumery,PE,3,4,303.66
2017-12-01,perfumery,PR,14,14,1479.17
2017-12-01,perfumery,RJ,27,28,3849.88
2017-12-01,perfumery,RN,1,1,177.34
2017-12-01,perfumery,RS,8,9,1382.15
2017-12-01,perfumery,SC,9,9,1060.58
2017-12-01,perfumery,SP,90,92,11377.61
2017-12-01,perfumery,TO,1,1,214.56
2017-12-01,pet_shop,AM,1,1,72.20
2017-12-01,pet_shop,BA,1,1,56.69
2017-12-01,pet_shop,DF,2,2,286.76
2017-12-01,pet_shop,ES,2,2,192.23
2017-12-01,pet_shop,GO,2,2,170.94
2017-12-01,pet_shop,MA,1,1,78.69
2017-12-01,pet_shop,MG,6,6,665.61
2017-12-01,pet_shop,MS,2,2,323.08
2017-12-01,pet_shop,PA,1,1,55.74
2017-12-01,pet_shop,PB,1,1,74.05
2017-12-01,pet_shop,PE,1,1,630.95
2017-12-01,pet_shop,PR,5,5,412.50
2017-12-01,pet_shop,RJ,6,6,688.10
2017-12-01,pet_shop,RN,1,1,101.77
2017-12-01,pet_shop,SC,3,3,347.45
2017-12-01,pet_shop,SE,1,1,81.38
2017-12-01,pet_shop,SP,33,36,4373.75
2017-12-01,signaling_and_security,GO,1,1,719.15
2017-12-01,signaling_and_security,SP,1,1,123.29
2017-12-01,small_appliances,DF,1,1,65.10
2017-12-01,small_appliances,MT,1,1,618.75
2017-12-01,small_appliances,PR,1,1,206.06
2017-12-01,small_appliances,RJ,3,3,1344.94
2017-12-01,small_appliances,RS,2,2,2158.71
2017-12-01,small_appliances,SC,3,3,615.09
2017-12-01,small_appliances,SP,15,16,3054.42
2017-12-01,sports_leisure,AL,1,1,158.22
2017-12-01,sports_leisure,BA,11,11,941.14
2017-12-01,sports_leisure,CE,4,4,913.62
2017-12-01,sports_leisure,DF,11,15,2134.94
2017-12-01,sports_leisure,ES,6,6,692.31
2017-12-01,sports_leisure,GO,11,11,1553.78
2017-12-01,sports_leisure,MA,2,2,403.10
2017-12-01,sports_leisure,MG,54,64,7338.08
2017-12-01,sports_leisure,MT,3,3,319.72
2017-12-01,sports_leisure,PA,3,3,347.79
2017-12-01,sports_leisure,PB,3,3,533.94
2017-12-01,sports_leisure,PE,12,14,2349.88
2017-12-01,sports_leisure,PI,3,3,297.14
2017-12-01,sports_leisure,PR,20,20,4560.13
2017-12-01,sports_leisure,RJ,57,62,9750.00
2017-12-01,sports_leisure,RN,3,5,604.53
2017-12-01,sports_leisure,RO,1,1,102.18
2017-12-01,sports_leisure,RS,21,23,3671.51
2017-12-01,sports_leisure,SC,20,23,4208.60
2017-12-01,sports_leisure,SE,1,1,270.45
2017-12-01,sports_leisure,SP,183,208,26937.96
2017-12-01,sports_leisure,TO,1,1,95.67
2017-12-01,stationery,AM,1,1,71.88
2017-12-01,stationery,BA,8,8,1019.73
2017-12-01,stationery,CE,3,3,374.20
2017-12-01,stationery,DF,5,5,870.03
2017-12-01,stationery,ES,2,2,407.68
2017-12-01,stationery,GO,7,7,724.21
2017-12-01,stationery,MA,3,3,453.86
2017-12-01,stationery,MG,21,24,2854.37
2017-12-01,stationery,MS,3,3,379.51
2017-12-01,stationery,MT,3,3,594.28
2017-12-01,stationery,PA,3,3,155.77
2017-12-01,stationery,PB,2,2,433.40
2017-12-01,stationery,PE,6,6,731.54
2017-12-01,stationery,PI,3,4,708.13
2017-12-01,stationery,PR,9,10,991.50
2017-12-01,stationery,RJ,43,49,6362.23
2017-12-01,stationery,RN,1,1,187.59
2017-12-01,stationery,RO,1,1,147.31
2017-12-01,stationery,RS,7,9,946.67
2017-12-01,stationery,SC,8,8,769.31
2017-12-01,stationery,SP,90,96,10244.95
2017-12-01,tablets_printing_image,SP,6,6,475.02
2017-12-01,telephony,AM,1,1,51.14
2017-12-01,telephony,AP,1,1,216.26
2017-12-01,telephony,BA,10,11,605.61
2017-12-01,telephony,CE,6,6,761.63
2017-12-01,telephony,DF,5,6,560.30
2017-12-01,telephony,ES,4,5,199.46
2017-12-01,telephony,GO,10,11,706.75
2017-12-01,telephony,MA,5,5,279.70
2017-12-01,telephony,MG,27,29,1879.61
2017-12-01,telephony,MT,2,2,87.56
2017-12-01,telephony,PA,4,6,833.96
2017-12-01,telephony,PE,6,6,394.39
2017-12-01,telephony,PI,2,2,107.28
2017-12-01,telephony,PR,12,12,521.50
2017-12-01,telephony,RJ,21,22,2050.06
2017-12-01,telephony,RN,2,2,152.00
2017-12-01,telephony,RO,1,1,41.04
2017-12-01,telephony,RS,11,15,1311.80
2017-12-01,telephony,SC,10,10,432.81
2017-12-01,telephony,SE,2,2,151.96
2017-12-01,telephony,SP,95,105,5108.00
2017-12-01,toys,BA,10,10,2585.34
2017-12-01,toys,CE,4,4,448.26
2017-12-01,toys,DF,13,13,3365.11
2017-12-01,toys,ES,4,4,707.73
2017-12-01,toys,GO,7,7,786.61
2017-12-01,toys,MA,3,4,387.83
2017-12-01,toys,MG,59,67,9024.11
2017-12-01,toys,MS,4,6,625.88
2017-12-01,toys,MT,4,4,1207.14
2017-12-01,toys,PA,3,3,382.33
2017-12-01,toys,PB,1,1,169.50
2017-12-01,toys,PE,4,5,1251.77
2017-12-01,toys,PI,2,2,377.22
2017-12-01,toys,PR,20,20,2980.10
2017-12-01,toys,RJ,72,74,11571.60
2017-12-01,toys,RN,3,3,297.45
2017-12-01,toys,RO,1,1,1279.10
2017-12-01,toys,RS,27,29,3714.70
2017-12-01,toys,SC,13,13,1686.01
2017-12-01,toys,SP,159,166,20614.75
2017-12-01,unknown,BA,2,2,222.55
2017-12-01,unknown,CE,2,2,255.08
2017-12-01,unknown,DF,5,5,631.18
2017-12-01,unknown,ES,1,1,275.34
2017-12-01,unknown,GO,3,3,489.02
2017-12-01,unknown,MA,1,1,83.92
2017-12-01,unknown,MG,11,11,1441.32
2017-12-01,unknown,MS,1,1,137.60
2017-12-01,unknown,MT,1,1,127.99
2017-12-01,unknown,PA,1,1,133.75
2017-12-01,unknown,PB,1,1,144.65
2017-12-01,unknown,PE,1,1,141.13
2017-12-01,unknown,PR,5,5,544.50
2017-12-01,unknown,RJ,31,32,4573.22
2017-12-01,unknown,RN,1,1,144.65
2017-12-01,unknown,RS,6,6,969.99
2017-12-01,unknown,SC,2,2,203.60
2017-12-01,unknown,SP,57,61,6851.55
2017-12-01,watches_gifts,AP,1,1,135.61
2017-12-01,watches_gifts,BA,20,20,4553.24
2017-12-01,watches_gifts,CE,7,8,1675.59
2017-12-01,watches_gifts,DF,5,6,1265.90
2017-12-01,watches_gifts,ES,8,8,1753.90
2017-12-01,watches_gifts,GO,9,9,2932.87
2017-12-01,watches_gifts,MA,1,1,193.91
2017-12-01,watches_gifts,MG,37,39,13342.13
2017-12-01,watches_gifts,MS,2,3,594.45
2017-12-01,watches_gifts,MT,1,1,85.69
2017-12-01,watches_gifts,PA,3,3,1162.44
2017-12-01,watches_gifts,PB,3,3,326.58
2017-12-01,watches_gifts,PE,3,3,385.25
2017-12-01,watches_gifts,PI,2,2,193.56
2017-12-01,watches_gifts,PR,16,16,3349.45
2017-12-01,watches_gifts,RJ,44,47,9299.08
2017-12-01,watches_gifts,RS,17,17,2492.84
2017-12-01,watches_gifts,SC,14,15,2660.07
2017-12-01,watches_gifts,SE,2,2,735.51
2017-12-01,watches_gifts,SP,136,147,27299.70
2017-12-01,watches_gifts,TO,2,2,460.31
2018-01-01,agro_industry_and_commerce,MG,1,1,442.26
2018-01-01,agro_industry_and_commerce,PA,1,1,465.23
2018-01-01,agro_industry_and_commerce,PE,1,1,997.37
2018-01-01,agro_industry_and_commerce,PR,2,2,466.10
2018-01-01,agro_industry_and_commerce,RJ,2,5,401.20
2018-01-01,agro_industry_and_commerce,RS,1,1,243.35
2018-01-01,agro_industry_and_commerce,SP,7,7,3281.00
2018-01-01,air_conditioning,ES,1,1,216.15
2018-01-01,air_conditioning,MT,1,2,103.38
2018-01-01,air_conditioning,PR,3,3,633.94
2018-01-01,air_conditioning,RJ,7,10,2784.79
2018-01-01,air_conditioning,SP,10,13,1439.26
2018-01-01,art,MS,1,1,151.39
2018-01-01,art,PR,1,1,161.46
2018-01-01,art,RJ,4,4,672.14
2018-01-01,art,RS,1,1,85.24
2018-01-01,art,SP,12,12,1793.98
2018-01-01,audio,BA,2,2,142.25
2018-01-01,audio,DF,3,3,392.17
2018-01-01,audio,MG,2,2,240.07
2018-01-01,audio,PI,1,1,54.05
2018-01-01,audio,PR,1,2,206.74
2018-01-01,audio,RJ,3,3,681.08
2018-01-01,audio,RN,1,1,224.12
2018-01-01,audio,SC,1,1,83.22
2018-01-01,audio,SP,11,11,2209.69
2018-01-01,auto,AL,1,1,171.84
2018-01-01,auto,BA,11,11,1921.31
2018-01-01,auto,CE,2,2,446.68
2018-01-01,auto,DF,9,9,1764.37
2018-01-01,auto,ES,8,9,1365.41
2018-01-01,auto,GO,4,4,319.09
2018-01-01,auto,MA,3,3,374.16
2018-01-01,auto,MG,34,36,6883.29
2018-01-01,auto,MT,5,5,803.14
2018-01-01,auto,PA,4,4,1416.39
2018-01-01,auto,PE,3,3,533.54
2018-01-01,auto,PI,3,3,570.72
2018-01-01,auto,PR,6,10,1489.42
2018-01-01,auto,RJ,17,21,2188.04
2018-01-01,auto,RO,2,2,163.61
2018-01-01,auto,RS,13,13,1670.41
2018-01-01,auto,SC,10,11,1380.56
2018-01-01,auto,SE,1,2,203.30
2018-01-01,auto,SP,106,117,17287.94
2018-01-01,auto,TO,1,1,179.46
2018-01-01,baby,AM,1,1,420.13
2018-01-01,baby,BA,8,8,1237.54
2018-01-01,baby,CE,2,2,233.61
2018-01-01,baby,DF,3,3,181.84
2018-01-01,baby,ES,3,3,1507.54
2018-01-01,baby,GO,6,6,661.23
2018-01-01,baby,MG,29,30,3389.58
2018-01-01,baby,MS,4,4,381.10
2018-01-01,baby,MT,4,4,534.59
2018-01-01,baby,PA,4,4,1097.70
2018-01-01,baby,PB,1,1,100.21
2018-01-01,baby,PE,4,4,805.99
2018-01-01,baby,PI,1,1,98.56
2018-01-01,baby,PR,12,13,2373.74
2018-01-01,baby,RJ,28,29,4408.26
2018-01-01,baby,RN,1,1,150.89
2018-01-01,baby,RS,12,12,1988.97
2018-01-01,baby,SC,12,13,1762.77
2018-01-01,baby,SP,73,79,13060.56
2018-01-01,baby,TO,1,1,122.15
2018-01-01,bed_bath_table,AL,2,2,328.58
2018-01-01,bed_bath_table,BA,5,7,720.48
2018-01-01,bed_bath_table,CE,3,4,404.63
2018-01-01,bed_bath_table,DF,17,18,2201.94
2018-01-01,bed_bath_table,ES,14,16,1687.97
2018-01-01,bed_bath_table,GO,11,17,1300.11
2018-01-01,bed_bath_table,MA,1,1,263.65
2018-01-01,bed_bath_table,MG,91,112,12033.71
2018-01-01,bed_bath_table,MS,3,3,296.37
2018-01-01,bed_bath_table,MT,4,6,990.52
2018-01-01,bed_bath_table,PA,6,6,615.52
2018-01-01,bed_bath_table,PE,3,4,337.40
2018-01-01,bed_bath_table,PI,4,6,610.63
2018-01-01,bed_bath_table,PR,30,34,3408.65
2018-01-01,bed_bath_table,RJ,98,114,13081.74
2018-01-01,bed_bath_table,RN,4,5,1007.31
2018-01-01,bed_bath_table,RO,1,1,129.92
2018-01-01,bed_bath_table,RS,38,46,4965.53
2018-01-01,bed_bath_table,SC,21,26,3393.69
2018-01-01,bed_bath_table,SE,1,1,168.18
2018-01-01,bed_bath_table,SP,330,405,41439.17
2018-01-01,bed_bath_table,TO,2,2,272.37
2018-01-01,books_general_interest,AC,1,1,162.02
2018-01-01,books_general_interest,BA,2,2,152.80
2018-01-01,books_general_interest,CE,1,1,142.11
2018-01-01,books_general_interest,GO,1,3,172.01
2018-01-01,books_general_interest,MG,4,4,258.00
2018-01-01,books_general_interest,PR,3,3,233.87
2018-01-01,books_general_interest,RJ,6,6,419.90
2018-01-01,books_general_interest,RN,10,12,507.24
2018-01-01,books_general_interest,RS,4,4,306.62
2018-01-01,books_general_interest,SP,8,8,436.75
2018-01-01,books_imported,MG,1,1,79.20
2018-01-01,books_imported,RJ,1,1,96.32
2018-01-01,books_imported,SP,4,4,473.15
2018-01-01,books_technical,ES,2,2,456.12
2018-01-01,books_technical,GO,1,2,185.59
2018-01-01,books_technical,MG,1,1,102.36
2018-01-01,books_technical,PE,1,1,91.99
2018-01-01,books_technical,RJ,2,2,81.10
2018-01-01,books_technical,SP,9,9,501.67
2018-01-01,christmas_supplies,BA,3,3,328.50
2018-01-01,christmas_supplies,ES,1,1,136.96
2018-01-01,christmas_supplies,RO,1,1,120.05
2018-01-01,christmas_supplies,RS,2,3,327.62
2018-01-01,christmas_supplies,SC,1,1,103.05
2018-01-01,christmas_supplies,SP,1,1,88.28
2018-01-01,cine_photo,SP,2,2,223.78
2018-01-01,computers,BA,1,1,702.97
2018-01-01,computers,MG,2,2,1326.82
2018-01-01,computers,MS,1,1,690.68
2018-01-01,computers,PA,2,2,1549.70
2018-01-01,computers,RJ,2,2,1308.82
2018-01-01,computers,RS,1,1,710.22
2018-01-01,computers,SP,2,2,1357.36
2018-01-01,computers_accessories,AL,2,2,136.82
2018-01-01,computers_accessories,AM,1,1,54.28
2018-01-01,computers_accessories,AP,3,4,1716.10
2018-01-01,computers_accessories,BA,19,23,2688.05
2018-01-01,computers_accessories,CE,5,5,929.81
2018-01-01,computers_accessories,DF,11,11,1083.27
2018-01-01,computers_accessories,ES,10,10,1281.75
2018-01-01,computers_accessories,GO,10,11,1165.20
2018-01-01,computers_accessories,MA,6,6,1257.21
2018-01-01,computers_accessories,MG,79,99,13086.60
2018-01-01,computers_accessories,MS,6,7,524.50
2018-01-01,computers_accessories,MT,2,2,121.59
2018-01-01,computers_accessories,PA,6,8,2130.45
2018-01-01,computers_accessories,PB,4,4,489.73
2018-01-01,computers_accessories,PE,7,8,2003.57
2018-01-01,computers_accessories,PI,6,6,1113.23
2018-01-01,computers_accessories,PR,24,28,3578.65
2018-01-01,computers_accessories,RJ,85,96,13103.07
2018-01-01,computers_accessories,RN,3,3,599.47
2018-01-01,computers_accessories,RO,2,2,348.28
2018-01-01,computers_accessories,RS,26,31,3558.84
2018-01-01,computers_accessories,SC,21,24,3939.28
2018-01-01,computers_accessories,SE,3,3,524.34
2018-01-01,computers_accessories,SP,232,292,37435.23
2018-01-01,computers_accessories,TO,1,2,217.21
2018-01-01,consoles_games,AL,1,1,738.57
2018-01-01,consoles_games,BA,1,1,144.33
2018-01-01,consoles_games,MG,9,10,2389.97
2018-01-01,consoles_games,MT,1,1,49.29
2018-01-01,consoles_games,PI,1,1,46.05
2018-01-01,consoles_games,PR,3,3,525.04
2018-01-01,consoles_games,RJ,5,5,1076.53
2018-01-01,consoles_games,RS,2,2,447.89
2018-01-01,consoles_games,SC,2,2,288.56
2018-01-01,consoles_games,SP,25,25,2438.82
2018-01-01,construction_tools_construction,BA,2,3,891.54
2018-01-01,construction_tools_construction,MA,1,1,71.14
2018-01-01,construction_tools_construction,MG,5,5,567.30
2018-01-01,construction_tools_construction,MT,1,1,1403.66
2018-01-01,construction_tools_construction,PR,4,4,639.84
2018-01-01,construction_tools_construction,RJ,6,7,2454.73
2018-01-01,construction_tools_construction,RN,2,2,709.95
2018-01-01,construction_tools_construction,RS,1,2,319.53
2018-01-01,construction_tools_construction,SP,18,23,3695.63
2018-01-01,construction_tools_lights,SP,6,7,2554.77
2018-01-01,construction_tools_safety,CE,1,1,209.05
2018-01-01,construction_tools_safety,MG,2,2,936.38
2018-01-01,construction_tools_safety,RS,2,3,271.33
2018-01-01,construction_tools_safety,SC,1,2,273.22
2018-01-01,construction_tools_safety,SP,3,3,734.78
2018-01-01,cool_stuff,AL,1,1,179.70
2018-01-01,cool_stuff,BA,13,13,2119.23
2018-01-01,cool_stuff,CE,2,3,531.24
2018-01-01,cool_stuff,DF,4,4,345.65
2018-01-01,cool_stuff,ES,10,13,2430.81
2018-01-01,cool_stuff,GO,6,6,755.24
2018-01-01,cool_stuff,MA,2,2,388.37
2018-01-01,cool_stuff,MG,28,30,3019.45
2018-01-01,cool_stuff,MS,3,3,1022.64
2018-01-01,cool_stuff,MT,4,4,420.57
2018-01-01,cool_stuff,PA,1,1,101.90
2018-01-01,cool_stuff,PB,1,1,525.46
2018-01-01,cool_stuff,PE,4,4,523.45
2018-01-01,cool_stuff,PR,15,15,2820.38
2018-01-01,cool_stuff,RJ,38,39,7784.35
2018-01-01,cool_stuff,RN,2,2,479.57
2018-01-01,cool_stuff,RO,3,3,709.78
2018-01-01,cool_stuff,RS,18,20,2782.70
2018-01-01,cool_stuff,SC,12,13,1756.29
2018-01-01,cool_stuff,SE,2,2,872.38
2018-01-01,cool_stuff,SP,116,117,15292.73
2018-01-01,costruction_tools_garden,BA,1,1,151.14
2018-01-01,costruction_tools_garden,CE,1,1,42.23
2018-01-01,costruction_tools_garden,DF,1,1,144.56
2018-01-01,costruction_tools_garden,GO,2,2,171.39
2018-01-01,costruction_tools_garden,PI,2,2,214.07
2018-01-01,costruction_tools_garden,PR,1,2,424.82
2018-01-01,costruction_tools_garden,RJ,5,7,2298.07
2018-01-01,costruction_tools_garden,RS,2,2,81.72
2018-01-01,costruction_tools_garden,SC,1,1,101.84
2018-01-01,costruction_tools_garden,SP,5,5,875.90
2018-01-01,costruction_tools_tools,GO,1,1,170.19
2018-01-01,costruction_tools_tools,MG,3,3,149.65
2018-01-01,costruction_tools_tools,PA,1,1,52.63
2018-01-01,costruction_tools_tools,RJ,1,1,208.48
2018-01-01,costruction_tools_tools,RS,2,2,114.18
2018-01-01,diapers_and_hygiene,SP,1,5,188.45
2018-01-01,drinks,BA,1,1,58.59
2018-01-01,drinks,CE,2,3,231.18
2018-01-01,drinks,GO,1,4,175.48
2018-01-01,drinks,MG,2,2,145.29
2018-01-01,drinks,MS,2,2,127.20
2018-01-01,drinks,PR,2,2,137.25
2018-01-01,drinks,RJ,7,9,703.67
2018-01-01,drinks,RS,2,2,127.20
2018-01-01,drinks,SC,1,1,73.65
2018-01-01,drinks,SP,19,24,1168.88
2018-01-01,dvds_blu_ray,SC,1,1,46.05
2018-01-01,dvds_blu_ray,SP,1,1,50.53
2018-01-01,electronics,AL,1,1,43.05
2018-01-01,electronics,AP,1,1,34.80
2018-01-01,electronics,BA,17,18,1280.86
2018-01-01,electronics,CE,5,5,301.96
2018-01-01,electronics,DF,5,6,421.62
2018-01-01,electronics,ES,11,11,980.26
2018-01-01,electronics,GO,5,5,146.10
2018-01-01,electronics,MA,1,1,34.80
2018-01-01,electronics,MG,30,37,2409.91
2018-01-01,electronics,MS,3,3,237.55
2018-01-01,electronics,MT,2,2,83.22
2018-01-01,electronics,PA,3,3,906.88
2018-01-01,electronics,PB,2,2,1959.55
2018-01-01,electronics,PE,3,3,96.44
2018-01-01,electronics,PI,2,2,96.08
2018-01-01,electronics,PR,24,26,1062.22
2018-01-01,electronics,RJ,52,62,3512.63
2018-01-01,electronics,RN,1,1,62.28
2018-01-01,electronics,RO,1,1,47.80
2018-01-01,electronics,RS,21,23,1063.74
2018-01-01,electronics,SC,13,14,589.85
2018-01-01,electronics,SE,1,1,249.67
2018-01-01,electronics,SP,115,120,5847.77
2018-01-01,fashio_female_clothing,SP,3,3,196.48
2018-01-01,fashion_bags_accessories,AC,1,1,121.20
2018-01-01,fashion_bags_accessories,BA,6,6,859.47
2018-01-01,fashion_bags_accessories,CE,3,3,192.99
2018-01-01,fashion_bags_accessories,DF,2,2,93.30
2018-01-01,fashion_bags_accessories,ES,5,5,380.46
2018-01-01,fashion_bags_accessories,GO,3,3,280.17
2018-01-01,fashion_bags_accessories,MA,1,1,212.99
2018-01-01,fashion_bags_accessories,MG,17,17,1530.03
2018-01-01,fashion_bags_accessories,MS,2,2,91.09
2018-01-01,fashion_bags_accessories,PA,1,1,69.05
2018-01-01,fashion_bags_accessories,PE,3,3,153.20
2018-01-01,fashion_bags_accessories,PR,6,8,410.56
2018-01-01,fashion_bags_accessories,RJ,9,10,1321.92
2018-01-01,fashion_bags_accessories,RS,3,3,269.12
2018-01-01,fashion_bags_accessories,SC,6,6,756.39
2018-01-01,fashion_bags_accessories,SP,48,54,3107.11
2018-01-01,fashion_male_clothing,GO,1,1,76.08
2018-01-01,fashion_male_clothing,MG,1,2,270.98
2018-01-01,fashion_male_clothing,MT,1,1,183.85
2018-01-01,fashion_male_clothing,RS,1,1,58.60
2018-01-01,fashion_male_clothing,SP,1,1,72.66
2018-01-01,fashion_shoes,BA,1,1,118.63
2018-01-01,fashion_shoes,ES,1,1,102.74
2018-01-01,fashion_shoes,MG,2,2,149.43
2018-01-01,fashion_shoes,PR,1,1,70.22
2018-01-01,fashion_shoes,SC,1,3,308.33
2018-01-01,fashion_shoes,SP,1,1,72.96
2018-01-01,fashion_sport,SC,1,1,75.07
2018-01-01,fashion_sport,SP,1,1,70.27
2018-01-01,fashion_underwear_beach,BA,1,1,172.53
2018-01-01,fashion_underwear_beach,MG,2,2,245.91
2018-01-01,fashion_underwear_beach,PA,1,1,85.60
2018-01-01,fashion_underwear_beach,SP,4,4,372.98
2018-01-01,fixed_telephony,AM,1,1,41.14
2018-01-01,fixed_telephony,BA,1,1,43.69
2018-01-01,fixed_telephony,PB,1,1,1437.10
2018-01-01,fixed_telephony,RJ,1,1,32.09
2018-01-01,fixed_telephony,RS,1,1,93.30
2018-01-01,fixed_telephony,SP,5,5,986.23
2018-01-01,flowers,MG,1,2,65.42
2018-01-01,flowers,MS,1,1,46.30
2018-01-01,flowers,PE,1,2,145.12
2018-01-01,flowers,RJ,2,2,75.61
2018-01-01,flowers,RS,1,1,38.91
2018-01-01,flowers,SP,1,2,66.90
2018-01-01,food,GO,1,2,150.14
2018-01-01,food,PE,1,1,53.53
2018-01-01,food,RJ,2,2,128.02
2018-01-01,food,SC,2,2,107.72
2018-01-01,food,SP,12,12,640.71
2018-01-01,food_drink,CE,1,2,53.24
2018-01-01,food_drink,ES,1,1,57.72
2018-01-01,food_drink,MG,1,1,27.69
2018-01-01,food_drink,PE,1,1,43.62
2018-01-01,food_drink,PR,1,1,52.59
2018-01-01,food_drink,RJ,2,2,100.51
2018-01-01,food_drink,RN,1,1,68.00
2018-01-01,food_drink,SP,2,2,125.85
2018-01-01,furniture_bedroom,RS,1,1,230.75
2018-01-01,furniture_bedroom,SP,4,4,834.29
2018-01-01,furniture_decor,AC,1,1,141.32
2018-01-01,furniture_decor,AL,2,2,199.60
2018-01-01,furniture_decor,BA,13,17,1881.24
2018-01-01,furniture_decor,CE,6,7,895.87
2018-01-01,furniture_decor,DF,8,9,1088.79
2018-01-01,furniture_decor,ES,8,10,746.71
2018-01-01,furniture_decor,GO,10,14,1560.46
2018-01-01,furniture_decor,MA,3,3,745.46
2018-01-01,furniture_decor,MG,60,83,8343.82
2018-01-01,furniture_decor,MS,3,3,581.23
2018-01-01,furniture_decor,MT,6,7,630.38
2018-01-01,furniture_decor,PA,4,6,966.91
2018-01-01,furniture_decor,PB,1,1,441.62
2018-01-01,furniture_decor,PE,6,7,999.30
2018-01-01,furniture_decor,PI,1,1,361.20
2018-01-01,furniture_decor,PR,21,25,3300.86
2018-01-01,furniture_decor,RJ,49,58,7524.33
2018-01-01,furniture_decor,RN,2,2,360.78
2018-01-01,furniture_decor,RO,1,1,192.45
2018-01-01,furniture_decor,RS,28,40,3905.17
2018-01-01,furniture_decor,SC,25,30,3171.39
2018-01-01,furniture_decor,SP,209,268,27535.68
2018-01-01,furniture_living_room,BA,1,1,55.21
2018-01-01,furniture_living_room,GO,1,1,213.76
2018-01-01,furniture_living_room,MG,2,2,197.66
2018-01-01,furniture_living_room,PR,1,1,75.16
2018-01-01,furniture_living_room,RJ,5,5,824.42
2018-01-01,furniture_living_room,SC,1,1,82.73
2018-01-01,furniture_living_room,SP,11,11,1413.01
2018-01-01,furniture_mattress_and_upholstery,MG,1,1,137.35
2018-01-01,furniture_mattress_and_upholstery,SC,1,1,137.35
2018-01-01,furniture_mattress_and_upholstery,SP,7,7,995.70
2018-01-01,garden_tools,AC,1,1,548.93
2018-01-01,garden_tools,AL,1,1,87.80
2018-01-01,garden_tools,AM,1,1,1853.75
2018-01-01,garden_tools,BA,10,10,3423.82
2018-01-01,garden_tools,CE,1,1,147.13
2018-01-01,garden_tools,DF,1,1,121.00
2018-01-01,garden_tools,ES,4,4,373.21
2018-01-01,garden_tools,GO,2,2,257.34
2018-01-01,garden_tools,MA,1,1,87.80
2018-01-01,garden_tools,MG,27,33,5177.36
2018-01-01,garden_tools,MS,3,3,422.12
2018-01-01,garden_tools,MT,4,5,407.29
2018-01-01,garden_tools,PA,1,1,78.65
2018-01-01,garden_tools,PB,1,1,87.80
2018-01-01,garden_tools,PE,3,3,214.24
2018-01-01,garden_tools,PR,10,11,1676.25
2018-01-01,garden_tools,RJ,35,44,4657.54
2018-01-01,garden_tools,RN,1,1,87.80
2018-01-01,garden_tools,RS,14,17,3171.24
2018-01-01,garden_tools,SC,13,16,1944.90
2018-01-01,garden_tools,SE,2,2,175.60
2018-01-01,garden_tools,SP,66,77,7472.53
2018-01-01,health_beauty,AL,4,4,712.04
2018-01-01,health_beauty,BA,14,14,4299.18
2018-01-01,health_beauty,CE,11,13,2525.94
2018-01-01,health_beauty,DF,11,11,1082.63
2018-01-01,health_beauty,ES,4,5,681.84
2018-01-01,health_beauty,GO,12,14,1743.97
2018-01-01,health_beauty,MA,6,9,1659.03
2018-01-01,health_beauty,MG,58,60,8749.07
2018-01-01,health_beauty,MS,4,4,1235.15
2018-01-01,health_beauty,MT,8,10,1623.52
2018-01-01,health_beauty,PA,2,2,527.21
2018-01-01,health_beauty,PB,4,4,927.85
2018-01-01,health_beauty,PE,13,13,3172.35
2018-01-01,health_beauty,PI,5,5,589.48
2018-01-01,health_beauty,PR,30,33,4280.10
2018-01-01,health_beauty,RJ,60,69,7392.21
2018-01-01,health_beauty,RN,4,4,889.80
2018-01-01,health_beauty,RO,1,2,159.52
2018-01-01,health_beauty,RS,34,37,3995.61
2018-01-01,health_beauty,SC,19,22,3026.77
2018-01-01,health_beauty,SE,1,1,860.95
2018-01-01,health_beauty,SP,256,280,31554.01
2018-01-01,health_beauty,TO,2,3,301.45
2018-01-01,home_appliances,BA,1,1,64.38
2018-01-01,home_appliances,MG,5,5,639.02
2018-01-01,home_appliances,MS,1,1,29.10
2018-01-01,home_appliances,PR,1,1,180.90
2018-01-01,home_appliances,RJ,4,4,299.68
2018-01-01,home_appliances,RS,1,1,69.06
2018-01-01,home_appliances,SC,1,1,29.10
2018-01-01,home_appliances,SP,12,13,796.05
2018-01-01,home_appliances_2,DF,1,1,939.11
2018-01-01,home_appliances_2,GO,1,1,53.00
2018-01-01,home_appliances_2,MG,2,2,788.53
2018-01-01,home_appliances_2,MS,1,2,115.00
2018-01-01,home_appliances_2,PR,1,1,1118.05
2018-01-01,home_appliances_2,RJ,1,1,2152.92
2018-01-01,home_appliances_2,SP,5,5,3942.96
2018-01-01,home_confort,DF,1,1,89.00
2018-01-01,home_confort,GO,1,1,271.58
2018-01-01,home_confort,MG,2,2,970.09
2018-01-01,home_confort,PI,2,2,511.65
2018-01-01,home_confort,PR,1,1,224.39
2018-01-01,home_confort,RS,2,2,298.32
2018-01-01,home_confort,SC,1,1,41.50
2018-01-01,home_confort,SP,8,8,1029.08
2018-01-01,home_construction,AL,1,1,449.92
2018-01-01,home_construction,BA,1,2,1206.34
2018-01-01,home_construction,CE,1,3,613.85
2018-01-01,home_construction,ES,1,2,110.20
2018-01-01,home_construction,MG,2,2,527.43
2018-01-01,home_construction,PI,1,1,77.40
2018-01-01,home_construction,PR,2,2,162.84
2018-01-01,home_construction,RJ,1,2,110.00
2018-01-01,home_construction,RS,2,2,829.29
2018-01-01,home_construction,SC,2,3,213.91
2018-01-01,home_construction,SP,13,20,2325.80
2018-01-01,housewares,BA,9,9,1142.88
2018-01-01,housewares,CE,3,8,1956.94
2018-01-01,housewares,DF,6,8,596.97
2018-01-01,housewares,ES,5,5,845.39
2018-01-01,housewares,GO,3,3,159.10
2018-01-01,housewares,MA,2,2,294.95
2018-01-01,housewares,MG,40,46,7060.71
2018-01-01,housewares,MS,2,2,247.63
2018-01-01,housewares,MT,3,3,453.94
2018-01-01,housewares,PA,1,1,411.35
2018-01-01,housewares,PE,6,7,653.76
2018-01-01,housewares,PR,16,17,2679.90
2018-01-01,housewares,RJ,36,43,5863.26
2018-01-01,housewares,RS,15,15,1613.92
2018-01-01,housewares,SC,19,23,2664.76
2018-01-01,housewares,SP,150,158,17996.27
2018-01-01,housewares,TO,1,1,510.78
2018-01-01,industry_commerce_and_business,GO,2,2,502.43
2018-01-01,industry_commerce_and_business,MG,1,1,212.09
2018-01-01,industry_commerce_and_business,PI,2,2,194.25
2018-01-01,industry_commerce_and_business,RJ,1,1,127.05
2018-01-01,industry_commerce_and_business,RO,1,1,127.90
2018-01-01,industry_commerce_and_business,RS,1,1,131.05
2018-01-01,industry_commerce_and_business,SC,1,1,128.02
2018-01-01,industry_commerce_and_business,SP,6,9,1801.04
2018-01-01,kitchen_dining_laundry_garden_furniture,CE,1,1,221.80
2018-01-01,kitchen_dining_laundry_garden_furniture,MG,2,3,430.92
2018-01-01,kitchen_dining_laundry_garden_furniture,RJ,3,3,460.80
2018-01-01,kitchen_dining_laundry_garden_furniture,RS,3,3,998.21
2018-01-01,kitchen_dining_laundry_garden_furniture,SC,2,2,292.29
2018-01-01,kitchen_dining_laundry_garden_furniture,SP,9,9,3545.20
2018-01-01,la_cuisine,SP,1,1,130.03
2018-01-01,luggage_accessories,AC,1,1,105.14
2018-01-01,luggage_accessories,AL,1,1,381.76
2018-01-01,luggage_accessories,AM,1,1,371.19
2018-01-01,luggage_accessories,DF,4,4,756.99
2018-01-01,luggage_accessories,ES,2,2,1102.65
2018-01-01,luggage_accessories,GO,1,1,41.09
2018-01-01,luggage_accessories,MG,23,25,4756.87
2018-01-01,luggage_accessories,MS,2,2,472.82
2018-01-01,luggage_accessories,PB,1,1,90.90
2018-01-01,luggage_accessories,PE,1,1,138.15
2018-01-01,luggage_accessories,PR,5,5,677.30
2018-01-01,luggage_accessories,RJ,12,12,1980.42
2018-01-01,luggage_accessories,RS,5,5,1149.81
2018-01-01,luggage_accessories,SC,3,3,388.24
2018-01-01,luggage_accessories,SE,1,1,75.59
2018-01-01,luggage_accessories,SP,58,61,9327.01
2018-01-01,market_place,DF,1,1,42.03
2018-01-01,market_place,MG,2,2,118.61
2018-01-01,market_place,MS,1,1,43.22
2018-01-01,market_place,MT,1,1,103.33
2018-01-01,market_place,SP,7,9,739.57
2018-01-01,music,RJ,1,1,40.07
2018-01-01,musical_instruments,AC,1,1,79.28
2018-01-01,musical_instruments,AP,1,1,222.71
2018-01-01,musical_instruments,BA,6,6,1121.08
2018-01-01,musical_instruments,CE,2,2,994.14
2018-01-01,musical_instruments,ES,2,2,677.56
2018-01-01,musical_instruments,MA,1,1,99.13
2018-01-01,musical_instruments,MG,7,9,2033.09
2018-01-01,musical_instruments,MS,1,1,187.53
2018-01-01,musical_instruments,PA,1,1,84.69
2018-01-01,musical_instruments,PE,1,1,108.86
2018-01-01,musical_instruments,PR,1,1,90.66
2018-01-01,musical_instruments,RJ,1,1,619.86
2018-01-01,musical_instruments,RS,2,2,2221.66
2018-01-01,musical_instruments,SC,3,3,816.02
2018-01-01,musical_instruments,SP,19,19,7069.46
2018-01-01,office_furniture,AL,1,1,398.63
2018-01-01,office_furniture,AM,1,1,83.05
2018-01-01,office_furniture,BA,5,11,1420.02
2018-01-01,office_furniture,DF,2,2,637.29
2018-01-01,office_furniture,ES,2,2,330.46
2018-01-01,office_furniture,GO,3,3,363.16
2018-01-01,office_furniture,MA,2,3,555.34
2018-01-01,office_furniture,MG,11,16,2847.98
2018-01-01,office_furniture,MT,1,1,271.63
2018-01-01,office_furniture,PA,1,1,200.33
2018-01-01,office_furniture,PE,2,2,390.96
2018-01-01,office_furniture,PI,1,1,325.75
2018-01-01,office_furniture,PR,5,12,1551.27
2018-01-01,office_furniture,RJ,17,23,4500.97
2018-01-01,office_furniture,RO,2,3,690.23
2018-01-01,office_furniture,RS,6,7,1325.46
2018-01-01,office_furniture,SC,5,7,1334.72
2018-01-01,office_furniture,SP,37,46,7692.69
2018-01-01,party_supplies,RJ,1,1,84.63
2018-01-01,party_supplies,RS,1,1,85.63
2018-01-01,perfumery,AL,1,1,75.17
2018-01-01,perfumery,BA,2,2,144.55
2018-01-01,perfumery,CE,1,2,82.28
2018-01-01,perfumery,DF,6,7,828.99
2018-01-01,perfumery,ES,1,1,25.70
2018-01-01,perfumery,GO,3,3,529.08
2018-01-01,perfumery,MA,1,1,173.77
2018-01-01,perfumery,MG,29,29,3465.74
2018-01-01,perfumery,MS,4,6,249.17
2018-01-01,perfumery,MT,3,3,316.19
2018-01-01,perfumery,PA,4,4,531.48
2018-01-01,perfumery,PI,1,1,35.14
2018-01-01,perfumery,PR,11,12,687.53
2018-01-01,perfumery,RJ,26,28,2964.41
2018-01-01,perfumery,RN,3,3,550.00
2018-01-01,perfumery,RS,17,17,2484.83
2018-01-01,perfumery,SC,8,9,992.03
2018-01-01,perfumery,SE,1,1,75.63
2018-01-01,perfumery,SP,85,93,8605.44
2018-01-01,pet_shop,AL,1,1,184.36
2018-01-01,pet_shop,BA,5,6,535.30
2018-01-01,pet_shop,CE,1,1,38.88
2018-01-01,pet_shop,DF,4,5,1494.75
2018-01-01,pet_shop,ES,1,3,147.27
2018-01-01,pet_shop,MA,1,1,177.52
2018-01-01,pet_shop,MG,11,12,2040.68
2018-01-01,pet_shop,MS,1,1,98.99
2018-01-01,pet_shop,MT,1,1,209.46
2018-01-01,pet_shop,PA,1,1,193.47
2018-01-01,pet_shop,PB,1,1,151.70
2018-01-01,pet_shop,PE,1,2,77.04
2018-01-01,pet_shop,PI,1,1,40.38
2018-01-01,pet_shop,PR,1,1,134.05
2018-01-01,pet_shop,RJ,4,4,915.36
2018-01-01,pet_shop,RS,3,3,328.16
2018-01-01,pet_shop,SC,6,7,820.10
2018-01-01,pet_shop,SP,31,37,4857.93
2018-01-01,pet_shop,TO,1,1,135.92
2018-01-01,signaling_and_security,BA,1,1,45.78
2018-01-01,signaling_and_security,PR,1,1,149.23
2018-01-01,signaling_and_security,SP,5,6,1100.96
2018-01-01,small_appliances,BA,1,1,86.80
2018-01-01,small_appliances,CE,1,1,333.54
2018-01-01,small_appliances,DF,2,2,423.32
2018-01-01,small_appliances,ES,1,1,581.11
2018-01-01,small_appliances,GO,3,3,1945.06
2018-01-01,small_appliances,MG,5,5,2328.52
2018-01-01,small_appliances,MS,1,1,76.09
2018-01-01,small_appliances,MT,1,2,445.50
2018-01-01,small_appliances,PA,1,1,223.88
2018-01-01,small_appliances,PR,2,2,330.96
2018-01-01,small_appliances,RJ,7,8,3441.89
2018-01-01,small_appliances,RO,1,1,125.15
2018-01-01,small_appliances,RS,1,2,522.14
2018-01-01,small_appliances,SC,1,1,208.08
2018-01-01,small_appliances,SP,22,22,4507.21
2018-01-01,small_appliances_home_oven_and_coffee,SP,1,1,385.13
2018-01-01,sports_leisure,AL,5,5,827.35
2018-01-01,sports_leisure,AM,2,2,232.03
2018-01-01,sports_leisure,AP,2,2,259.11
2018-01-01,sports_leisure,BA,17,20,6972.24
2018-01-01,sports_leisure,CE,3,3,314.48
2018-01-01,sports_leisure,DF,7,14,1583.93
2018-01-01,sports_leisure,ES,13,14,2163.37
2018-01-01,sports_leisure,GO,13,16,1870.26
2018-01-01,sports_leisure,MA,5,9,1208.48
2018-01-01,sports_leisure,MG,70,74,13093.85
2018-01-01,sports_leisure,MS,8,10,2730.28
2018-01-01,sports_leisure,MT,8,9,1317.26
2018-01-01,sports_leisure,PA,5,7,2071.00
2018-01-01,sports_leisure,PB,4,4,537.02
2018-01-01,sports_leisure,PE,4,4,2126.65
2018-01-01,sports_leisure,PI,4,5,2471.63
2018-01-01,sports_leisure,PR,35,39,4129.97
2018-01-01,sports_leisure,RJ,68,74,11561.67
2018-01-01,sports_leisure,RN,1,1,215.55
2018-01-01,sports_leisure,RO,1,1,75.08
2018-01-01,sports_leisure,RR,1,1,162.79
2018-01-01,sports_leisure,RS,26,30,3770.09
2018-01-01,sports_leisure,SC,28,33,4384.79
2018-01-01,sports_leisure,SE,2,2,210.09
2018-01-01,sports_leisure,SP,242,261,34536.73
2018-01-01,sports_leisure,TO,1,2,252.88
2018-01-01,stationery,AL,2,2,238.50
2018-01-01,stationery,AM,1,1,179.45
2018-01-01,stationery,BA,10,10,1155.38
2018-01-01,stationery,CE,5,6,702.72
2018-01-01,stationery,DF,6,6,621.64
2018-01-01,stationery,ES,10,10,1269.11
2018-01-01,stationery,GO,7,9,1513.64
2018-01-01,stationery,MA,4,4,534.89
2018-01-01,stationery,MG,41,45,5683.67
2018-01-01,stationery,MS,4,6,744.04
2018-01-01,stationery,MT,5,6,1039.17
2018-01-01,stationery,PA,2,2,347.93
2018-01-01,stationery,PB,4,5,697.98
2018-01-01,stationery,PE,6,6,702.67
2018-01-01,stationery,PI,3,3,452.00
2018-01-01,stationery,PR,23,23,2637.94
2018-01-01,stationery,RJ,43,45,5484.27
2018-01-01,stationery,RN,2,2,264.41
2018-01-01,stationery,RO,1,1,99.15
2018-01-01,stationery,RS,20,20,2819.47
2018-01-01,stationery,SC,13,13,1496.40
2018-01-01,stationery,SP,155,159,17582.30
2018-01-01,stationery,TO,1,1,56.79
2018-01-01,tablets_printing_image,SP,3,3,186.77
2018-01-01,telephony,AL,6,7,385.96
2018-01-01,telephony,AM,2,2,122.27
2018-01-01,telephony,AP,2,2,132.19
2018-01-01,telephony,BA,14,14,789.86
2018-01-01,telephony,CE,6,6,311.71
2018-01-01,telephony,DF,6,6,307.52
2018-01-01,telephony,ES,10,12,954.27
2018-01-01,telephony,GO,9,9,357.63
2018-01-01,telephony,MA,5,5,632.71
2018-01-01,telephony,MG,37,40,2636.64
2018-01-01,telephony,MS,2,2,198.68
2018-01-01,telephony,MT,12,14,571.12
2018-01-01,telephony,PA,5,6,324.73
2018-01-01,telephony,PB,3,4,228.56
2018-01-01,telephony,PE,18,18,1369.98
2018-01-01,telephony,PI,2,2,113.19
2018-01-01,telephony,PR,31,33,1321.09
2018-01-01,telephony,RJ,24,26,1586.86
2018-01-01,telephony,RO,2,2,101.18
2018-01-01,telephony,RS,13,13,634.06
2018-01-01,telephony,SC,15,15,692.81
2018-01-01,telephony,SE,2,2,125.28
2018-01-01,telephony,SP,115,126,6225.64
2018-01-01,telephony,TO,2,2,131.24
2018-01-01,toys,AL,1,1,286.75
2018-01-01,toys,AM,1,1,76.17
2018-01-01,toys,BA,2,2,483.17
2018-01-01,toys,DF,3,3,239.60
2018-01-01,toys,ES,5,5,535.25
2018-01-01,toys,GO,3,3,302.95
2018-01-01,toys,MA,2,2,625.52
2018-01-01,toys,MG,11,12,1224.63
2018-01-01,toys,MS,4,4,643.13
2018-01-01,toys,MT,1,1,88.05
2018-01-01,toys,PB,1,1,111.33
2018-01-01,toys,PE,1,1,121.49
2018-01-01,toys,PR,12,12,1464.34
2018-01-01,toys,RJ,23,23,3160.34
2018-01-01,toys,RN,2,2,320.07
2018-01-01,toys,RS,5,5,929.09
2018-01-01,toys,SC,11,11,2249.28
2018-01-01,toys,SP,65,71,11293.22
2018-01-01,toys,TO,1,1,56.79
2018-01-01,unknown,AL,1,1,144.65
2018-01-01,unknown,BA,8,13,1503.63
2018-01-01,unknown,CE,1,1,347.77
2018-01-01,unknown,DF,5,5,526.96
2018-01-01,unknown,ES,1,1,85.01
2018-01-01,unknown,GO,7,7,993.40
2018-01-01,unknown,MG,18,18,2253.26
2018-01-01,unknown,MS,2,2,166.00
2018-01-01,unknown,MT,2,2,215.55
2018-01-01,unknown,PA,5,5,638.18
2018-01-01,unknown,PB,2,2,235.71
2018-01-01,unknown,PE,3,4,774.66
2018-01-01,unknown,PI,2,2,116.73
2018-01-01,unknown,PR,10,11,1061.55
2018-01-01,unknown,RJ,11,16,1638.38
2018-01-01,unknown,RS,8,8,912.34
2018-01-01,unknown,SC,12,12,1602.14
2018-01-01,unknown,SE,1,1,70.57
2018-01-01,unknown,SP,72,82,10635.49
2018-01-01,watches_gifts,AL,1,1,247.37
2018-01-01,watches_gifts,AP,2,3,423.83
2018-01-01,watches_gifts,BA,13,14,3429.82
2018-01-01,watches_gifts,CE,7,7,1551.48
2018-01-01,watches_gifts,DF,7,8,2344.11
2018-01-01,watches_gifts,ES,8,8,2295.22
2018-01-01,watches_gifts,GO,10,10,1553.57
2018-01-01,watches_gifts,MA,7,7,1693.71
2018-01-01,watches_gifts,MG,35,38,7110.90
2018-01-01,watches_gifts,MS,1,1,220.88
2018-01-01,watches_gifts,MT,2,2,380.07
2018-01-01,watches_gifts,PA,6,6,1642.94
2018-01-01,watches_gifts,PE,5,6,562.83
2018-01-01,watches_gifts,PI,2,2,485.09
2018-01-01,watches_gifts,PR,13,26,5075.28
2018-01-01,watches_gifts,RJ,43,45,11025.68
2018-01-01,watches_gifts,RN,2,3,336.31
2018-01-01,watches_gifts,RS,10,11,2858.90
2018-01-01,watches_gifts,SC,16,16,2738.86
2018-01-01,watches_gifts,SE,1,1,77.69
2018-01-01,watches_gifts,SP,129,136,32587.06
2018-01-01,watches_gifts,TO,2,4,544.25
2018-02-01,agro_industry_and_commerce,CE,1,5,456.14
2018-02-01,agro_industry_and_commerce,GO,1,1,499.69
2018-02-01,agro_industry_and_commerce,MG,3,4,573.08
2018-02-01,agro_industry_and_commerce,MS,1,1,442.26
2018-02-01,agro_industry_and_commerce,MT,1,1,445.32
2018-02-01,agro_industry_and_commerce,PE,1,1,472.67
2018-02-01,agro_industry_and_commerce,PR,1,1,429.09
2018-02-01,agro_industry_and_commerce,RJ,4,4,1933.20
2018-02-01,agro_industry_and_commerce,SP,7,8,2779.96
2018-02-01,air_conditioning,BA,1,1,207.67
2018-02-01,air_conditioning,DF,1,1,215.15
2018-02-01,air_conditioning,MG,1,1,41.00
2018-02-01,air_conditioning,RJ,2,2,316.19
2018-02-01,air_conditioning,SP,6,7,2112.66
2018-02-01,art,BA,1,1,134.64
2018-02-01,art,PB,1,1,154.18
2018-02-01,art,PE,1,1,144.22
2018-02-01,art,PI,1,2,308.36
2018-02-01,art,PR,1,1,61.50
2018-02-01,art,RJ,2,2,266.85
2018-02-01,art,SP,4,4,439.48
2018-02-01,audio,ES,2,2,239.07
2018-02-01,audio,GO,1,1,608.88
2018-02-01,audio,MT,1,1,192.67
2018-02-01,audio,PR,1,1,190.98
2018-02-01,audio,RJ,3,3,999.89
2018-02-01,audio,SP,7,7,807.09
2018-02-01,auto,AL,2,2,1418.34
2018-02-01,auto,BA,7,7,1410.06
2018-02-01,auto,CE,6,6,827.76
2018-02-01,auto,DF,8,9,1895.63
2018-02-01,auto,ES,5,5,1206.14
2018-02-01,auto,GO,6,6,982.04
2018-02-01,auto,MA,5,5,803.78
2018-02-01,auto,MG,41,44,8380.65
2018-02-01,auto,MS,4,4,327.32
2018-02-01,auto,MT,7,7,1514.25
2018-02-01,auto,PA,7,7,1181.26
2018-02-01,auto,PB,1,1,111.43
2018-02-01,auto,PE,7,7,1403.90
2018-02-01,auto,PR,15,17,2669.09
2018-02-01,auto,RJ,31,31,3219.66
2018-02-01,auto,RS,18,18,3340.60
2018-02-01,auto,SC,13,14,2149.49
2018-02-01,auto,SP,116,125,14485.38
2018-02-01,baby,AL,1,1,263.24
2018-02-01,baby,AM,1,1,51.14
2018-02-01,baby,BA,2,2,301.63
2018-02-01,baby,CE,5,5,581.78
2018-02-01,baby,DF,6,6,1136.50
2018-02-01,baby,ES,5,5,427.29
2018-02-01,baby,GO,1,1,769.99
2018-02-01,baby,MA,4,4,856.37
2018-02-01,baby,MG,17,17,3760.46
2018-02-01,baby,MS,2,3,180.32
2018-02-01,baby,MT,2,2,314.42
2018-02-01,baby,PA,5,5,764.81
2018-02-01,baby,PE,4,4,478.71
2018-02-01,baby,PR,8,9,3032.79
2018-02-01,baby,RJ,19,20,2052.61
2018-02-01,baby,RO,1,1,146.00
2018-02-01,baby,RS,9,11,1239.66
2018-02-01,baby,SC,4,4,1579.73
2018-02-01,baby,SP,68,70,10847.35
2018-02-01,baby,TO,1,1,563.07
2018-02-01,bed_bath_table,AL,1,1,38.05
2018-02-01,bed_bath_table,BA,21,24,2646.50
2018-02-01,bed_bath_table,CE,5,8,727.29
2018-02-01,bed_bath_table,DF,12,16,1673.88
2018-02-01,bed_bath_table,ES,15,19,1966.38
2018-02-01,bed_bath_table,GO,22,28,2662.30
2018-02-01,bed_bath_table,MA,1,1,161.69
2018-02-01,bed_bath_table,MG,65,72,9085.47
2018-02-01,bed_bath_table,MS,4,4,299.77
2018-02-01,bed_bath_table,MT,4,4,638.42
2018-02-01,bed_bath_table,PA,1,2,79.98
2018-02-01,bed_bath_table,PB,1,1,291.50
2018-02-01,bed_bath_table,PE,6,6,898.01
2018-02-01,bed_bath_table,PI,2,3,339.41
2018-02-01,bed_bath_table,PR,25,28,2844.66
2018-02-01,bed_bath_table,RJ,77,89,8797.39
2018-02-01,bed_bath_table,RN,1,1,57.05
2018-02-01,bed_bath_table,RO,1,1,309.16
2018-02-01,bed_bath_table,RR,1,1,116.92
2018-02-01,bed_bath_table,RS,28,33,3619.46
2018-02-01,bed_bath_table,SC,21,22,2801.90
2018-02-01,bed_bath_table,SP,274,321,31555.24
2018-02-01,books_general_interest,CE,1,1,256.22
2018-02-01,books_general_interest,MG,1,1,132.25
2018-02-01,books_general_interest,PE,1,1,71.79
2018-02-01,books_general_interest,PR,1,1,45.10
2018-02-01,books_general_interest,RJ,2,2,370.10
2018-02-01,books_general_interest,RS,3,3,217.96
2018-02-01,books_general_interest,SC,5,5,435.41
2018-02-01,books_general_interest,SP,14,14,894.72
2018-02-01,books_imported,SP,3,3,351.54
2018-02-01,books_technical,BA,3,3,249.78
2018-02-01,books_technical,ES,1,1,154.72
2018-02-01,books_technical,GO,1,1,59.25
2018-02-01,books_technical,MG,3,3,204.28
2018-02-01,books_technical,PI,1,1,44.10
2018-02-01,books_technical,PR,1,1,39.00
2018-02-01,books_technical,SC,3,4,475.81
2018-02-01,books_technical,SP,9,11,459.10
2018-02-01,books_technical,TO,1,1,81.67
2018-02-01,christmas_supplies,CE,1,1,119.45
2018-02-01,christmas_supplies,DF,1,1,106.78
2018-02-01,christmas_supplies,GO,1,1,106.78
2018-02-01,christmas_supplies,PA,1,6,931.62
2018-02-01,christmas_supplies,PE,2,2,205.95
2018-02-01,christmas_supplies,PR,1,1,29.50
2018-02-01,christmas_supplies,RJ,2,2,137.62
2018-02-01,christmas_supplies,SC,2,4,438.04
2018-02-01,christmas_supplies,SP,6,6,595.61
2018-02-01,cine_photo,BA,1,1,156.19
2018-02-01,cine_photo,RS,1,1,115.93
2018-02-01,computers_accessories,AL,4,5,673.02
2018-02-01,computers_accessories,AM,2,6,1265.27
2018-02-01,computers_accessories,BA,17,18,3208.58
2018-02-01,computers_accessories,CE,7,7,698.54
2018-02-01,computers_accessories,DF,27,34,4021.17
2018-02-01,computers_accessories,ES,22,24,3152.59
2018-02-01,computers_accessories,GO,9,9,1212.29
2018-02-01,computers_accessories,MA,5,5,1421.25
2018-02-01,computers_accessories,MG,119,144,15635.39
2018-02-01,computers_accessories,MS,5,5,708.61
2018-02-01,computers_accessories,MT,5,6,619.61
2018-02-01,computers_accessories,PB,3,5,402.00
2018-02-01,computers_accessories,PE,8,8,1107.20
2018-02-01,computers_accessories,PR,45,57,7144.58
2018-02-01,computers_accessories,RJ,113,138,17019.38
2018-02-01,computers_accessories,RN,3,3,329.33
2018-02-01,computers_accessories,RS,43,62,6835.90
2018-02-01,computers_accessories,SC,38,51,5231.17
2018-02-01,computers_accessories,SE,4,6,1016.60
2018-02-01,computers_accessories,SP,309,375,45193.76
2018-02-01,computers_accessories,TO,3,3,320.41
2018-02-01,consoles_games,AL,2,2,1225.52
2018-02-01,consoles_games,DF,1,1,63.00
2018-02-01,consoles_games,GO,3,3,913.13
2018-02-01,consoles_games,MA,1,1,738.57
2018-02-01,consoles_games,MG,2,2,165.22
2018-02-01,consoles_games,PA,3,3,918.28
2018-02-01,consoles_games,PB,2,2,470.01
2018-02-01,consoles_games,PR,1,1,173.15
2018-02-01,consoles_games,RJ,6,6,1584.89
2018-02-01,consoles_games,RS,1,1,61.01
2018-02-01,consoles_games,SC,1,1,116.36
2018-02-01,consoles_games,SE,1,1,1368.87
2018-02-01,consoles_games,SP,25,26,4875.05
2018-02-01,consoles_games,TO,1,1,113.35
2018-02-01,construction_tools_construction,BA,1,1,65.79
2018-02-01,construction_tools_construction,MG,8,12,1791.38
2018-02-01,construction_tools_construction,MS,3,8,1263.55
2018-02-01,construction_tools_construction,PE,1,1,216.86
2018-02-01,construction_tools_construction,PR,2,2,518.14
2018-02-01,construction_tools_construction,RJ,10,12,1831.73
2018-02-01,construction_tools_construction,RN,1,3,242.47
2018-02-01,construction_tools_construction,RS,1,1,571.42
2018-02-01,construction_tools_construction,SC,1,1,267.41
2018-02-01,construction_tools_construction,SP,25,27,3354.89
2018-02-01,construction_tools_lights,BA,1,1,319.90
2018-02-01,construction_tools_lights,PI,1,1,348.93
2018-02-01,construction_tools_lights,RJ,2,3,194.19
2018-02-01,construction_tools_lights,RS,1,5,320.45
2018-02-01,construction_tools_lights,SP,4,7,784.00
2018-02-01,construction_tools_safety,BA,1,1,1693.31
2018-02-01,construction_tools_safety,MG,3,3,3406.97
2018-02-01,construction_tools_safety,PR,1,2,228.88
2018-02-01,construction_tools_safety,SP,2,2,823.15
2018-02-01,cool_stuff,AM,1,1,240.87
2018-02-01,cool_stuff,BA,7,7,1116.38
2018-02-01,cool_stuff,DF,3,3,275.24
2018-02-01,cool_stuff,ES,4,4,628.93
2018-02-01,cool_stuff,GO,4,4,560.95
2018-02-01,cool_stuff,MA,4,4,1068.87
2018-02-01,cool_stuff,MG,17,18,3348.65
2018-02-01,cool_stuff,MT,3,3,733.71
2018-02-01,cool_stuff,PA,3,3,494.50
2018-02-01,cool_stuff,PB,2,3,281.43
2018-02-01,cool_stuff,PE,9,9,1916.37
2018-02-01,cool_stuff,PR,8,8,1400.11
2018-02-01,cool_stuff,RJ,16,16,2893.98
2018-02-01,cool_stuff,RN,2,2,590.33
2018-02-01,cool_stuff,RS,11,11,1776.20
2018-02-01,cool_stuff,SC,8,8,1315.87
2018-02-01,cool_stuff,SP,73,75,14490.01
2018-02-01,cool_stuff,TO,1,1,174.40
2018-02-01,costruction_tools_garden,BA,1,1,163.75
2018-02-01,costruction_tools_garden,GO,1,1,49.11
2018-02-01,costruction_tools_garden,MG,4,5,378.09
2018-02-01,costruction_tools_garden,RJ,1,1,216.64
2018-02-01,costruction_tools_garden,SP,7,12,1072.51
2018-02-01,costruction_tools_tools,MG,2,2,87.96
2018-02-01,costruction_tools_tools,PB,1,1,355.01
2018-02-01,costruction_tools_tools,PR,2,3,142.87
2018-02-01,costruction_tools_tools,RS,2,2,653.84
2018-02-01,costruction_tools_tools,SC,1,1,46.69
2018-02-01,costruction_tools_tools,SP,3,3,253.45
2018-02-01,diapers_and_hygiene,SP,1,4,150.76
2018-02-01,drinks,AM,1,1,83.16
2018-02-01,drinks,DF,2,2,127.20
2018-02-01,drinks,ES,1,1,63.60
2018-02-01,drinks,MG,1,1,34.59
2018-02-01,drinks,MS,1,1,63.60
2018-02-01,drinks,PR,1,1,63.60
2018-02-01,drinks,RJ,3,3,188.80
2018-02-01,drinks,RS,1,1,63.60
2018-02-01,drinks,SC,1,1,63.60
2018-02-01,drinks,SP,14,19,1603.93
2018-02-01,dvds_blu_ray,RJ,1,1,42.53
2018-02-01,electronics,AC,1,1,39.03
2018-02-01,electronics,AL,4,4,195.28
2018-02-01,electronics,BA,11,15,641.55
2018-02-01,electronics,CE,6,6,279.19
2018-02-01,electronics,DF,6,6,193.38
2018-02-01,electronics,ES,6,7,221.02
2018-02-01,electronics,GO,7,7,404.67
2018-02-01,electronics,MA,5,5,239.44
2018-02-01,electronics,MG,32,37,3361.09
2018-02-01,electronics,MS,4,4,128.69
2018-02-01,electronics,MT,5,7,281.29
2018-02-01,electronics,PA,1,1,30.93
2018-02-01,electronics,PB,1,1,47.80
2018-02-01,electronics,PE,3,3,272.53
2018-02-01,electronics,PI,4,4,208.51
2018-02-01,electronics,PR,20,26,1081.99
2018-02-01,electronics,RJ,61,65,4991.47
2018-02-01,electronics,RN,2,2,115.33
2018-02-01,electronics,RO,1,1,62.28
2018-02-01,electronics,RS,12,12,619.82
2018-02-01,electronics,SC,10,11,535.90
2018-02-01,electronics,SE,3,4,296.48
2018-02-01,electronics,SP,95,102,5823.45
2018-02-01,fashio_female_clothing,MG,1,1,45.09
2018-02-01,fashion_bags_accessories,BA,2,2,461.67
2018-02-01,fashion_bags_accessories,CE,2,2,401.26
2018-02-01,fashion_bags_accessories,DF,2,2,146.33
2018-02-01,fashion_bags_accessories,ES,4,4,288.28
2018-02-01,fashion_bags_accessories,GO,1,1,207.67
2018-02-01,fashion_bags_accessories,MA,1,1,212.12
2018-02-01,fashion_bags_accessories,MG,11,11,2300.58
2018-02-01,fashion_bags_accessories,MS,1,1,53.01
2018-02-01,fashion_bags_accessories,MT,2,2,121.22
2018-02-01,fashion_bags_accessories,PA,3,3,217.27
2018-02-01,fashion_bags_accessories,PE,1,1,55.63
2018-02-01,fashion_bags_accessories,PR,9,9,602.80
2018-02-01,fashion_bags_accessories,RJ,17,19,2269.20
2018-02-01,fashion_bags_accessories,RO,1,1,122.49
2018-02-01,fashion_bags_accessories,RS,2,2,76.40
2018-02-01,fashion_bags_accessories,SC,6,6,824.85
2018-02-01,fashion_bags_accessories,SP,37,40,3135.77
2018-02-01,fashion_male_clothing,ES,1,1,178.50
2018-02-01,fashion_male_clothing,RJ,1,1,64.09
2018-02-01,fashion_male_clothing,SP,1,1,204.27
2018-02-01,fashion_shoes,MG,3,3,281.19
2018-02-01,fashion_shoes,PA,1,1,229.50
2018-02-01,fashion_shoes,PE,2,2,301.30
2018-02-01,fashion_shoes,RJ,2,2,249.67
2018-02-01,fashion_shoes,SP,2,3,189.86
2018-02-01,fashion_underwear_beach,BA,1,1,76.76
2018-02-01,fashion_underwear_beach,DF,1,1,75.07
2018-02-01,fashion_underwear_beach,MG,1,1,65.00
2018-02-01,fashion_underwear_beach,RJ,1,1,65.00
2018-02-01,fashion_underwear_beach,SC,2,2,161.71
2018-02-01,fashion_underwear_beach,SP,1,1,61.75
2018-02-01,fixed_telephony,BA,1,2,3358.24
2018-02-01,fixed_telephony,MG,1,1,307.79
2018-02-01,fixed_telephony,PB,1,1,38.14
2018-02-01,fixed_telephony,RJ,1,1,114.35
2018-02-01,fixed_telephony,SP,5,6,1099.78
2018-02-01,flowers,GO,1,1,41.10
2018-02-01,flowers,SP,3,3,146.60
2018-02-01,food,BA,1,2,149.88
2018-02-01,food,DF,2,2,78.09
2018-02-01,food,ES,1,1,43.00
2018-02-01,food,GO,1,1,43.00
2018-02-01,food,MG,2,2,108.51
2018-02-01,food,MT,1,1,59.41
2018-02-01,food,PR,1,1,43.00
2018-02-01,food,RJ,4,4,343.97
2018-02-01,food,RS,2,2,118.07
2018-02-01,food,SC,2,3,220.97
2018-02-01,food,SP,13,19,1061.63
2018-02-01,food_drink,ES,1,1,55.01
2018-02-01,food_drink,PR,2,2,133.90
2018-02-01,food_drink,RJ,2,2,141.26
2018-02-01,food_drink,SP,15,18,1001.26
2018-02-01,furniture_bedroom,MS,1,1,224.71
2018-02-01,furniture_bedroom,RN,2,3,384.32
2018-02-01,furniture_bedroom,SP,3,3,541.22
2018-02-01,furniture_decor,AC,1,1,106.40
2018-02-01,furniture_decor,AL,1,1,89.08
2018-02-01,furniture_decor,BA,9,11,1391.28
2018-02-01,furniture_decor,CE,3,5,575.34
2018-02-01,furniture_decor,DF,9,10,1039.58
2018-02-01,furniture_decor,ES,3,3,546.80
2018-02-01,furniture_decor,GO,5,6,433.33
2018-02-01,furniture_decor,MA,3,4,479.03
2018-02-01,furniture_decor,MG,43,50,6821.59
2018-02-01,furniture_decor,MS,6,10,1078.89
2018-02-01,furniture_decor,MT,2,3,254.21
2018-02-01,furniture_decor,PA,5,5,1231.48
2018-02-01,furniture_decor,PB,1,1,144.45
2018-02-01,furniture_decor,PE,5,9,719.79
2018-02-01,furniture_decor,PI,1,2,147.78
2018-02-01,furniture_decor,PR,18,20,2633.83
2018-02-01,furniture_decor,RJ,57,77,6585.48
2018-02-01,furniture_decor,RS,22,23,3690.71
2018-02-01,furniture_decor,SC,9,10,1558.42
2018-02-01,furniture_decor,SP,132,170,16467.00
2018-02-01,furniture_decor,TO,1,1,65.29
2018-02-01,furniture_living_room,BA,2,2,305.22
2018-02-01,furniture_living_room,MA,1,3,2091.33
2018-02-01,furniture_living_room,MG,1,1,354.35
2018-02-01,furniture_living_room,MS,1,1,184.96
2018-02-01,furniture_living_room,MT,2,2,400.11
2018-02-01,furniture_living_room,RJ,5,10,1522.50
2018-02-01,furniture_living_room,SC,1,1,609.06
2018-02-01,furniture_living_room,SP,6,6,494.55
2018-02-01,furniture_mattress_and_upholstery,RJ,1,1,137.35
2018-02-01,furniture_mattress_and_upholstery,SC,1,1,113.20
2018-02-01,furniture_mattress_and_upholstery,SP,3,3,347.14
2018-02-01,garden_tools,AL,1,1,260.42
2018-02-01,garden_tools,BA,7,9,865.81
2018-02-01,garden_tools,CE,2,2,443.53
2018-02-01,garden_tools,DF,6,6,548.91
2018-02-01,garden_tools,ES,7,7,927.21
2018-02-01,garden_tools,GO,10,18,1612.08
2018-02-01,garden_tools,MA,1,1,271.83
2018-02-01,garden_tools,MG,35,43,5746.20
2018-02-01,garden_tools,MT,1,1,69.49
2018-02-01,garden_tools,PA,1,1,389.01
2018-02-01,garden_tools,PB,2,3,254.65
2018-02-01,garden_tools,PE,4,4,282.48
2018-02-01,garden_tools,PI,2,2,321.59
2018-02-01,garden_tools,PR,11,11,1137.09
2018-02-01,garden_tools,RJ,35,43,5534.43
2018-02-01,garden_tools,RO,1,1,147.13
2018-02-01,garden_tools,RR,1,1,63.34
2018-02-01,garden_tools,RS,17,26,3856.12
2018-02-01,garden_tools,SC,11,14,1876.95
2018-02-01,garden_tools,SE,1,4,402.56
2018-02-01,garden_tools,SP,71,93,8059.60
2018-02-01,garden_tools,TO,2,2,189.63
2018-02-01,health_beauty,AL,3,3,325.42
2018-02-01,health_beauty,BA,17,18,2560.56
2018-02-01,health_beauty,CE,13,16,2128.28
2018-02-01,health_beauty,DF,14,16,3343.46
2018-02-01,health_beauty,ES,10,11,1353.47
2018-02-01,health_beauty,GO,16,16,3154.12
2018-02-01,health_beauty,MA,9,9,2391.96
2018-02-01,health_beauty,MG,77,85,16123.16
2018-02-01,health_beauty,MS,4,5,241.65
2018-02-01,health_beauty,MT,7,7,1353.84
2018-02-01,health_beauty,PA,7,7,1142.31
2018-02-01,health_beauty,PB,3,3,480.75
2018-02-01,health_beauty,PE,19,21,4962.10
2018-02-01,health_beauty,PI,4,5,1264.70
2018-02-01,health_beauty,PR,21,21,3632.67
2018-02-01,health_beauty,RJ,75,82,11741.78
2018-02-01,health_beauty,RN,1,1,227.30
2018-02-01,health_beauty,RO,2,2,455.09
2018-02-01,health_beauty,RS,32,36,4226.14
2018-02-01,health_beauty,SC,20,20,2917.68
2018-02-01,health_beauty,SE,3,3,459.22
2018-02-01,health_beauty,SP,235,260,30721.93
2018-02-01,health_beauty,TO,3,3,255.46
2018-02-01,home_appliances,BA,4,4,358.08
2018-02-01,home_appliances,GO,1,1,77.67
2018-02-01,home_appliances,MG,8,9,581.23
2018-02-01,home_appliances,MT,2,2,402.45
2018-02-01,home_appliances,PA,1,1,51.78
2018-02-01,home_appliances,RJ,7,7,524.84
2018-02-01,home_appliances,RS,2,2,263.60
2018-02-01,home_appliances,SC,1,1,346.96
2018-02-01,home_appliances,SP,21,21,3755.97
2018-02-01,home_appliances_2,AM,1,1,592.49
2018-02-01,home_appliances_2,MG,1,1,273.58
2018-02-01,home_appliances_2,PR,3,3,1898.56
2018-02-01,home_appliances_2,RJ,3,3,905.57
2018-02-01,home_appliances_2,RN,1,1,839.28
2018-02-01,home_appliances_2,RS,1,1,1635.51
2018-02-01,home_appliances_2,SC,1,1,268.13
2018-02-01,home_appliances_2,SP,10,10,3573.62
2018-02-01,home_comfort_2,GO,1,2,56.00
2018-02-01,home_comfort_2,MG,1,1,28.00
2018-02-01,home_confort,GO,1,1,104.76
2018-02-01,home_confort,MG,3,3,373.00
2018-02-01,home_confort,PE,1,1,115.91
2018-02-01,home_confort,RJ,4,4,574.78
2018-02-01,home_confort,RS,1,1,241.37
2018-02-01,home_confort,SP,10,11,1988.05
2018-02-01,home_construction,BA,1,1,113.44
2018-02-01,home_construction,DF,1,1,89.75
2018-02-01,home_construction,ES,2,2,107.47
2018-02-01,home_construction,MG,4,4,622.96
2018-02-01,home_construction,PB,1,1,66.20
2018-02-01,home_construction,RJ,6,7,1857.50
2018-02-01,home_construction,RS,4,4,1427.68
2018-02-01,home_construction,SP,12,18,1684.44
2018-02-01,housewares,AC,1,1,153.79
2018-02-01,housewares,AL,2,2,138.72
2018-02-01,housewares,BA,10,11,1531.79
2018-02-01,housewares,CE,2,2,280.28
2018-02-01,housewares,DF,5,5,486.17
2018-02-01,housewares,ES,11,15,1704.41
2018-02-01,housewares,GO,7,8,988.45
2018-02-01,housewares,MA,2,3,145.89
2018-02-01,housewares,MG,43,47,5958.33
2018-02-01,housewares,MS,4,4,1176.83
2018-02-01,housewares,MT,5,5,445.31
2018-02-01,housewares,PA,1,2,136.63
2018-02-01,housewares,PB,1,1,77.60
2018-02-01,housewares,PE,1,1,96.45
2018-02-01,housewares,PI,2,2,571.74
2018-02-01,housewares,PR,16,24,2195.51
2018-02-01,housewares,RJ,41,50,6094.09
2018-02-01,housewares,RN,1,1,47.47
2018-02-01,housewares,RS,21,22,1475.97
2018-02-01,housewares,SC,13,16,1310.80
2018-02-01,housewares,SP,145,169,18248.63
2018-02-01,industry_commerce_and_business,DF,1,1,771.78
2018-02-01,industry_commerce_and_business,GO,1,2,149.32
2018-02-01,industry_commerce_and_business,MG,4,6,556.60
2018-02-01,industry_commerce_and_business,PR,2,3,280.42
2018-02-01,industry_commerce_and_business,RJ,5,6,1031.61
2018-02-01,industry_commerce_and_business,RS,3,4,458.51
2018-02-01,industry_commerce_and_business,SP,13,15,2273.26
2018-02-01,kitchen_dining_laundry_garden_furniture,MG,4,4,565.78
2018-02-01,kitchen_dining_laundry_garden_furniture,PE,1,1,90.82
2018-02-01,kitchen_dining_laundry_garden_furniture,RJ,1,1,458.94
2018-02-01,kitchen_dining_laundry_garden_furniture,SP,10,13,4368.54
2018-02-01,luggage_accessories,AL,1,1,198.14
2018-02-01,luggage_accessories,BA,5,5,501.95
2018-02-01,luggage_accessories,DF,2,3,195.12
2018-02-01,luggage_accessories,MG,8,8,1710.57
2018-02-01,luggage_accessories,MS,1,1,323.87
2018-02-01,luggage_accessories,PB,1,1,331.41
2018-02-01,luggage_accessories,PI,2,2,307.76
2018-02-01,luggage_accessories,PR,4,4,438.43
2018-02-01,luggage_accessories,RJ,5,5,1262.78
2018-02-01,luggage_accessories,RS,2,2,381.06
2018-02-01,luggage_accessories,SC,2,2,399.86
2018-02-01,luggage_accessories,SP,10,11,1525.16
2018-02-01,market_place,ES,1,1,177.37
2018-02-01,market_place,GO,1,6,264.60
2018-02-01,market_place,PR,6,7,564.02
2018-02-01,market_place,RJ,2,2,140.04
2018-02-01,market_place,RS,2,2,134.97
2018-02-01,market_place,SC,2,2,248.01
2018-02-01,market_place,SP,6,8,837.33
2018-02-01,music,MG,1,1,40.07
2018-02-01,music,SP,1,1,237.17
2018-02-01,musical_instruments,BA,1,1,55.78
2018-02-01,musical_instruments,MG,5,7,836.50
2018-02-01,musical_instruments,MS,2,2,262.49
2018-02-01,musical_instruments,PE,1,1,263.47
2018-02-01,musical_instruments,PR,3,3,658.94
2018-02-01,musical_instruments,RJ,5,7,2815.63
2018-02-01,musical_instruments,RS,3,3,442.62
2018-02-01,musical_instruments,SC,1,1,216.15
2018-02-01,musical_instruments,SE,1,1,1242.54
2018-02-01,musical_instruments,SP,17,18,3270.26
2018-02-01,office_furniture,BA,7,21,4766.34
2018-02-01,office_furniture,CE,1,1,215.33
2018-02-01,office_furniture,GO,1,2,296.64
2018-02-01,office_furniture,MG,5,6,1663.70
2018-02-01,office_furniture,MT,2,2,311.97
2018-02-01,office_furniture,PB,2,5,881.87
2018-02-01,office_furniture,PE,1,1,128.01
2018-02-01,office_furniture,PR,4,4,1063.92
2018-02-01,office_furniture,RJ,16,22,3950.66
2018-02-01,office_furniture,RS,5,5,1394.92
2018-02-01,office_furniture,SC,1,2,242.56
2018-02-01,office_furniture,SP,24,35,6187.00
2018-02-01,office_furniture,TO,1,1,316.92
2018-02-01,pc_gamer,RJ,1,1,150.03
2018-02-01,perfumery,BA,5,5,374.28
2018-02-01,perfumery,CE,2,2,396.57
2018-02-01,perfumery,DF,6,6,810.96
2018-02-01,perfumery,ES,1,1,133.48
2018-02-01,perfumery,GO,4,4,330.71
2018-02-01,perfumery,MG,17,18,1783.55
2018-02-01,perfumery,MS,1,1,72.14
2018-02-01,perfumery,MT,1,1,98.12
2018-02-01,perfumery,PA,3,4,519.04
2018-02-01,perfumery,PB,1,1,269.35
2018-02-01,perfumery,PE,4,4,536.26
2018-02-01,perfumery,PI,1,1,35.14
2018-02-01,perfumery,PR,16,16,2273.71
2018-02-01,perfumery,RJ,21,24,2015.86
2018-02-01,perfumery,RN,1,1,115.87
2018-02-01,perfumery,RS,12,12,1859.19
2018-02-01,perfumery,SC,7,8,725.23
2018-02-01,perfumery,SE,1,1,222.71
2018-02-01,perfumery,SP,90,101,10695.82
2018-02-01,pet_shop,BA,1,3,160.86
2018-02-01,pet_shop,DF,1,1,72.15
2018-02-01,pet_shop,ES,2,2,427.29
2018-02-01,pet_shop,GO,1,1,274.47
2018-02-01,pet_shop,MG,14,14,1483.98
2018-02-01,pet_shop,MS,2,3,412.57
2018-02-01,pet_shop,PA,1,1,153.84
2018-02-01,pet_shop,PB,1,1,61.05
2018-02-01,pet_shop,PR,8,8,851.31
2018-02-01,pet_shop,RJ,7,7,650.47
2018-02-01,pet_shop,RS,4,6,520.86
2018-02-01,pet_shop,SC,4,6,605.76
2018-02-01,pet_shop,SP,40,46,5592.19
2018-02-01,signaling_and_security,DF,1,1,167.82
2018-02-01,signaling_and_security,ES,1,1,74.07
2018-02-01,signaling_and_security,RS,1,1,104.36
2018-02-01,signaling_and_security,SC,1,4,124.40
2018-02-01,signaling_and_security,SP,6,8,517.02
2018-02-01,small_appliances,BA,1,1,86.80
2018-02-01,small_appliances,ES,1,1,79.90
2018-02-01,small_appliances,GO,1,1,50.01
2018-02-01,small_appliances,MG,4,5,720.74
2018-02-01,small_appliances,MS,1,2,133.20
2018-02-01,small_appliances,PE,1,1,249.84
2018-02-01,small_appliances,PR,2,2,2047.82
2018-02-01,small_appliances,RJ,2,2,163.71
2018-02-01,small_appliances,RS,1,1,127.92
2018-02-01,small_appliances,SC,1,1,66.60
2018-02-01,small_appliances,SP,15,15,2186.20
2018-02-01,small_appliances_home_oven_and_coffee,DF,1,1,793.09
2018-02-01,small_appliances_home_oven_and_coffee,PR,1,1,797.62
2018-02-01,small_appliances_home_oven_and_coffee,SP,3,3,1622.93
2018-02-01,sports_leisure,AL,2,3,422.72
2018-02-01,sports_leisure,BA,21,26,3486.08
2018-02-01,sports_leisure,CE,5,5,521.10
2018-02-01,sports_leisure,DF,21,24,3212.29
2018-02-01,sports_leisure,ES,14,14,2709.72
2018-02-01,sports_leisure,GO,10,10,1076.57
2018-02-01,sports_leisure,MA,3,3,486.71
2018-02-01,sports_leisure,MG,67,74,10000.68
2018-02-01,sports_leisure,MS,7,7,1071.86
2018-02-01,sports_leisure,MT,7,7,1078.07
2018-02-01,sports_leisure,PA,3,4,522.57
2018-02-01,sports_leisure,PB,2,3,436.23
2018-02-01,sports_leisure,PE,9,10,1147.97
2018-02-01,sports_leisure,PI,4,5,567.81
2018-02-01,sports_leisure,PR,23,25,3525.92
2018-02-01,sports_leisure,RJ,72,79,10509.38
2018-02-01,sports_leisure,RN,1,1,141.64
2018-02-01,sports_leisure,RO,2,2,316.50
2018-02-01,sports_leisure,RS,34,43,6424.18
2018-02-01,sports_leisure,SC,19,19,3778.80
2018-02-01,sports_leisure,SP,242,270,34026.65
2018-02-01,sports_leisure,TO,3,3,883.38
2018-02-01,stationery,BA,6,7,417.20
2018-02-01,stationery,DF,2,2,303.77
2018-02-01,stationery,ES,5,5,588.15
2018-02-01,stationery,GO,1,1,65.69
2018-02-01,stationery,MG,15,16,1706.30
2018-02-01,stationery,MS,1,1,77.18
2018-02-01,stationery,PB,1,1,195.01
2018-02-01,stationery,PE,5,5,434.61
2018-02-01,stationery,PR,6,6,354.87
2018-02-01,stationery,RJ,20,22,1955.32
2018-02-01,stationery,RO,1,2,191.92
2018-02-01,stationery,RS,16,17,1548.16
2018-02-01,stationery,SC,5,8,502.78
2018-02-01,stationery,SP,47,52,4101.27
2018-02-01,tablets_printing_image,BA,1,2,141.44
2018-02-01,tablets_printing_image,ES,1,1,66.11
2018-02-01,tablets_printing_image,MG,1,1,67.11
2018-02-01,tablets_printing_image,PA,2,2,153.12
2018-02-01,tablets_printing_image,SP,7,7,438.71
2018-02-01,telephony,AL,1,1,51.14
2018-02-01,telephony,AM,1,2,92.98
2018-02-01,telephony,BA,11,11,556.66
2018-02-01,telephony,CE,5,5,317.81
2018-02-01,telephony,DF,10,10,409.98
2018-02-01,telephony,ES,8,9,493.84
2018-02-01,telephony,GO,11,12,482.96
2018-02-01,telephony,MA,5,5,301.70
2018-02-01,telephony,MG,31,32,1618.46
2018-02-01,telephony,MS,3,3,564.00
2018-02-01,telephony,MT,4,4,167.12
2018-02-01,telephony,PA,3,4,199.48
2018-02-01,telephony,PB,3,3,174.42
2018-02-01,telephony,PE,12,13,1108.53
2018-02-01,telephony,PI,2,2,93.28
2018-02-01,telephony,PR,17,17,1036.28
2018-02-01,telephony,RJ,38,41,2824.05
2018-02-01,telephony,RO,1,1,62.14
2018-02-01,telephony,RR,1,1,55.37
2018-02-01,telephony,RS,18,19,1110.83
2018-02-01,telephony,SC,17,17,854.06
2018-02-01,telephony,SE,1,1,94.12
2018-02-01,telephony,SP,124,140,5776.03
2018-02-01,telephony,TO,1,1,50.62
2018-02-01,toys,BA,2,2,221.81
2018-02-01,toys,CE,2,2,175.46
2018-02-01,toys,DF,7,7,749.11
2018-02-01,toys,ES,3,4,428.02
2018-02-01,toys,GO,2,2,350.49
2018-02-01,toys,MG,12,14,1429.48
2018-02-01,toys,MS,2,2,93.80
2018-02-01,toys,MT,1,1,65.69
2018-02-01,toys,PA,2,2,122.75
2018-02-01,toys,PI,2,2,242.54
2018-02-01,toys,PR,5,5,496.55
2018-02-01,toys,RJ,17,19,3231.73
2018-02-01,toys,RO,1,1,76.17
2018-02-01,toys,RS,7,8,993.82
2018-02-01,toys,SC,1,1,296.61
2018-02-01,toys,SP,63,66,7237.84
2018-02-01,toys,TO,1,1,172.98
2018-02-01,unknown,BA,3,3,555.32
2018-02-01,unknown,CE,1,1,187.43
2018-02-01,unknown,DF,3,3,171.74
2018-02-01,unknown,ES,1,1,70.44
2018-02-01,unknown,GO,7,7,1131.92
2018-02-01,unknown,MA,1,1,73.80
2018-02-01,unknown,MG,18,21,2354.26
2018-02-01,unknown,MS,1,1,138.60
2018-02-01,unknown,MT,2,2,280.58
2018-02-01,unknown,PA,1,2,282.26
2018-02-01,unknown,PE,2,3,423.39
2018-02-01,unknown,PR,9,9,1283.27
2018-02-01,unknown,RJ,11,13,1457.99
2018-02-01,unknown,RN,1,1,157.65
2018-02-01,unknown,RS,9,9,1240.33
2018-02-01,unknown,SC,5,5,693.00
2018-02-01,unknown,SP,32,35,4175.27
2018-02-01,watches_gifts,AL,2,2,381.76
2018-02-01,watches_gifts,AM,1,1,160.67
2018-02-01,watches_gifts,AP,2,2,1086.31
2018-02-01,watches_gifts,BA,14,14,2780.96
2018-02-01,watches_gifts,CE,14,16,3080.30
2018-02-01,watches_gifts,DF,8,8,1477.29
2018-02-01,watches_gifts,ES,11,11,1818.70
2018-02-01,watches_gifts,GO,5,6,1238.67
2018-02-01,watches_gifts,MA,4,4,715.58
2018-02-01,watches_gifts,MG,32,33,7199.96
2018-02-01,watches_gifts,MS,2,2,602.28
2018-02-01,watches_gifts,PA,2,2,1194.76
2018-02-01,watches_gifts,PB,3,3,818.43
2018-02-01,watches_gifts,PE,9,9,2005.20
2018-02-01,watches_gifts,PI,3,5,857.31
2018-02-01,watches_gifts,PR,16,16,3553.14
2018-02-01,watches_gifts,RJ,46,50,12247.35
2018-02-01,watches_gifts,RN,6,6,882.98
2018-02-01,watches_gifts,RO,1,1,221.09
2018-02-01,watches_gifts,RS,12,12,1488.32
2018-02-01,watches_gifts,SC,15,20,3271.46
2018-02-01,watches_gifts,SP,95,100,19345.55
2018-02-01,watches_gifts,TO,1,1,171.29
2018-03-01,agro_industry_and_commerce,GO,1,1,34.73
2018-03-01,agro_industry_and_commerce,RJ,5,5,1256.00
2018-03-01,agro_industry_and_commerce,RS,1,1,961.96
2018-03-01,agro_industry_and_commerce,SP,17,19,3386.80
2018-03-01,air_conditioning,DF,1,1,156.99
2018-03-01,air_conditioning,ES,1,1,156.99
2018-03-01,air_conditioning,PB,1,1,86.75
2018-03-01,air_conditioning,PR,1,2,449.74
2018-03-01,air_conditioning,RJ,8,8,744.91
2018-03-01,air_conditioning,SP,11,11,1427.63
2018-03-01,art,RJ,1,1,162.03
2018-03-01,art,RS,1,1,37.73
2018-03-01,art,SC,1,1,79.98
2018-03-01,art,SP,4,4,301.92
2018-03-01,audio,DF,4,4,808.87
2018-03-01,audio,ES,4,5,521.45
2018-03-01,audio,GO,3,3,1209.82
2018-03-01,audio,MG,4,4,1672.71
2018-03-01,audio,MT,1,1,491.98
2018-03-01,audio,PA,1,1,608.67
2018-03-01,audio,PR,1,1,612.01
2018-03-01,audio,RJ,6,6,1616.83
2018-03-01,audio,RS,1,1,488.15
2018-03-01,audio,SC,1,1,194.11
2018-03-01,audio,SP,6,6,2826.85
2018-03-01,audio,TO,1,1,212.92
2018-03-01,auto,AL,1,1,115.24
2018-03-01,auto,BA,15,17,2873.88
2018-03-01,auto,CE,7,7,2452.47
2018-03-01,auto,DF,11,11,1589.35
2018-03-01,auto,ES,3,3,418.12
2018-03-01,auto,GO,5,5,660.88
2018-03-01,auto,MA,3,3,593.81
2018-03-01,auto,MG,39,41,5781.33
2018-03-01,auto,MS,3,4,541.69
2018-03-01,auto,MT,3,3,571.33
2018-03-01,auto,PA,5,7,966.56
2018-03-01,auto,PB,1,1,227.90
2018-03-01,auto,PE,10,11,2776.33
2018-03-01,auto,PI,3,3,1098.13
2018-03-01,auto,PR,15,15,1997.91
2018-03-01,auto,RJ,26,31,4268.36
2018-03-01,auto,RN,2,3,424.72
2018-03-01,auto,RS,10,10,2010.46
2018-03-01,auto,SC,17,17,2009.20
2018-03-01,auto,SE,2,2,616.05
2018-03-01,auto,SP,134,139,19644.52
2018-03-01,auto,TO,2,2,327.86
2018-03-01,baby,BA,8,8,2383.49
2018-03-01,baby,CE,1,1,1040.35
2018-03-01,baby,DF,9,10,1774.03
2018-03-01,baby,ES,6,6,1585.39
2018-03-01,baby,GO,8,8,1653.10
2018-03-01,baby,MG,28,30,6255.66
2018-03-01,baby,MS,1,1,180.33
2018-03-01,baby,MT,1,1,104.86
2018-03-01,baby,PA,3,3,1381.12
2018-03-01,baby,PE,2,2,628.30
2018-03-01,baby,PI,2,2,1260.68
2018-03-01,baby,PR,12,12,1885.09
2018-03-01,baby,RJ,17,17,2512.90
2018-03-01,baby,RN,4,4,1255.33
2018-03-01,baby,RO,1,1,1037.79
2018-03-01,baby,RR,1,1,994.77
2018-03-01,baby,RS,8,8,1010.85
2018-03-01,baby,SC,6,6,2253.69
2018-03-01,baby,SP,89,93,15613.07
2018-03-01,baby,TO,1,1,1020.35
2018-03-01,bed_bath_table,AL,1,1,194.29
2018-03-01,bed_bath_table,AM,1,1,173.26
2018-03-01,bed_bath_table,BA,14,17,2326.02
2018-03-01,bed_bath_table,CE,8,10,1081.30
2018-03-01,bed_bath_table,DF,16,20,1828.00
2018-03-01,bed_bath_table,ES,13,14,1269.58
2018-03-01,bed_bath_table,GO,11,12,919.51
2018-03-01,bed_bath_table,MA,1,1,72.38
2018-03-01,bed_bath_table,MG,83,98,11138.13
2018-03-01,bed_bath_table,MS,4,4,174.61
2018-03-01,bed_bath_table,MT,1,1,146.69
2018-03-01,bed_bath_table,PA,1,1,136.69
2018-03-01,bed_bath_table,PB,1,1,48.05
2018-03-01,bed_bath_table,PE,2,2,165.09
2018-03-01,bed_bath_table,PI,1,1,352.72
2018-03-01,bed_bath_table,PR,40,47,5508.33
2018-03-01,bed_bath_table,RJ,96,115,12632.88
2018-03-01,bed_bath_table,RN,4,4,625.82
2018-03-01,bed_bath_table,RS,33,36,3642.19
2018-03-01,bed_bath_table,SC,22,24,2683.40
2018-03-01,bed_bath_table,SP,298,366,36911.61
2018-03-01,bed_bath_table,TO,1,1,212.75
2018-03-01,books_general_interest,BA,1,1,83.38
2018-03-01,books_general_interest,DF,1,1,34.05
2018-03-01,books_general_interest,MG,5,5,284.70
2018-03-01,books_general_interest,MT,2,2,88.18
2018-03-01,books_general_interest,PR,2,2,92.13
2018-03-01,books_general_interest,RJ,3,3,279.94
2018-03-01,books_general_interest,RN,1,3,168.59
2018-03-01,books_general_interest,RS,1,1,35.05
2018-03-01,books_general_interest,SP,17,20,1185.59
2018-03-01,books_imported,SP,2,3,284.69
2018-03-01,books_technical,ES,2,2,130.43
2018-03-01,books_technical,MG,3,3,159.84
2018-03-01,books_technical,MT,1,1,48.28
2018-03-01,books_technical,PA,1,1,76.94
2018-03-01,books_technical,PR,1,1,44.23
2018-03-01,books_technical,RJ,3,3,182.76
2018-03-01,books_technical,RN,1,1,100.77
2018-03-01,books_technical,RS,1,1,81.22
2018-03-01,books_technical,SP,4,4,408.00
2018-03-01,christmas_supplies,CE,1,1,119.45
2018-03-01,christmas_supplies,MG,1,1,115.59
2018-03-01,christmas_supplies,MT,1,1,109.50
2018-03-01,christmas_supplies,PE,1,1,270.09
2018-03-01,christmas_supplies,RJ,2,2,222.37
2018-03-01,christmas_supplies,RS,1,1,39.69
2018-03-01,christmas_supplies,SP,5,5,317.60
2018-03-01,cine_photo,DF,1,1,118.23
2018-03-01,cine_photo,MG,1,1,69.79
2018-03-01,cine_photo,PA,1,2,245.90
2018-03-01,cine_photo,RS,1,1,192.76
2018-03-01,cine_photo,SC,1,1,108.59
2018-03-01,cine_photo,SP,1,1,111.27
2018-03-01,computers_accessories,AC,1,1,58.92
2018-03-01,computers_accessories,AL,3,4,466.10
2018-03-01,computers_accessories,BA,21,29,3519.60
2018-03-01,computers_accessories,CE,6,6,534.83
2018-03-01,computers_accessories,DF,3,3,372.25
2018-03-01,computers_accessories,ES,15,20,2452.00
2018-03-01,computers_accessories,GO,8,8,1717.67
2018-03-01,computers_accessories,MA,4,4,787.05
2018-03-01,computers_accessories,MG,86,100,13550.85
2018-03-01,computers_accessories,MS,6,6,711.37
2018-03-01,computers_accessories,MT,3,4,939.85
2018-03-01,computers_accessories,PA,7,7,811.84
2018-03-01,computers_accessories,PB,3,9,882.70
2018-03-01,computers_accessories,PE,3,3,375.11
2018-03-01,computers_accessories,PI,4,4,878.70
2018-03-01,computers_accessories,PR,42,43,7633.89
2018-03-01,computers_accessories,RJ,82,97,11687.02
2018-03-01,computers_accessories,RO,1,1,134.01
2018-03-01,computers_accessories,RS,46,56,6374.53
2018-03-01,computers_accessories,SC,25,27,4177.30
2018-03-01,computers_accessories,SE,1,1,154.94
2018-03-01,computers_accessories,SP,258,315,40939.33
2018-03-01,computers_accessories,TO,2,2,284.82
2018-03-01,consoles_games,BA,2,2,626.65
2018-03-01,consoles_games,CE,1,1,181.70
2018-03-01,consoles_games,DF,3,3,217.23
2018-03-01,consoles_games,ES,1,1,122.40
2018-03-01,consoles_games,MG,11,12,5747.98
2018-03-01,consoles_games,PA,2,2,324.05
2018-03-01,consoles_games,PE,2,2,1175.86
2018-03-01,consoles_games,PR,2,2,782.06
2018-03-01,consoles_games,RJ,2,2,178.01
2018-03-01,consoles_games,RN,1,1,738.57
2018-03-01,consoles_games,RS,4,5,423.00
2018-03-01,consoles_games,SC,1,1,50.73
2018-03-01,consoles_games,SP,21,23,2442.87
2018-03-01,construction_tools_construction,BA,2,5,886.17
2018-03-01,construction_tools_construction,CE,1,1,136.20
2018-03-01,construction_tools_construction,DF,1,1,62.90
2018-03-01,construction_tools_construction,MG,5,5,1222.87
2018-03-01,construction_tools_construction,MS,1,2,172.84
2018-03-01,construction_tools_construction,MT,2,2,712.86
2018-03-01,construction_tools_construction,PE,2,2,144.58
2018-03-01,construction_tools_construction,PR,1,1,146.78
2018-03-01,construction_tools_construction,RJ,11,13,2084.80
2018-03-01,construction_tools_construction,RS,1,1,68.22
2018-03-01,construction_tools_construction,SC,2,2,189.71
2018-03-01,construction_tools_construction,SP,19,31,5192.45
2018-03-01,construction_tools_lights,DF,1,1,304.55
2018-03-01,construction_tools_lights,MG,3,4,480.19
2018-03-01,construction_tools_lights,MS,1,1,347.56
2018-03-01,construction_tools_lights,PR,1,1,304.55
2018-03-01,construction_tools_lights,RJ,1,1,94.31
2018-03-01,construction_tools_lights,SC,1,1,340.73
2018-03-01,construction_tools_lights,SP,4,4,1266.26
2018-03-01,construction_tools_safety,BA,1,1,548.42
2018-03-01,construction_tools_safety,GO,1,1,113.44
2018-03-01,construction_tools_safety,MG,3,3,625.99
2018-03-01,construction_tools_safety,PB,2,7,650.22
2018-03-01,construction_tools_safety,RJ,1,1,25.00
2018-03-01,construction_tools_safety,SP,5,9,3826.71
2018-03-01,cool_stuff,AL,1,1,260.99
2018-03-01,cool_stuff,AP,1,1,263.17
2018-03-01,cool_stuff,BA,13,13,2589.34
2018-03-01,cool_stuff,CE,2,2,1183.39
2018-03-01,cool_stuff,DF,9,10,1784.34
2018-03-01,cool_stuff,ES,2,2,169.63
2018-03-01,cool_stuff,GO,1,1,163.58
2018-03-01,cool_stuff,MA,2,2,489.69
2018-03-01,cool_stuff,MG,39,39,6627.02
2018-03-01,cool_stuff,MS,3,3,444.89
2018-03-01,cool_stuff,MT,2,2,452.49
2018-03-01,cool_stuff,PA,1,1,199.23
2018-03-01,cool_stuff,PE,5,5,1091.54
2018-03-01,cool_stuff,PI,1,1,87.95
2018-03-01,cool_stuff,PR,17,17,2906.93
2018-03-01,cool_stuff,RJ,26,29,5345.63
2018-03-01,cool_stuff,RN,1,1,100.05
2018-03-01,cool_stuff,RO,2,2,570.54
2018-03-01,cool_stuff,RS,17,17,4083.63
2018-03-01,cool_stuff,SC,6,6,1566.21
2018-03-01,cool_stuff,SE,3,3,742.62
2018-03-01,cool_stuff,SP,85,95,12141.78
2018-03-01,costruction_tools_garden,PA,1,1,180.96
2018-03-01,costruction_tools_garden,PE,1,1,98.50
2018-03-01,costruction_tools_garden,RJ,4,4,698.16
2018-03-01,costruction_tools_garden,RS,2,2,322.83
2018-03-01,costruction_tools_garden,SC,1,2,92.48
2018-03-01,costruction_tools_garden,SP,10,12,1142.99
2018-03-01,costruction_tools_tools,MG,1,1,211.75
2018-03-01,costruction_tools_tools,MT,1,1,222.16
2018-03-01,costruction_tools_tools,PE,1,1,226.56
2018-03-01,costruction_tools_tools,PR,2,2,107.21
2018-03-01,costruction_tools_tools,SC,1,1,232.09
2018-03-01,costruction_tools_tools,SP,2,3,155.00
2018-03-01,diapers_and_hygiene,SP,1,5,193.55
2018-03-01,drinks,BA,1,1,70.77
2018-03-01,drinks,GO,1,1,66.81
2018-03-01,drinks,MG,3,3,162.86
2018-03-01,drinks,PA,1,1,125.78
2018-03-01,drinks,RJ,1,1,66.81
2018-03-01,drinks,RS,1,1,66.81
2018-03-01,drinks,SC,2,2,128.04
2018-03-01,drinks,SP,10,11,580.64
2018-03-01,dvds_blu_ray,AL,1,1,47.75
2018-03-01,dvds_blu_ray,MG,1,1,41.96
2018-03-01,electronics,AL,1,2,128.76
2018-03-01,electronics,AM,1,1,35.55
2018-03-01,electronics,BA,11,13,1258.08
2018-03-01,electronics,CE,5,5,533.26
2018-03-01,electronics,DF,5,5,155.34
2018-03-01,electronics,ES,6,6,219.15
2018-03-01,electronics,GO,4,4,140.19
2018-03-01,electronics,MA,2,2,118.45
2018-03-01,electronics,MG,22,22,3892.56
2018-03-01,electronics,MS,2,3,547.91
2018-03-01,electronics,MT,2,2,154.28
2018-03-01,electronics,PB,2,2,232.61
2018-03-01,electronics,PE,1,1,34.03
2018-03-01,electronics,PI,2,2,101.43
2018-03-01,electronics,PR,11,11,502.00
2018-03-01,electronics,RJ,40,44,2693.73
2018-03-01,electronics,RN,2,2,128.13
2018-03-01,electronics,RS,11,12,645.38
2018-03-01,electronics,SC,14,14,834.09
2018-03-01,electronics,SP,92,100,4278.53
2018-03-01,electronics,TO,1,1,59.84
2018-03-01,fashio_female_clothing,SP,1,4,154.52
2018-03-01,fashion_bags_accessories,AL,1,1,70.75
2018-03-01,fashion_bags_accessories,BA,5,5,368.87
2018-03-01,fashion_bags_accessories,CE,2,2,201.20
2018-03-01,fashion_bags_accessories,DF,3,3,307.67
2018-03-01,fashion_bags_accessories,ES,4,4,222.87
2018-03-01,fashion_bags_accessories,GO,3,3,156.06
2018-03-01,fashion_bags_accessories,MA,1,1,116.68
2018-03-01,fashion_bags_accessories,MG,13,14,1619.26
2018-03-01,fashion_bags_accessories,MT,1,1,67.39
2018-03-01,fashion_bags_accessories,PA,2,2,154.08
2018-03-01,fashion_bags_accessories,PB,3,3,323.71
2018-03-01,fashion_bags_accessories,PE,2,3,190.96
2018-03-01,fashion_bags_accessories,PI,1,1,84.05
2018-03-01,fashion_bags_accessories,PR,12,12,1055.40
2018-03-01,fashion_bags_accessories,RJ,15,15,1445.55
2018-03-01,fashion_bags_accessories,RN,2,2,898.05
2018-03-01,fashion_bags_accessories,RO,1,2,93.70
2018-03-01,fashion_bags_accessories,RS,8,8,920.74
2018-03-01,fashion_bags_accessories,SC,5,5,496.56
2018-03-01,fashion_bags_accessories,SP,45,50,3731.64
2018-03-01,fashion_childrens_clothes,SC,1,1,46.42
2018-03-01,fashion_childrens_clothes,SP,1,1,50.14
2018-03-01,fashion_shoes,BA,1,1,126.12
2018-03-01,fashion_shoes,DF,1,1,123.18
2018-03-01,fashion_shoes,MG,1,1,57.96
2018-03-01,fashion_shoes,PI,1,1,238.65
2018-03-01,fashion_shoes,RJ,1,1,223.68
2018-03-01,fashion_shoes,RS,2,2,167.10
2018-03-01,fashion_shoes,SP,4,4,349.88
2018-03-01,fashion_sport,SP,1,1,97.39
2018-03-01,fashion_underwear_beach,MS,1,1,78.20
2018-03-01,fashion_underwear_beach,RJ,1,1,68.13
2018-03-01,fashion_underwear_beach,RS,1,1,77.50
2018-03-01,fashion_underwear_beach,SP,2,2,144.58
2018-03-01,fixed_telephony,MG,1,1,139.71
2018-03-01,fixed_telephony,RJ,4,5,601.81
2018-03-01,fixed_telephony,SP,7,8,1459.32
2018-03-01,flowers,MG,1,1,49.21
2018-03-01,flowers,SP,2,2,87.20
2018-03-01,food,BA,2,2,177.18
2018-03-01,food,DF,1,1,46.13
2018-03-01,food,ES,2,2,164.92
2018-03-01,food,MG,5,5,350.14
2018-03-01,food,PI,1,1,173.49
2018-03-01,food,PR,2,2,92.26
2018-03-01,food,RJ,1,1,43.00
2018-03-01,food,SP,19,21,1021.47
2018-03-01,food_drink,MG,4,6,908.58
2018-03-01,food_drink,PE,2,2,261.51
2018-03-01,food_drink,RJ,2,2,796.95
2018-03-01,food_drink,SC,1,1,74.88
2018-03-01,food_drink,SP,8,8,581.58
2018-03-01,furniture_bedroom,RJ,2,2,483.70
2018-03-01,furniture_bedroom,SP,4,4,781.99
2018-03-01,furniture_decor,AC,1,1,105.75
2018-03-01,furniture_decor,AL,2,3,304.91
2018-03-01,furniture_decor,BA,14,24,3010.95
2018-03-01,furniture_decor,CE,7,10,1600.23
2018-03-01,furniture_decor,DF,8,15,1290.69
2018-03-01,furniture_decor,ES,7,9,1194.29
2018-03-01,furniture_decor,GO,10,16,1754.39
2018-03-01,furniture_decor,MA,2,3,444.54
2018-03-01,furniture_decor,MG,57,79,7392.21
2018-03-01,furniture_decor,MS,3,5,239.11
2018-03-01,furniture_decor,MT,3,5,501.43
2018-03-01,furniture_decor,PA,2,2,365.53
2018-03-01,furniture_decor,PB,2,2,584.09
2018-03-01,furniture_decor,PE,5,7,1696.59
2018-03-01,furniture_decor,PI,2,2,288.51
2018-03-01,furniture_decor,PR,24,31,3283.59
2018-03-01,furniture_decor,RJ,53,74,8323.05
2018-03-01,furniture_decor,RN,2,2,339.03
2018-03-01,furniture_decor,RS,34,43,4846.10
2018-03-01,furniture_decor,SC,24,35,3686.87
2018-03-01,furniture_decor,SE,2,2,618.81
2018-03-01,furniture_decor,SP,166,213,22745.37
2018-03-01,furniture_living_room,DF,2,2,856.77
2018-03-01,furniture_living_room,ES,1,1,210.29
2018-03-01,furniture_living_room,MG,2,2,102.32
2018-03-01,furniture_living_room,RJ,6,6,1647.03
2018-03-01,furniture_living_room,RS,1,1,471.35
2018-03-01,furniture_living_room,SC,1,1,57.22
2018-03-01,furniture_living_room,SP,6,6,934.82
2018-03-01,furniture_mattress_and_upholstery,RJ,1,1,133.99
2018-03-01,furniture_mattress_and_upholstery,SP,3,3,450.94
2018-03-01,garden_tools,AM,1,1,130.24
2018-03-01,garden_tools,BA,5,7,1218.32
2018-03-01,garden_tools,CE,3,8,827.82
2018-03-01,garden_tools,DF,1,1,75.25
2018-03-01,garden_tools,ES,4,5,562.06
2018-03-01,garden_tools,GO,5,11,871.35
2018-03-01,garden_tools,MA,1,1,110.83
2018-03-01,garden_tools,MG,29,32,3815.06
2018-03-01,garden_tools,MS,3,4,390.61
2018-03-01,garden_tools,MT,3,4,486.70
2018-03-01,garden_tools,PA,1,3,289.02
2018-03-01,garden_tools,PE,3,3,275.36
2018-03-01,garden_tools,PI,1,1,136.60
2018-03-01,garden_tools,PR,8,10,2015.50
2018-03-01,garden_tools,RJ,32,38,4124.67
2018-03-01,garden_tools,RN,2,2,770.57
2018-03-01,garden_tools,RO,1,1,106.85
2018-03-01,garden_tools,RS,15,17,2681.64
2018-03-01,garden_tools,SC,5,9,1569.64
2018-03-01,garden_tools,SE,1,2,213.70
2018-03-01,garden_tools,SP,75,93,12397.35
2018-03-01,health_beauty,AL,6,6,1495.00
2018-03-01,health_beauty,AM,1,3,208.11
2018-03-01,health_beauty,BA,19,19,2630.61
2018-03-01,health_beauty,CE,7,7,1983.94
2018-03-01,health_beauty,DF,11,12,2955.37
2018-03-01,health_beauty,ES,13,13,2219.09
2018-03-01,health_beauty,GO,14,15,2026.93
2018-03-01,health_beauty,MA,7,8,1136.93
2018-03-01,health_beauty,MG,79,82,13817.82
2018-03-01,health_beauty,MS,5,5,657.98
2018-03-01,health_beauty,MT,2,2,802.17
2018-03-01,health_beauty,PA,8,8,2030.38
2018-03-01,health_beauty,PB,8,8,1440.45
2018-03-01,health_beauty,PE,18,18,4711.17
2018-03-01,health_beauty,PI,4,4,998.20
2018-03-01,health_beauty,PR,26,28,3654.61
2018-03-01,health_beauty,RJ,58,62,9567.16
2018-03-01,health_beauty,RN,4,4,693.00
2018-03-01,health_beauty,RO,1,1,151.71
2018-03-01,health_beauty,RS,32,35,3642.99
2018-03-01,health_beauty,SC,13,15,2149.31
2018-03-01,health_beauty,SE,1,1,135.02
2018-03-01,health_beauty,SP,267,299,37861.19
2018-03-01,health_beauty,TO,1,1,66.69
2018-03-01,home_appliances,AM,1,1,126.94
2018-03-01,home_appliances,BA,3,3,328.12
2018-03-01,home_appliances,DF,1,1,110.42
2018-03-01,home_appliances,ES,1,1,75.28
2018-03-01,home_appliances,GO,2,2,154.28
2018-03-01,home_appliances,MG,10,10,747.20
2018-03-01,home_appliances,PA,2,2,330.08
2018-03-01,home_appliances,PI,1,1,210.61
2018-03-01,home_appliances,PR,3,3,1026.11
2018-03-01,home_appliances,RJ,12,12,2950.73
2018-03-01,home_appliances,RS,4,4,1734.02
2018-03-01,home_appliances,SC,1,1,62.43
2018-03-01,home_appliances,SP,29,29,3494.04
2018-03-01,home_appliances_2,AL,1,1,1658.81
2018-03-01,home_appliances_2,DF,1,1,811.51
2018-03-01,home_appliances_2,RJ,6,6,1941.01
2018-03-01,home_appliances_2,RS,2,2,771.97
2018-03-01,home_appliances_2,SP,2,2,902.69
2018-03-01,home_comfort_2,SP,1,1,44.33
2018-03-01,home_confort,MA,1,1,144.06
2018-03-01,home_confort,MG,1,1,243.07
2018-03-01,home_confort,MS,1,1,110.09
2018-03-01,home_confort,PB,1,1,140.06
2018-03-01,home_confort,PR,2,2,216.92
2018-03-01,home_confort,RJ,3,3,590.31
2018-03-01,home_confort,RS,1,1,110.09
2018-03-01,home_confort,SC,1,1,53.31
2018-03-01,home_confort,SP,10,10,1452.71
2018-03-01,home_construction,AM,2,2,623.99
2018-03-01,home_construction,BA,1,2,126.96
2018-03-01,home_construction,ES,1,1,111.84
2018-03-01,home_construction,MG,3,3,372.72
2018-03-01,home_construction,MS,1,1,444.25
2018-03-01,home_construction,PA,1,1,143.63
2018-03-01,home_construction,RJ,4,8,880.16
2018-03-01,home_construction,RS,3,4,336.55
2018-03-01,home_construction,SC,2,3,648.50
2018-03-01,home_construction,SP,15,18,2634.04
2018-03-01,housewares,AP,1,1,90.89
2018-03-01,housewares,BA,13,15,2951.06
2018-03-01,housewares,CE,4,5,1082.92
2018-03-01,housewares,DF,8,9,884.55
2018-03-01,housewares,ES,4,4,777.87
2018-03-01,housewares,GO,5,14,2407.06
2018-03-01,housewares,MA,3,3,440.21
2018-03-01,housewares,MG,41,51,4035.88
2018-03-01,housewares,MS,2,2,285.33
2018-03-01,housewares,MT,3,3,184.82
2018-03-01,housewares,PA,2,2,291.27
2018-03-01,housewares,PE,2,2,117.58
2018-03-01,housewares,PI,2,6,1159.84
2018-03-01,housewares,PR,17,20,1927.01
2018-03-01,housewares,RJ,35,44,4317.12
2018-03-01,housewares,RO,1,1,154.83
2018-03-01,housewares,RS,23,26,3276.64
2018-03-01,housewares,SC,12,12,817.61
2018-03-01,housewares,SP,144,170,18581.18
2018-03-01,industry_commerce_and_business,CE,1,1,167.23
2018-03-01,industry_commerce_and_business,GO,1,1,83.59
2018-03-01,industry_commerce_and_business,MG,4,5,593.54
2018-03-01,industry_commerce_and_business,MT,1,1,116.84
2018-03-01,industry_commerce_and_business,RJ,3,3,468.39
2018-03-01,industry_commerce_and_business,RS,2,2,297.63
2018-03-01,industry_commerce_and_business,SC,3,3,316.78
2018-03-01,industry_commerce_and_business,SE,1,1,208.96
2018-03-01,industry_commerce_and_business,SP,10,12,1354.87
2018-03-01,kitchen_dining_laundry_garden_furniture,MG,2,2,241.46
2018-03-01,kitchen_dining_laundry_garden_furniture,PE,1,1,571.48
2018-03-01,kitchen_dining_laundry_garden_furniture,PR,1,1,154.96
2018-03-01,kitchen_dining_laundry_garden_furniture,RJ,2,2,225.83
2018-03-01,kitchen_dining_laundry_garden_furniture,SC,1,1,85.99
2018-03-01,kitchen_dining_laundry_garden_furniture,SP,5,5,2322.30
2018-03-01,la_cuisine,SC,1,1,426.70
2018-03-01,luggage_accessories,BA,3,3,233.40
2018-03-01,luggage_accessories,CE,2,3,1024.27
2018-03-01,luggage_accessories,DF,1,1,55.27
2018-03-01,luggage_accessories,ES,1,1,63.23
2018-03-01,luggage_accessories,MA,1,2,88.94
2018-03-01,luggage_accessories,MG,8,8,859.86
2018-03-01,luggage_accessories,PR,3,3,556.49
2018-03-01,luggage_accessories,RJ,6,7,761.50
2018-03-01,luggage_accessories,RS,3,3,504.15
2018-03-01,luggage_accessories,SC,1,1,178.80
2018-03-01,luggage_accessories,SP,22,24,3007.50
2018-03-01,market_place,AL,1,2,240.52
2018-03-01,market_place,BA,1,1,103.33
2018-03-01,market_place,DF,1,1,221.89
2018-03-01,market_place,MG,3,3,614.11
2018-03-01,market_place,RJ,4,4,389.15
2018-03-01,market_place,SP,6,6,286.19
2018-03-01,music,RS,1,1,322.17
2018-03-01,music,SP,1,1,40.19
2018-03-01,musical_instruments,BA,1,1,313.72
2018-03-01,musical_instruments,DF,1,1,114.25
2018-03-01,musical_instruments,ES,2,2,2653.33
2018-03-01,musical_instruments,MG,9,9,1246.35
2018-03-01,musical_instruments,MT,1,1,116.25
2018-03-01,musical_instruments,PR,1,1,411.76
2018-03-01,musical_instruments,RJ,7,7,956.88
2018-03-01,musical_instruments,RS,1,1,202.16
2018-03-01,musical_instruments,SC,1,1,77.29
2018-03-01,musical_instruments,SP,25,29,4063.63
2018-03-01,office_furniture,BA,2,2,433.71
2018-03-01,office_furniture,CE,3,6,1355.53
2018-03-01,office_furniture,DF,1,1,160.22
2018-03-01,office_furniture,ES,1,1,468.25
2018-03-01,office_furniture,GO,5,5,933.56
2018-03-01,office_furniture,MA,3,6,1438.53
2018-03-01,office_furniture,MG,23,26,5107.62
2018-03-01,office_furniture,MS,1,1,177.04
2018-03-01,office_furniture,PA,2,2,593.63
2018-03-01,office_furniture,PB,1,1,189.72
2018-03-01,office_furniture,PE,1,1,118.38
2018-03-01,office_furniture,PR,6,9,1977.60
2018-03-01,office_furniture,RJ,17,32,5864.18
2018-03-01,office_furniture,RN,1,1,509.40
2018-03-01,office_furniture,RR,1,1,434.76
2018-03-01,office_furniture,RS,4,7,953.22
2018-03-01,office_furniture,SC,4,7,1231.52
2018-03-01,office_furniture,SP,73,91,17219.22
2018-03-01,party_supplies,MG,1,1,417.23
2018-03-01,party_supplies,PI,1,1,292.88
2018-03-01,party_supplies,RJ,1,2,68.50
2018-03-01,party_supplies,RS,1,1,38.69
2018-03-01,party_supplies,SP,1,1,252.99
2018-03-01,perfumery,BA,3,3,241.90
2018-03-01,perfumery,CE,3,3,322.42
2018-03-01,perfumery,DF,1,1,55.92
2018-03-01,perfumery,ES,2,2,225.33
2018-03-01,perfumery,GO,5,5,450.89
2018-03-01,perfumery,MA,2,2,364.95
2018-03-01,perfumery,MG,19,20,1978.43
2018-03-01,perfumery,MS,1,1,70.16
2018-03-01,perfumery,MT,1,6,164.34
2018-03-01,perfumery,PB,2,2,583.43
2018-03-01,perfumery,PE,5,5,775.16
2018-03-01,perfumery,PI,1,1,196.07
2018-03-01,perfumery,PR,7,7,707.58
2018-03-01,perfumery,RJ,23,24,3557.36
2018-03-01,perfumery,RN,1,1,213.33
2018-03-01,perfumery,RS,4,4,348.26
2018-03-01,perfumery,SC,4,4,378.83
2018-03-01,perfumery,SP,96,105,12446.69
2018-03-01,perfumery,TO,2,2,269.61
2018-03-01,pet_shop,BA,3,4,526.36
2018-03-01,pet_shop,CE,1,1,89.03
2018-03-01,pet_shop,GO,4,4,1027.07
2018-03-01,pet_shop,MG,12,14,2242.45
2018-03-01,pet_shop,MS,2,2,213.60
2018-03-01,pet_shop,MT,1,1,162.90
2018-03-01,pet_shop,PA,1,1,142.66
2018-03-01,pet_shop,PB,1,1,80.05
2018-03-01,pet_shop,PE,1,1,274.24
2018-03-01,pet_shop,PR,5,6,556.48
2018-03-01,pet_shop,RJ,15,16,2441.47
2018-03-01,pet_shop,RS,8,8,1196.43
2018-03-01,pet_shop,SC,3,3,323.07
2018-03-01,pet_shop,SP,50,59,6662.33
2018-03-01,pet_shop,TO,1,1,129.00
2018-03-01,signaling_and_security,DF,1,1,153.96
2018-03-01,signaling_and_security,RJ,2,2,183.69
2018-03-01,signaling_and_security,SE,1,2,219.42
2018-03-01,signaling_and_security,SP,3,4,522.49
2018-03-01,small_appliances,BA,2,2,660.09
2018-03-01,small_appliances,MT,1,1,657.05
2018-03-01,small_appliances,PB,1,1,226.27
2018-03-01,small_appliances,PR,2,2,256.58
2018-03-01,small_appliances,RJ,2,2,1398.48
2018-03-01,small_appliances,RS,4,4,3068.06
2018-03-01,small_appliances,SC,2,2,1110.33
2018-03-01,small_appliances,SP,20,21,7316.25
2018-03-01,small_appliances_home_oven_and_coffee,PR,2,2,2686.25
2018-03-01,small_appliances_home_oven_and_coffee,RS,1,1,238.98
2018-03-01,small_appliances_home_oven_and_coffee,SC,1,1,2960.05
2018-03-01,small_appliances_home_oven_and_coffee,SP,3,3,2335.20
2018-03-01,sports_leisure,AL,3,3,215.27
2018-03-01,sports_leisure,AP,1,1,102.59
2018-03-01,sports_leisure,BA,21,23,4176.08
2018-03-01,sports_leisure,CE,7,7,1065.62
2018-03-01,sports_leisure,DF,12,13,1874.18
2018-03-01,sports_leisure,ES,8,9,1328.02
2018-03-01,sports_leisure,GO,11,13,1665.18
2018-03-01,sports_leisure,MA,7,9,2914.82
2018-03-01,sports_leisure,MG,68,79,8287.87
2018-03-01,sports_leisure,MS,2,4,346.99
2018-03-01,sports_leisure,MT,3,3,516.87
2018-03-01,sports_leisure,PA,4,4,645.24
2018-03-01,sports_leisure,PB,1,1,150.18
2018-03-01,sports_leisure,PE,6,6,831.91
2018-03-01,sports_leisure,PR,44,62,6359.53
2018-03-01,sports_leisure,RJ,76,79,12071.07
2018-03-01,sports_leisure,RN,1,1,35.35
2018-03-01,sports_leisure,RO,3,3,604.99
2018-03-01,sports_leisure,RS,39,45,7216.86
2018-03-01,sports_leisure,SC,25,33,3915.61
2018-03-01,sports_leisure,SE,2,2,279.36
2018-03-01,sports_leisure,SP,298,329,39679.62
2018-03-01,sports_leisure,TO,3,3,1711.56
2018-03-01,stationery,AP,1,1,200.05
2018-03-01,stationery,BA,4,4,420.31
2018-03-01,stationery,CE,1,1,141.87
2018-03-01,stationery,DF,7,7,977.81
2018-03-01,stationery,GO,3,3,305.35
2018-03-01,stationery,MA,2,6,402.18
2018-03-01,stationery,MG,22,25,2377.90
2018-03-01,stationery,MT,1,1,145.99
2018-03-01,stationery,PA,2,2,206.92
2018-03-01,stationery,PB,1,1,151.61
2018-03-01,stationery,PE,4,4,419.01
2018-03-01,stationery,PR,11,11,1000.23
2018-03-01,stationery,RJ,21,23,2250.12
2018-03-01,stationery,RS,10,11,1453.68
2018-03-01,stationery,SC,2,2,152.16
2018-03-01,stationery,SP,53,61,5263.25
2018-03-01,tablets_printing_image,SP,2,3,287.29
2018-03-01,telephony,AL,1,1,72.84
2018-03-01,telephony,AP,1,1,47.84
2018-03-01,telephony,BA,25,25,3179.97
2018-03-01,telephony,CE,9,9,1438.58
2018-03-01,telephony,DF,4,5,280.18
2018-03-01,telephony,ES,10,10,468.59
2018-03-01,telephony,GO,10,10,430.78
2018-03-01,telephony,MA,2,2,130.99
2018-03-01,telephony,MG,25,25,4383.35
2018-03-01,telephony,MS,4,4,173.74
2018-03-01,telephony,MT,1,3,150.15
2018-03-01,telephony,PA,9,9,2299.54
2018-03-01,telephony,PB,1,1,95.84
2018-03-01,telephony,PE,11,11,810.85
2018-03-01,telephony,PI,4,4,230.27
2018-03-01,telephony,PR,19,20,1264.76
2018-03-01,telephony,RJ,26,28,3052.97
2018-03-01,telephony,RN,1,1,35.84
2018-03-01,telephony,RS,17,17,2786.34
2018-03-01,telephony,SC,10,11,759.96
2018-03-01,telephony,SE,3,4,223.64
2018-03-01,telephony,SP,124,129,7364.44
2018-03-01,telephony,TO,3,4,359.70
2018-03-01,toys,AL,1,1,218.62
2018-03-01,toys,BA,7,7,720.69
2018-03-01,toys,CE,4,4,554.89
2018-03-01,toys,DF,3,3,226.97
2018-03-01,toys,ES,6,6,459.99
2018-03-01,toys,GO,5,6,495.25
2018-03-01,toys,MA,1,1,79.05
2018-03-01,toys,MG,20,21,3784.65
2018-03-01,toys,MS,4,4,275.50
2018-03-01,toys,MT,4,4,326.39
2018-03-01,toys,PA,2,2,198.51
2018-03-01,toys,PB,1,1,58.75
2018-03-01,toys,PE,3,4,615.02
2018-03-01,toys,PR,8,8,1078.22
2018-03-01,toys,RJ,23,26,2503.66
2018-03-01,toys,RN,1,1,167.22
2018-03-01,toys,RS,12,12,1772.88
2018-03-01,toys,SC,7,7,965.63
2018-03-01,toys,SP,102,106,11832.22
2018-03-01,toys,TO,1,1,646.16
2018-03-01,unknown,BA,6,6,1111.45
2018-03-01,unknown,CE,4,6,1731.53
2018-03-01,unknown,DF,1,1,138.73
2018-03-01,unknown,ES,3,3,499.05
2018-03-01,unknown,GO,6,6,970.32
2018-03-01,unknown,MG,16,16,2137.81
2018-03-01,unknown,MT,1,1,140.56
2018-03-01,unknown,PA,1,1,160.54
2018-03-01,unknown,PE,1,1,160.54
2018-03-01,unknown,PI,1,1,146.35
2018-03-01,unknown,PR,6,7,762.30
2018-03-01,unknown,RJ,11,11,1129.63
2018-03-01,unknown,RN,1,1,174.35
2018-03-01,unknown,RO,1,1,174.35
2018-03-01,unknown,RR,2,2,301.82
2018-03-01,unknown,RS,16,17,2441.67
2018-03-01,unknown,SC,7,7,803.21
2018-03-01,unknown,SP,41,45,6139.27
2018-03-01,watches_gifts,AL,3,3,1975.46
2018-03-01,watches_gifts,AM,1,1,136.08
2018-03-01,watches_gifts,BA,9,9,2989.86
2018-03-01,watches_gifts,CE,5,5,1351.17
2018-03-01,watches_gifts,DF,12,12,3478.47
2018-03-01,watches_gifts,ES,11,11,1611.86
2018-03-01,watches_gifts,GO,11,11,1811.46
2018-03-01,watches_gifts,MA,4,5,585.36
2018-03-01,watches_gifts,MG,52,53,10216.73
2018-03-01,watches_gifts,MS,6,6,2005.09
2018-03-01,watches_gifts,MT,5,5,1399.07
2018-03-01,watches_gifts,PA,6,6,1878.36
2018-03-01,watches_gifts,PB,7,7,1914.84
2018-03-01,watches_gifts,PE,12,14,7994.43
2018-03-01,watches_gifts,PI,1,1,223.70
2018-03-01,watches_gifts,PR,15,18,4833.79
2018-03-01,watches_gifts,RJ,59,64,12973.49
2018-03-01,watches_gifts,RN,6,6,1479.04
2018-03-01,watches_gifts,RO,1,1,277.08
2018-03-01,watches_gifts,RR,1,1,287.45
2018-03-01,watches_gifts,RS,21,21,4013.09
2018-03-01,watches_gifts,SC,12,12,4400.47
2018-03-01,watches_gifts,SP,146,148,36177.54
2018-03-01,watches_gifts,TO,1,1,278.37
2018-04-01,agro_industry_and_commerce,AL,1,1,1518.55
2018-04-01,agro_industry_and_commerce,BA,1,1,499.64
2018-04-01,agro_industry_and_commerce,MG,1,1,433.46
2018-04-01,agro_industry_and_commerce,PR,1,1,432.40
2018-04-01,agro_industry_and_commerce,RS,1,1,100.12
2018-04-01,agro_industry_and_commerce,SC,2,2,693.35
2018-04-01,agro_industry_and_commerce,SP,5,5,1106.14
2018-04-01,air_conditioning,MG,3,3,1087.29
2018-04-01,air_conditioning,PE,1,1,224.90
2018-04-01,air_conditioning,PI,2,2,486.49
2018-04-01,air_conditioning,PR,1,1,48.37
2018-04-01,air_conditioning,RJ,3,4,645.30
2018-04-01,air_conditioning,RS,3,3,296.49
2018-04-01,air_conditioning,SP,9,9,1132.28
2018-04-01,art,AP,1,1,70.38
2018-04-01,art,MG,2,2,201.54
2018-04-01,art,PR,1,1,103.13
2018-04-01,art,RJ,6,6,579.50
2018-04-01,art,RN,1,1,137.10
2018-04-01,art,SC,3,3,233.22
2018-04-01,art,SP,12,12,1298.17
2018-04-01,arts_and_craftmanship,MG,1,1,34.22
2018-04-01,audio,CE,1,1,540.18
2018-04-01,audio,DF,1,1,30.13
2018-04-01,audio,ES,1,1,30.13
2018-04-01,audio,MG,5,6,1679.88
2018-04-01,audio,PI,1,1,37.75
2018-04-01,audio,PR,2,2,1042.74
2018-04-01,audio,RJ,5,5,1166.61
2018-04-01,audio,SP,14,14,3044.04
2018-04-01,auto,AL,1,1,79.34
2018-04-01,auto,AM,1,1,264.18
2018-04-01,auto,BA,12,13,1861.92
2018-04-01,auto,CE,4,4,1662.88
2018-04-01,auto,DF,11,13,1786.67
2018-04-01,auto,ES,6,6,982.51
2018-04-01,auto,GO,7,7,984.72
2018-04-01,auto,MA,2,2,272.90
2018-04-01,auto,MG,36,37,5333.41
2018-04-01,auto,MS,2,2,277.60
2018-04-01,auto,MT,3,3,660.34
2018-04-01,auto,PA,1,1,68.30
2018-04-01,auto,PB,1,1,190.09
2018-04-01,auto,PE,9,10,1674.32
2018-04-01,auto,PI,2,4,3805.86
2018-04-01,auto,PR,17,17,2184.94
2018-04-01,auto,RJ,44,44,5829.89
2018-04-01,auto,RN,1,1,98.38
2018-04-01,auto,RS,23,27,4958.08
2018-04-01,auto,SC,12,12,2901.28
2018-04-01,auto,SP,131,140,19050.85
2018-04-01,auto,TO,2,2,288.49
2018-04-01,baby,BA,10,10,2506.30
2018-04-01,baby,CE,3,4,515.67
2018-04-01,baby,DF,4,5,504.95
2018-04-01,baby,ES,3,3,266.81
2018-04-01,baby,GO,6,6,1055.37
2018-04-01,baby,MA,3,3,803.13
2018-04-01,baby,MG,36,37,9427.51
2018-04-01,baby,MS,4,4,506.14
2018-04-01,baby,MT,2,2,1234.89
2018-04-01,baby,PA,3,3,2466.37
2018-04-01,baby,PB,2,2,213.44
2018-04-01,baby,PE,2,2,756.52
2018-04-01,baby,PI,1,1,1388.68
2018-04-01,baby,PR,8,8,1372.75
2018-04-01,baby,RJ,19,19,4909.28
2018-04-01,baby,RN,1,1,127.25
2018-04-01,baby,RO,1,1,101.38
2018-04-01,baby,RS,9,10,4041.19
2018-04-01,baby,SC,8,20,5498.34
2018-04-01,baby,SE,1,1,137.22
2018-04-01,baby,SP,89,95,16006.55
2018-04-01,bed_bath_table,AL,1,1,119.98
2018-04-01,bed_bath_table,BA,16,19,2055.27
2018-04-01,bed_bath_table,CE,6,6,562.77
2018-04-01,bed_bath_table,DF,11,14,1262.69
2018-04-01,bed_bath_table,ES,20,24,3301.01
2018-04-01,bed_bath_table,GO,14,17,2376.99
2018-04-01,bed_bath_table,MA,3,3,387.96
2018-04-01,bed_bath_table,MG,59,77,9075.94
2018-04-01,bed_bath_table,MS,3,3,605.35
2018-04-01,bed_bath_table,MT,6,8,929.36
2018-04-01,bed_bath_table,PA,3,4,387.12
2018-04-01,bed_bath_table,PB,2,2,362.04
2018-04-01,bed_bath_table,PE,4,6,947.42
2018-04-01,bed_bath_table,PI,1,1,141.13
2018-04-01,bed_bath_table,PR,26,34,4227.97
2018-04-01,bed_bath_table,RJ,75,100,13056.26
2018-04-01,bed_bath_table,RN,1,1,85.84
2018-04-01,bed_bath_table,RS,32,38,5198.93
2018-04-01,bed_bath_table,SC,21,29,3315.14
2018-04-01,bed_bath_table,SE,1,1,121.51
2018-04-01,bed_bath_table,SP,294,347,36928.68
2018-04-01,bed_bath_table,TO,1,1,116.60
2018-04-01,books_general_interest,BA,1,1,37.01
2018-04-01,books_general_interest,CE,1,1,379.30
2018-04-01,books_general_interest,DF,3,4,675.84
2018-04-01,books_general_interest,ES,1,1,106.30
2018-04-01,books_general_interest,GO,2,2,198.86
2018-04-01,books_general_interest,MG,2,2,650.58
2018-04-01,books_general_interest,PA,1,3,168.59
2018-04-01,books_general_interest,PR,6,9,643.13
2018-04-01,books_general_interest,RJ,3,4,293.17
2018-04-01,books_general_interest,RN,1,1,585.12
2018-04-01,books_general_interest,RS,2,2,201.92
2018-04-01,books_general_interest,SC,2,2,259.91
2018-04-01,books_general_interest,SP,17,17,2970.19
2018-04-01,books_imported,SP,4,4,352.37
2018-04-01,books_technical,BA,2,2,129.50
2018-04-01,books_technical,CE,1,1,37.71
2018-04-01,books_technical,DF,2,2,85.31
2018-04-01,books_technical,ES,2,2,118.36
2018-04-01,books_technical,MA,2,2,123.23
2018-04-01,books_technical,PE,1,1,79.95
2018-04-01,books_technical,PR,3,3,428.73
2018-04-01,books_technical,RJ,4,4,224.70
2018-04-01,books_technical,SP,6,6,348.97
2018-04-01,cds_dvds_musicals,MA,1,1,117.58
2018-04-01,christmas_supplies,BA,2,4,210.23
2018-04-01,christmas_supplies,MG,2,2,139.82
2018-04-01,christmas_supplies,RJ,1,2,51.82
2018-04-01,christmas_supplies,SP,4,4,116.71
2018-04-01,cine_photo,BA,1,1,120.38
2018-04-01,cine_photo,RJ,1,1,65.03
2018-04-01,cine_photo,RS,3,3,435.72
2018-04-01,computers,AL,1,1,878.48
2018-04-01,computers,BA,1,1,827.32
2018-04-01,computers,CE,1,1,910.20
2018-04-01,computers,PE,1,2,1418.86
2018-04-01,computers,PI,1,1,884.20
2018-04-01,computers,PR,1,1,688.25
2018-04-01,computers,RJ,2,2,1794.40
2018-04-01,computers,SP,5,6,7169.90
2018-04-01,computers_accessories,AL,2,2,273.12
2018-04-01,computers_accessories,BA,17,18,2162.03
2018-04-01,computers_accessories,CE,8,8,1268.89
2018-04-01,computers_accessories,DF,9,9,1120.44
2018-04-01,computers_accessories,ES,8,9,886.40
2018-04-01,computers_accessories,GO,13,14,2010.00
2018-04-01,computers_accessories,MA,4,4,983.16
2018-04-01,computers_accessories,MG,70,77,10254.12
2018-04-01,computers_accessories,MS,3,4,458.94
2018-04-01,computers_accessories,MT,3,3,456.57
2018-04-01,computers_accessories,PA,4,4,568.89
2018-04-01,computers_accessories,PE,11,11,1504.23
2018-04-01,computers_accessories,PI,5,5,1082.49
2018-04-01,computers_accessories,PR,27,28,3400.97
2018-04-01,computers_accessories,RJ,40,44,5858.25
2018-04-01,computers_accessories,RN,2,4,662.20
2018-04-01,computers_accessories,RO,2,2,421.00
2018-04-01,computers_accessories,RS,18,22,2783.98
2018-04-01,computers_accessories,SC,8,10,1501.24
2018-04-01,computers_accessories,SP,211,248,29612.73
2018-04-01,consoles_games,BA,1,1,819.31
2018-04-01,consoles_games,CE,1,1,139.61
2018-04-01,consoles_games,DF,1,1,48.96
2018-04-01,consoles_games,ES,3,3,801.28
2018-04-01,consoles_games,MG,4,4,1155.17
2018-04-01,consoles_games,MT,1,1,54.72
2018-04-01,consoles_games,PB,1,1,48.84
2018-04-01,consoles_games,PR,2,2,989.07
2018-04-01,consoles_games,RJ,3,3,173.59
2018-04-01,consoles_games,RS,2,3,105.19
2018-04-01,consoles_games,SC,3,3,213.62
2018-04-01,consoles_games,SP,14,15,1554.25
2018-04-01,consoles_games,TO,1,2,151.88
2018-04-01,construction_tools_construction,CE,1,1,147.36
2018-04-01,construction_tools_construction,DF,1,1,78.29
2018-04-01,construction_tools_construction,MG,11,11,1359.20
2018-04-01,construction_tools_construction,MT,2,2,1030.29
2018-04-01,construction_tools_construction,PR,7,9,4171.20
2018-04-01,construction_tools_construction,RJ,9,9,1024.74
2018-04-01,construction_tools_construction,RO,2,2,334.19
2018-04-01,construction_tools_construction,RS,4,4,391.48
2018-04-01,construction_tools_construction,SC,3,4,568.96
2018-04-01,construction_tools_construction,SP,36,47,6014.33
2018-04-01,construction_tools_lights,ES,2,5,730.08
2018-04-01,construction_tools_lights,MG,6,7,1167.41
2018-04-01,construction_tools_lights,PR,4,4,595.16
2018-04-01,construction_tools_lights,RJ,2,2,194.89
2018-04-01,construction_tools_lights,RS,6,6,733.09
2018-04-01,construction_tools_lights,SC,3,4,363.42
2018-04-01,construction_tools_lights,SP,14,19,2043.45
2018-04-01,construction_tools_safety,CE,1,1,63.99
2018-04-01,construction_tools_safety,GO,1,1,73.16
2018-04-01,construction_tools_safety,MG,2,2,272.89
2018-04-01,construction_tools_safety,MT,2,2,630.84
2018-04-01,construction_tools_safety,PR,4,5,343.79
2018-04-01,construction_tools_safety,RJ,4,4,511.34
2018-04-01,construction_tools_safety,SC,1,1,83.33
2018-04-01,construction_tools_safety,SE,1,1,145.37
2018-04-01,construction_tools_safety,SP,7,7,1303.26
2018-04-01,cool_stuff,BA,7,7,1405.91
2018-04-01,cool_stuff,CE,4,4,752.29
2018-04-01,cool_stuff,DF,3,3,523.58
2018-04-01,cool_stuff,ES,4,4,573.28
2018-04-01,cool_stuff,GO,1,1,209.11
2018-04-01,cool_stuff,MA,1,1,293.61
2018-04-01,cool_stuff,MG,16,17,2787.85
2018-04-01,cool_stuff,MT,3,3,693.89
2018-04-01,cool_stuff,PA,6,6,1188.65
2018-04-01,cool_stuff,PB,4,4,823.87
2018-04-01,cool_stuff,PE,5,5,1225.09
2018-04-01,cool_stuff,PI,2,2,336.95
2018-04-01,cool_stuff,PR,13,16,4482.90
2018-04-01,cool_stuff,RJ,24,25,5152.02
2018-04-01,cool_stuff,RN,1,1,228.57
2018-04-01,cool_stuff,RS,17,17,3511.07
2018-04-01,cool_stuff,SC,6,12,1346.65
2018-04-01,cool_stuff,SE,1,1,243.26
2018-04-01,cool_stuff,SP,76,77,14227.95
2018-04-01,costruction_tools_garden,MG,1,2,148.85
2018-04-01,costruction_tools_garden,RJ,3,5,769.94
2018-04-01,costruction_tools_garden,RS,1,1,57.29
2018-04-01,costruction_tools_garden,SP,7,10,801.19
2018-04-01,costruction_tools_tools,GO,1,2,107.22
2018-04-01,costruction_tools_tools,MG,4,4,495.78
2018-04-01,costruction_tools_tools,MS,1,1,26.12
2018-04-01,costruction_tools_tools,RJ,3,3,336.76
2018-04-01,costruction_tools_tools,RS,2,2,266.12
2018-04-01,costruction_tools_tools,SC,1,1,68.75
2018-04-01,costruction_tools_tools,SP,4,4,351.17
2018-04-01,diapers_and_hygiene,PR,1,1,56.32
2018-04-01,diapers_and_hygiene,SP,3,3,144.25
2018-04-01,drinks,MG,1,1,61.23
2018-04-01,drinks,MT,1,1,41.55
2018-04-01,drinks,PR,2,5,830.16
2018-04-01,drinks,RJ,5,14,3272.81
2018-04-01,drinks,RS,1,3,236.37
2018-04-01,drinks,SC,1,1,142.41
2018-04-01,drinks,SP,18,29,1329.69
2018-04-01,dvds_blu_ray,PR,2,3,227.25
2018-04-01,dvds_blu_ray,RS,1,1,24.13
2018-04-01,dvds_blu_ray,SP,1,1,16.29
2018-04-01,electronics,AM,1,1,40.85
2018-04-01,electronics,BA,7,7,435.11
2018-04-01,electronics,CE,6,6,823.01
2018-04-01,electronics,DF,6,6,439.91
2018-04-01,electronics,ES,9,11,510.25
2018-04-01,electronics,GO,1,1,33.23
2018-04-01,electronics,MA,1,1,31.85
2018-04-01,electronics,MG,16,17,915.74
2018-04-01,electronics,MS,2,2,60.11
2018-04-01,electronics,PA,4,4,1205.89
2018-04-01,electronics,PB,1,1,68.85
2018-04-01,electronics,PE,3,4,318.85
2018-04-01,electronics,PI,1,1,104.30
2018-04-01,electronics,PR,8,8,680.05
2018-04-01,electronics,RJ,26,27,2274.56
2018-04-01,electronics,RN,3,3,120.74
2018-04-01,electronics,RR,1,1,41.06
2018-04-01,electronics,RS,18,19,804.91
2018-04-01,electronics,SC,11,14,1851.66
2018-04-01,electronics,SE,1,1,36.50
2018-04-01,electronics,SP,75,77,3710.13
2018-04-01,fashio_female_clothing,SP,1,5,218.15
2018-04-01,fashion_bags_accessories,AL,1,1,57.85
2018-04-01,fashion_bags_accessories,BA,3,3,465.72
2018-04-01,fashion_bags_accessories,CE,1,1,66.71
2018-04-01,fashion_bags_accessories,DF,1,1,188.67
2018-04-01,fashion_bags_accessories,ES,3,3,286.70
2018-04-01,fashion_bags_accessories,MA,2,4,374.29
2018-04-01,fashion_bags_accessories,MG,13,13,1840.55
2018-04-01,fashion_bags_accessories,MS,1,1,63.16
2018-04-01,fashion_bags_accessories,PA,2,2,140.07
2018-04-01,fashion_bags_accessories,PB,1,1,353.27
2018-04-01,fashion_bags_accessories,PR,4,4,462.45
2018-04-01,fashion_bags_accessories,RJ,5,7,410.16
2018-04-01,fashion_bags_accessories,RN,1,2,190.25
2018-04-01,fashion_bags_accessories,RO,1,1,72.75
2018-04-01,fashion_bags_accessories,RS,6,6,562.74
2018-04-01,fashion_bags_accessories,SC,2,2,81.55
2018-04-01,fashion_bags_accessories,SP,45,50,4314.80
2018-04-01,fashion_male_clothing,ES,1,1,234.42
2018-04-01,fashion_shoes,DF,1,1,108.16
2018-04-01,fashion_shoes,GO,1,1,181.59
2018-04-01,fashion_shoes,MG,1,1,123.18
2018-04-01,fashion_shoes,MS,1,1,122.12
2018-04-01,fashion_shoes,PE,1,1,201.07
2018-04-01,fashion_shoes,RN,1,1,257.65
2018-04-01,fashion_shoes,RS,1,1,181.59
2018-04-01,fashion_shoes,SC,1,1,199.75
2018-04-01,fashion_shoes,SP,3,3,342.86
2018-04-01,fashion_sport,RJ,1,1,105.41
2018-04-01,fashion_underwear_beach,SC,1,1,68.13
2018-04-01,fashion_underwear_beach,SP,5,5,372.05
2018-04-01,fixed_telephony,CE,1,1,70.03
2018-04-01,fixed_telephony,ES,1,1,141.43
2018-04-01,fixed_telephony,MG,2,2,311.98
2018-04-01,fixed_telephony,RJ,2,3,840.52
2018-04-01,fixed_telephony,RS,1,1,280.72
2018-04-01,fixed_telephony,SP,3,3,483.00
2018-04-01,flowers,RJ,1,1,64.93
2018-04-01,flowers,SP,2,2,129.56
2018-04-01,food,BA,2,2,180.04
2018-04-01,food,CE,1,1,83.89
2018-04-01,food,DF,1,1,38.22
2018-04-01,food,MG,2,4,201.68
2018-04-01,food,MT,1,1,49.96
2018-04-01,food,RJ,3,3,216.05
2018-04-01,food,RN,1,1,78.75
2018-04-01,food,SC,3,3,161.32
2018-04-01,food,SP,22,24,1210.08
2018-04-01,food_drink,AL,1,1,68.54
2018-04-01,food_drink,BA,1,1,57.61
2018-04-01,food_drink,DF,1,1,74.88
2018-04-01,food_drink,ES,1,2,143.92
2018-04-01,food_drink,MG,1,1,34.23
2018-04-01,food_drink,RJ,2,2,95.04
2018-04-01,food_drink,SP,9,10,410.81
2018-04-01,furniture_bedroom,BA,1,1,264.76
2018-04-01,furniture_bedroom,ES,1,1,120.33
2018-04-01,furniture_bedroom,RJ,2,2,616.46
2018-04-01,furniture_bedroom,SP,2,3,611.12
2018-04-01,furniture_decor,AL,2,2,420.54
2018-04-01,furniture_decor,AM,1,1,89.35
2018-04-01,furniture_decor,BA,17,20,2829.28
2018-04-01,furniture_decor,DF,10,11,1184.64
2018-04-01,furniture_decor,ES,5,6,591.42
2018-04-01,furniture_decor,GO,11,14,1431.64
2018-04-01,furniture_decor,MA,2,3,310.23
2018-04-01,furniture_decor,MG,54,74,7801.56
2018-04-01,furniture_decor,MS,4,6,762.79
2018-04-01,furniture_decor,MT,1,1,117.42
2018-04-01,furniture_decor,PA,4,4,345.39
2018-04-01,furniture_decor,PB,1,2,139.80
2018-04-01,furniture_decor,PE,4,4,373.02
2018-04-01,furniture_decor,PI,1,1,120.80
2018-04-01,furniture_decor,PR,36,45,6040.38
2018-04-01,furniture_decor,RJ,55,65,8294.70
2018-04-01,furniture_decor,RN,2,2,293.96
2018-04-01,furniture_decor,RS,38,45,7071.91
2018-04-01,furniture_decor,SC,26,36,5803.49
2018-04-01,furniture_decor,SP,184,244,23678.59
2018-04-01,furniture_living_room,CE,1,1,563.95
2018-04-01,furniture_living_room,DF,1,1,149.10
2018-04-01,furniture_living_room,MG,3,3,738.27
2018-04-01,furniture_living_room,PE,1,1,191.38
2018-04-01,furniture_living_room,PR,2,4,653.54
2018-04-01,furniture_living_room,RJ,6,7,1419.62
2018-04-01,furniture_living_room,RS,1,1,75.18
2018-04-01,furniture_living_room,SC,1,1,404.55
2018-04-01,furniture_living_room,SP,7,13,1796.93
2018-04-01,furniture_living_room,TO,1,1,108.82
2018-04-01,garden_tools,AL,2,3,161.70
2018-04-01,garden_tools,AP,1,1,236.06
2018-04-01,garden_tools,BA,13,14,1607.27
2018-04-01,garden_tools,CE,5,5,378.15
2018-04-01,garden_tools,DF,3,5,395.93
2018-04-01,garden_tools,ES,4,4,264.66
2018-04-01,garden_tools,GO,2,4,389.98
2018-04-01,garden_tools,MA,1,1,106.85
2018-04-01,garden_tools,MG,38,49,5991.74
2018-04-01,garden_tools,MT,1,1,79.11
2018-04-01,garden_tools,PA,1,1,283.62
2018-04-01,garden_tools,PB,1,1,93.75
2018-04-01,garden_tools,PE,5,7,1253.25
2018-04-01,garden_tools,PI,2,2,160.75
2018-04-01,garden_tools,PR,12,12,1160.23
2018-04-01,garden_tools,RJ,29,38,3982.54
2018-04-01,garden_tools,RS,14,16,1414.79
2018-04-01,garden_tools,SC,5,5,3933.96
2018-04-01,garden_tools,SE,1,1,1729.98
2018-04-01,garden_tools,SP,92,112,16340.56
2018-04-01,health_beauty,AL,3,3,303.55
2018-04-01,health_beauty,AM,1,1,77.31
2018-04-01,health_beauty,AP,2,2,270.16
2018-04-01,health_beauty,BA,23,26,3865.42
2018-04-01,health_beauty,CE,14,14,2803.88
2018-04-01,health_beauty,DF,15,16,1978.62
2018-04-01,health_beauty,ES,14,16,1687.91
2018-04-01,health_beauty,GO,13,15,2832.27
2018-04-01,health_beauty,MA,5,5,1281.14
2018-04-01,health_beauty,MG,61,64,12769.20
2018-04-01,health_beauty,MS,1,1,382.39
2018-04-01,health_beauty,MT,7,7,2324.00
2018-04-01,health_beauty,PA,9,9,1532.67
2018-04-01,health_beauty,PB,6,6,1686.59
2018-04-01,health_beauty,PE,14,15,2098.43
2018-04-01,health_beauty,PI,2,2,528.13
2018-04-01,health_beauty,PR,27,32,4814.78
2018-04-01,health_beauty,RJ,60,66,10432.70
2018-04-01,health_beauty,RN,3,3,721.19
2018-04-01,health_beauty,RS,20,23,3076.61
2018-04-01,health_beauty,SC,22,22,3687.18
2018-04-01,health_beauty,SE,3,3,690.00
2018-04-01,health_beauty,SP,293,333,44313.67
2018-04-01,health_beauty,TO,1,1,175.10
2018-04-01,home_appliances,BA,1,1,73.06
2018-04-01,home_appliances,CE,2,2,1431.15
2018-04-01,home_appliances,DF,5,5,609.84
2018-04-01,home_appliances,ES,2,2,132.73
2018-04-01,home_appliances,GO,2,2,142.14
2018-04-01,home_appliances,MG,11,11,597.59
2018-04-01,home_appliances,MS,1,1,99.43
2018-04-01,home_appliances,PE,1,1,73.54
2018-04-01,home_appliances,PR,7,7,1425.19
2018-04-01,home_appliances,RJ,9,9,666.83
2018-04-01,home_appliances,RR,1,1,730.95
2018-04-01,home_appliances,RS,5,5,813.87
2018-04-01,home_appliances,SC,4,4,910.32
2018-04-01,home_appliances,SP,52,52,9335.11
2018-04-01,home_appliances,TO,1,1,181.45
2018-04-01,home_appliances_2,AL,1,1,856.89
2018-04-01,home_appliances_2,CE,1,1,1869.80
2018-04-01,home_appliances_2,ES,1,1,580.31
2018-04-01,home_appliances_2,MG,1,1,2110.57
2018-04-01,home_appliances_2,PR,1,1,688.24
2018-04-01,home_appliances_2,RJ,9,9,10432.16
2018-04-01,home_appliances_2,RS,1,1,1672.08
2018-04-01,home_appliances_2,SC,1,1,1255.43
2018-04-01,home_appliances_2,SP,7,7,2493.56
2018-04-01,home_comfort_2,MG,1,1,18.76
2018-04-01,home_confort,BA,1,1,112.32
2018-04-01,home_confort,DF,2,2,241.71
2018-04-01,home_confort,MG,2,4,479.32
2018-04-01,home_confort,PR,1,1,97.86
2018-04-01,home_confort,RJ,1,1,108.46
2018-04-01,home_confort,SP,8,9,1234.59
2018-04-01,home_construction,AL,1,1,118.79
2018-04-01,home_construction,AM,1,1,182.85
2018-04-01,home_construction,CE,2,2,705.99
2018-04-01,home_construction,ES,1,1,177.13
2018-04-01,home_construction,MA,1,1,37.91
2018-04-01,home_construction,MG,9,9,1771.84
2018-04-01,home_construction,MS,1,1,84.24
2018-04-01,home_construction,MT,1,1,261.96
2018-04-01,home_construction,PE,1,1,280.83
2018-04-01,home_construction,PR,2,3,187.01
2018-04-01,home_construction,RJ,6,6,677.72
2018-04-01,home_construction,RS,2,2,423.08
2018-04-01,home_construction,SC,2,2,266.00
2018-04-01,home_construction,SP,28,44,5474.01
2018-04-01,housewares,AL,1,1,180.91
2018-04-01,housewares,BA,6,6,1654.38
2018-04-01,housewares,CE,3,3,163.46
2018-04-01,housewares,DF,2,2,155.10
2018-04-01,housewares,ES,5,5,882.97
2018-04-01,housewares,GO,5,5,912.87
2018-04-01,housewares,MA,2,2,412.78
2018-04-01,housewares,MG,51,61,6616.69
2018-04-01,housewares,MS,2,5,536.09
2018-04-01,housewares,MT,4,5,610.36
2018-04-01,housewares,PA,3,3,445.95
2018-04-01,housewares,PB,2,2,139.80
2018-04-01,housewares,PE,3,3,391.61
2018-04-01,housewares,PI,3,4,781.69
2018-04-01,housewares,PR,24,28,3415.69
2018-04-01,housewares,RJ,51,56,6006.57
2018-04-01,housewares,RN,2,2,278.40
2018-04-01,housewares,RS,20,20,2705.47
2018-04-01,housewares,SC,12,12,1257.78
2018-04-01,housewares,SE,1,1,99.96
2018-04-01,housewares,SP,209,236,26806.52
2018-04-01,industry_commerce_and_business,AL,1,1,272.76
2018-04-01,industry_commerce_and_business,BA,3,4,451.88
2018-04-01,industry_commerce_and_business,DF,2,3,350.66
2018-04-01,industry_commerce_and_business,MG,1,1,225.35
2018-04-01,industry_commerce_and_business,MT,1,1,131.80
2018-04-01,industry_commerce_and_business,PR,5,5,787.40
2018-04-01,industry_commerce_and_business,RJ,4,5,630.29
2018-04-01,industry_commerce_and_business,SC,2,3,333.04
2018-04-01,industry_commerce_and_business,SP,29,30,3699.04
2018-04-01,kitchen_dining_laundry_garden_furniture,MG,2,2,297.35
2018-04-01,kitchen_dining_laundry_garden_furniture,PR,1,1,99.04
2018-04-01,kitchen_dining_laundry_garden_furniture,RJ,3,3,1933.62
2018-04-01,kitchen_dining_laundry_garden_furniture,RS,1,1,162.75
2018-04-01,kitchen_dining_laundry_garden_furniture,SC,1,1,72.86
2018-04-01,kitchen_dining_laundry_garden_furniture,SP,9,10,1441.91
2018-04-01,kitchen_dining_laundry_garden_furniture,TO,1,1,214.61
2018-04-01,la_cuisine,SP,1,2,334.12
2018-04-01,luggage_accessories,DF,3,3,327.77
2018-04-01,luggage_accessories,ES,1,1,269.32
2018-04-01,luggage_accessories,MA,1,1,292.06
2018-04-01,luggage_accessories,MG,15,15,2027.53
2018-04-01,luggage_accessories,MT,2,2,247.75
2018-04-01,luggage_accessories,PE,2,2,251.35
2018-04-01,luggage_accessories,PR,2,2,1380.04
2018-04-01,luggage_accessories,RJ,7,7,915.73
2018-04-01,luggage_accessories,RS,2,2,457.33
2018-04-01,luggage_accessories,SP,18,22,4103.19
2018-04-01,market_place,GO,1,1,43.18
2018-04-01,market_place,MG,2,2,163.36
2018-04-01,market_place,RJ,3,3,203.56
2018-04-01,market_place,RS,3,3,230.70
2018-04-01,market_place,SC,1,1,57.34
2018-04-01,market_place,SP,5,5,146.69
2018-04-01,music,CE,1,1,169.64
2018-04-01,music,GO,1,1,1244.12
2018-04-01,music,RJ,2,2,194.85
2018-04-01,music,SP,1,1,233.45
2018-04-01,musical_instruments,DF,2,2,286.70
2018-04-01,musical_instruments,ES,1,1,67.23
2018-04-01,musical_instruments,GO,2,2,506.01
2018-04-01,musical_instruments,MA,1,1,1093.52
2018-04-01,musical_instruments,MG,4,4,2303.16
2018-04-01,musical_instruments,PE,2,2,627.49
2018-04-01,musical_instruments,PR,4,4,4163.92
2018-04-01,musical_instruments,RJ,11,11,1309.86
2018-04-01,musical_instruments,RN,1,1,329.06
2018-04-01,musical_instruments,RS,2,2,542.64
2018-04-01,musical_instruments,SC,5,6,2023.90
2018-04-01,musical_instruments,SP,22,24,7922.88
2018-04-01,office_furniture,BA,2,5,1083.30
2018-04-01,office_furniture,DF,1,1,192.18
2018-04-01,office_furniture,ES,3,5,985.21
2018-04-01,office_furniture,GO,1,1,276.97
2018-04-01,office_furniture,MA,1,1,228.21
2018-04-01,office_furniture,MG,7,7,1626.51
2018-04-01,office_furniture,MS,1,1,207.20
2018-04-01,office_furniture,PA,1,2,273.60
2018-04-01,office_furniture,PE,2,2,723.37
2018-04-01,office_furniture,PR,5,14,3082.44
2018-04-01,office_furniture,RJ,12,26,4941.90
2018-04-01,office_furniture,RN,1,1,206.57
2018-04-01,office_furniture,RO,1,1,388.38
2018-04-01,office_furniture,RS,3,3,517.80
2018-04-01,office_furniture,SC,2,5,1253.93
2018-04-01,office_furniture,SP,42,54,9388.37
2018-04-01,office_furniture,TO,1,2,860.92
2018-04-01,party_supplies,MG,1,2,80.26
2018-04-01,perfumery,AL,1,1,141.02
2018-04-01,perfumery,BA,1,1,97.19
2018-04-01,perfumery,DF,8,9,1353.67
2018-04-01,perfumery,ES,2,2,264.53
2018-04-01,perfumery,GO,5,5,815.31
2018-04-01,perfumery,MA,1,1,197.29
2018-04-01,perfumery,MG,20,21,2475.12
2018-04-01,perfumery,MS,1,1,43.13
2018-04-01,perfumery,MT,1,1,172.19
2018-04-01,perfumery,PA,2,2,382.58
2018-04-01,perfumery,PE,1,1,141.02
2018-04-01,perfumery,PI,1,1,62.30
2018-04-01,perfumery,PR,5,5,461.44
2018-04-01,perfumery,RJ,21,27,2830.89
2018-04-01,perfumery,RN,1,1,169.02
2018-04-01,perfumery,RS,7,7,1632.52
2018-04-01,perfumery,SC,7,7,818.73
2018-04-01,perfumery,SP,72,79,7842.92
2018-04-01,perfumery,TO,2,2,190.45
2018-04-01,pet_shop,AM,1,1,238.95
2018-04-01,pet_shop,BA,7,7,995.64
2018-04-01,pet_shop,DF,3,3,461.70
2018-04-01,pet_shop,ES,3,3,434.29
2018-04-01,pet_shop,GO,2,2,1565.53
2018-04-01,pet_shop,MG,20,23,2843.65
2018-04-01,pet_shop,MS,4,5,527.91
2018-04-01,pet_shop,PE,3,3,359.34
2018-04-01,pet_shop,PR,6,7,716.49
2018-04-01,pet_shop,RJ,22,22,2740.64
2018-04-01,pet_shop,RN,1,1,162.63
2018-04-01,pet_shop,RO,1,1,213.83
2018-04-01,pet_shop,RS,4,4,326.09
2018-04-01,pet_shop,SC,2,2,442.59
2018-04-01,pet_shop,SP,71,82,9746.89
2018-04-01,signaling_and_security,MG,2,3,384.47
2018-04-01,signaling_and_security,MS,1,1,382.22
2018-04-01,signaling_and_security,PE,1,2,154.60
2018-04-01,signaling_and_security,RJ,4,5,1094.16
2018-04-01,signaling_and_security,RS,2,2,136.06
2018-04-01,signaling_and_security,SP,12,23,799.77
2018-04-01,small_appliances,BA,2,2,1725.77
2018-04-01,small_appliances,MA,1,1,94.52
2018-04-01,small_appliances,MG,5,6,330.05
2018-04-01,small_appliances,PB,1,1,673.25
2018-04-01,small_appliances,PR,5,7,457.51
2018-04-01,small_appliances,RJ,11,11,1652.17
2018-04-01,small_appliances,RS,3,3,2162.54
2018-04-01,small_appliances,SC,3,3,131.05
2018-04-01,small_appliances,SP,29,32,6051.49
2018-04-01,small_appliances_home_oven_and_coffee,MG,1,1,1544.62
2018-04-01,small_appliances_home_oven_and_coffee,MS,1,1,818.40
2018-04-01,small_appliances_home_oven_and_coffee,MT,1,1,836.70
2018-04-01,small_appliances_home_oven_and_coffee,PR,1,1,1533.62
2018-04-01,small_appliances_home_oven_and_coffee,RO,1,1,2114.63
2018-04-01,small_appliances_home_oven_and_coffee,SC,1,1,931.37
2018-04-01,small_appliances_home_oven_and_coffee,SP,6,6,4047.84
2018-04-01,small_appliances_home_oven_and_coffee,TO,1,1,2094.44
2018-04-01,sports_leisure,AC,1,1,147.59
2018-04-01,sports_leisure,AL,1,1,230.75
2018-04-01,sports_leisure,AP,1,2,466.20
2018-04-01,sports_leisure,BA,15,16,2526.26
2018-04-01,sports_leisure,CE,9,9,1291.25
2018-04-01,sports_leisure,DF,7,11,1619.41
2018-04-01,sports_leisure,ES,10,10,1134.80
2018-04-01,sports_leisure,GO,11,12,1204.41
2018-04-01,sports_leisure,MA,1,1,279.30
2018-04-01,sports_leisure,MG,57,63,8767.49
2018-04-01,sports_leisure,MS,1,1,46.96
2018-04-01,sports_leisure,MT,6,7,1288.19
2018-04-01,sports_leisure,PA,11,16,2932.52
2018-04-01,sports_leisure,PB,1,1,218.72
2018-04-01,sports_leisure,PE,7,7,760.12
2018-04-01,sports_leisure,PI,5,5,1244.75
2018-04-01,sports_leisure,PR,29,33,5774.71
2018-04-01,sports_leisure,RJ,63,72,9117.76
2018-04-01,sports_leisure,RS,28,30,4266.89
2018-04-01,sports_leisure,SC,21,25,3206.59
2018-04-01,sports_leisure,SP,234,262,30050.57
2018-04-01,sports_leisure,TO,1,1,285.68
2018-04-01,stationery,BA,7,7,1163.96
2018-04-01,stationery,CE,1,4,155.76
2018-04-01,stationery,DF,3,3,235.31
2018-04-01,stationery,ES,1,2,169.36
2018-04-01,stationery,GO,2,2,94.45
2018-04-01,stationery,MG,15,16,1527.92
2018-04-01,stationery,MS,1,2,77.66
2018-04-01,stationery,MT,2,2,131.52
2018-04-01,stationery,PA,3,3,316.82
2018-04-01,stationery,PB,1,1,151.10
2018-04-01,stationery,PE,2,2,520.31
2018-04-01,stationery,PR,11,13,1339.81
2018-04-01,stationery,RJ,11,12,1083.25
2018-04-01,stationery,RS,6,7,427.11
2018-04-01,stationery,SC,5,10,742.12
2018-04-01,stationery,SP,57,66,5683.58
2018-04-01,tablets_printing_image,PR,1,1,70.24
2018-04-01,telephony,AL,1,1,35.84
2018-04-01,telephony,BA,8,9,529.18
2018-04-01,telephony,CE,6,7,726.87
2018-04-01,telephony,DF,6,8,579.94
2018-04-01,telephony,ES,6,6,310.68
2018-04-01,telephony,GO,8,8,376.76
2018-04-01,telephony,MA,2,2,198.18
2018-04-01,telephony,MG,29,30,1902.65
2018-04-01,telephony,MS,1,1,66.13
2018-04-01,telephony,MT,4,4,223.20
2018-04-01,telephony,PA,2,3,201.00
2018-04-01,telephony,PB,2,2,160.38
2018-04-01,telephony,PE,6,6,485.17
2018-04-01,telephony,PR,15,19,1379.24
2018-04-01,telephony,RJ,20,22,1341.66
2018-04-01,telephony,RN,2,2,1176.96
2018-04-01,telephony,RS,11,12,580.95
2018-04-01,telephony,SC,8,8,402.37
2018-04-01,telephony,SP,107,128,9679.58
2018-04-01,telephony,TO,1,1,59.03
2018-04-01,toys,AC,1,1,102.57
2018-04-01,toys,AL,1,1,123.82
2018-04-01,toys,BA,5,5,584.36
2018-04-01,toys,CE,1,1,283.54
2018-04-01,toys,DF,2,2,175.72
2018-04-01,toys,ES,4,4,577.42
2018-04-01,toys,GO,2,2,148.73
2018-04-01,toys,MA,4,4,1346.29
2018-04-01,toys,MG,20,22,3405.44
2018-04-01,toys,MS,2,2,89.44
2018-04-01,toys,MT,1,1,170.77
2018-04-01,toys,PE,4,7,1318.09
2018-04-01,toys,PI,1,1,51.90
2018-04-01,toys,PR,7,7,638.63
2018-04-01,toys,RJ,21,21,3158.08
2018-04-01,toys,RN,2,2,334.65
2018-04-01,toys,RS,5,5,391.77
2018-04-01,toys,SC,6,6,639.75
2018-04-01,toys,SE,2,2,229.28
2018-04-01,toys,SP,100,104,13388.26
2018-04-01,toys,TO,2,2,152.07
2018-04-01,unknown,AL,1,1,200.74
2018-04-01,unknown,DF,3,3,337.91
2018-04-01,unknown,ES,1,1,52.53
2018-04-01,unknown,GO,1,1,198.13
2018-04-01,unknown,MG,7,7,914.87
2018-04-01,unknown,MT,1,1,122.99
2018-04-01,unknown,PA,1,1,142.54
2018-04-01,unknown,PR,6,6,804.62
2018-04-01,unknown,RJ,10,10,1148.08
2018-04-01,unknown,RS,5,5,487.40
2018-04-01,unknown,SC,5,5,1122.43
2018-04-01,unknown,SP,31,33,3792.79
2018-04-01,watches_gifts,AC,2,2,338.01
2018-04-01,watches_gifts,AL,3,4,963.29
2018-04-01,watches_gifts,BA,22,23,3544.43
2018-04-01,watches_gifts,CE,9,10,1319.67
2018-04-01,watches_gifts,DF,13,13,3864.64
2018-04-01,watches_gifts,ES,10,11,1296.94
2018-04-01,watches_gifts,GO,16,16,2817.76
2018-04-01,watches_gifts,MA,4,4,757.54
2018-04-01,watches_gifts,MG,48,49,9909.96
2018-04-01,watches_gifts,MS,4,5,809.61
2018-04-01,watches_gifts,MT,7,7,1042.08
2018-04-01,watches_gifts,PA,5,5,774.98
2018-04-01,watches_gifts,PB,1,1,192.58
2018-04-01,watches_gifts,PE,13,16,3156.37
2018-04-01,watches_gifts,PI,3,3,1139.14
2018-04-01,watches_gifts,PR,32,34,7651.40
2018-04-01,watches_gifts,RJ,67,74,12821.48
2018-04-01,watches_gifts,RN,3,3,1274.55
2018-04-01,watches_gifts,RO,2,2,439.56
2018-04-01,watches_gifts,RS,17,19,4030.90
2018-04-01,watches_gifts,SC,13,15,2480.89
2018-04-01,watches_gifts,SE,1,1,99.90
2018-04-01,watches_gifts,SP,164,174,34872.49
2018-04-01,watches_gifts,TO,3,3,490.97
2018-05-01,agro_industry_and_commerce,PR,1,1,453.53
2018-05-01,agro_industry_and_commerce,RJ,2,2,723.16
2018-05-01,agro_industry_and_commerce,RS,1,1,76.56
2018-05-01,agro_industry_and_commerce,SP,4,4,2179.97
2018-05-01,air_conditioning,DF,1,1,162.47
2018-05-01,air_conditioning,PR,1,1,220.82
2018-05-01,air_conditioning,RJ,4,4,445.04
2018-05-01,air_conditioning,RS,2,3,617.13
2018-05-01,air_conditioning,SP,5,5,785.89
2018-05-01,art,AM,1,1,90.68
2018-05-01,art,BA,4,4,394.38
2018-05-01,art,GO,1,1,123.27
2018-05-01,art,MG,4,4,311.54
2018-05-01,art,PR,1,1,112.33
2018-05-01,art,RJ,6,7,449.94
2018-05-01,art,RO,1,1,157.24
2018-05-01,art,SP,15,15,1382.50
2018-05-01,arts_and_craftmanship,SP,1,1,101.05
2018-05-01,audio,AL,1,1,162.29
2018-05-01,audio,BA,2,2,648.77
2018-05-01,audio,MG,1,1,30.13
2018-05-01,audio,PR,2,2,107.40
2018-05-01,audio,RJ,2,3,133.53
2018-05-01,audio,RS,1,1,33.13
2018-05-01,audio,SC,1,1,87.09
2018-05-01,audio,SP,10,10,1842.20
2018-05-01,auto,BA,13,14,1335.11
2018-05-01,auto,CE,1,1,102.38
2018-05-01,auto,DF,8,8,2681.50
2018-05-01,auto,ES,2,2,247.15
2018-05-01,auto,GO,5,5,828.75
2018-05-01,auto,MG,40,41,7637.76
2018-05-01,auto,MS,1,1,39.23
2018-05-01,auto,MT,2,2,250.21
2018-05-01,auto,PA,2,2,269.33
2018-05-01,auto,PE,4,4,687.25
2018-05-01,auto,PI,2,2,1015.05
2018-05-01,auto,PR,15,18,2992.89
2018-05-01,auto,RJ,36,39,5122.29
2018-05-01,auto,RS,10,10,1379.20
2018-05-01,auto,SC,13,13,3298.37
2018-05-01,auto,SP,140,145,19993.91
2018-05-01,auto,TO,1,1,199.44
2018-05-01,baby,AL,1,1,74.48
2018-05-01,baby,BA,4,5,537.32
2018-05-01,baby,CE,4,4,720.21
2018-05-01,baby,DF,5,5,559.54
2018-05-01,baby,ES,8,8,979.53
2018-05-01,baby,GO,4,4,1294.80
2018-05-01,baby,MG,25,30,4117.03
2018-05-01,baby,MS,2,2,309.62
2018-05-01,baby,MT,2,2,520.83
2018-05-01,baby,PA,3,3,519.75
2018-05-01,baby,PE,1,1,122.69
2018-05-01,baby,PR,12,12,3607.11
2018-05-01,baby,RJ,17,17,2501.15
2018-05-01,baby,RN,1,1,37.75
2018-05-01,baby,RS,16,16,2528.06
2018-05-01,baby,SC,8,9,967.85
2018-05-01,baby,SP,105,119,19154.74
2018-05-01,bed_bath_table,BA,15,20,2111.09
2018-05-01,bed_bath_table,CE,2,2,157.99
2018-05-01,bed_bath_table,DF,11,13,1165.76
2018-05-01,bed_bath_table,ES,8,9,1387.60
2018-05-01,bed_bath_table,GO,6,7,667.83
2018-05-01,bed_bath_table,MG,73,87,11241.71
2018-05-01,bed_bath_table,MS,3,3,172.45
2018-05-01,bed_bath_table,MT,5,7,725.02
2018-05-01,bed_bath_table,PB,3,3,461.01
2018-05-01,bed_bath_table,PE,6,6,742.69
2018-05-01,bed_bath_table,PI,2,3,508.45
2018-05-01,bed_bath_table,PR,22,25,3108.16
2018-05-01,bed_bath_table,RJ,65,78,8793.43
2018-05-01,bed_bath_table,RO,1,1,202.68
2018-05-01,bed_bath_table,RS,37,45,6085.97
2018-05-01,bed_bath_table,SC,13,19,1988.83
2018-05-01,bed_bath_table,SP,327,411,44889.00
2018-05-01,bed_bath_table,TO,1,1,233.07
2018-05-01,books_general_interest,AC,1,1,595.49
2018-05-01,books_general_interest,AM,1,1,114.67
2018-05-01,books_general_interest,BA,1,1,69.18
2018-05-01,books_general_interest,CE,2,2,678.62
2018-05-01,books_general_interest,DF,2,2,129.65
2018-05-01,books_general_interest,GO,2,2,230.37
2018-05-01,books_general_interest,MG,3,3,211.61
2018-05-01,books_general_interest,PA,1,1,60.39
2018-05-01,books_general_interest,PE,1,1,70.39
2018-05-01,books_general_interest,PR,3,3,283.08
2018-05-01,books_general_interest,RJ,4,4,666.73
2018-05-01,books_general_interest,RS,2,2,640.06
2018-05-01,books_general_interest,SC,2,2,84.26
2018-05-01,books_general_interest,SP,23,25,2959.36
2018-05-01,books_imported,MG,1,1,40.22
2018-05-01,books_imported,RJ,1,2,251.43
2018-05-01,books_imported,SP,7,7,234.06
2018-05-01,books_technical,ES,3,3,217.20
2018-05-01,books_technical,MA,1,1,114.85
2018-05-01,books_technical,MG,12,13,946.81
2018-05-01,books_technical,MS,1,1,47.13
2018-05-01,books_technical,MT,2,2,135.50
2018-05-01,books_technical,PR,2,2,120.89
2018-05-01,books_technical,RJ,5,5,278.17
2018-05-01,books_technical,RS,4,4,276.68
2018-05-01,books_technical,SC,1,1,74.21
2018-05-01,books_technical,SP,23,23,1678.15
2018-05-01,christmas_supplies,MG,1,1,259.03
2018-05-01,christmas_supplies,RJ,1,1,38.06
2018-05-01,christmas_supplies,RS,1,1,90.25
2018-05-01,christmas_supplies,SC,2,2,231.18
2018-05-01,christmas_supplies,SP,1,1,54.22
2018-05-01,cine_photo,MA,1,1,72.65
2018-05-01,cine_photo,PA,1,1,68.84
2018-05-01,cine_photo,PE,1,1,68.84
2018-05-01,cine_photo,PR,2,2,336.12
2018-05-01,cine_photo,RJ,1,1,65.03
2018-05-01,cine_photo,RS,1,1,138.63
2018-05-01,cine_photo,SC,1,1,922.69
2018-05-01,cine_photo,SP,8,9,708.48
2018-05-01,computers,GO,1,3,2036.04
2018-05-01,computers,SP,5,10,7125.31
2018-05-01,computers_accessories,AL,5,5,720.78
2018-05-01,computers_accessories,AM,1,1,56.31
2018-05-01,computers_accessories,AP,1,2,331.68
2018-05-01,computers_accessories,BA,16,18,1830.31
2018-05-01,computers_accessories,CE,3,3,464.65
2018-05-01,computers_accessories,DF,9,9,1104.44
2018-05-01,computers_accessories,ES,8,8,693.00
2018-05-01,computers_accessories,GO,9,10,1063.60
2018-05-01,computers_accessories,MA,3,8,3572.21
2018-05-01,computers_accessories,MG,45,56,7598.52
2018-05-01,computers_accessories,MS,1,1,138.74
2018-05-01,computers_accessories,MT,3,8,605.66
2018-05-01,computers_accessories,PA,7,7,881.25
2018-05-01,computers_accessories,PB,4,4,754.20
2018-05-01,computers_accessories,PE,12,13,1737.90
2018-05-01,computers_accessories,PI,1,1,159.96
2018-05-01,computers_accessories,PR,7,7,1120.53
2018-05-01,computers_accessories,RJ,40,44,4868.77
2018-05-01,computers_accessories,RN,1,1,158.92
2018-05-01,computers_accessories,RS,24,28,4218.51
2018-05-01,computers_accessories,SC,19,25,3276.57
2018-05-01,computers_accessories,SE,3,3,567.52
2018-05-01,computers_accessories,SP,177,191,23124.66
2018-05-01,consoles_games,AM,1,1,130.96
2018-05-01,consoles_games,BA,1,1,58.26
2018-05-01,consoles_games,CE,2,2,277.95
2018-05-01,consoles_games,DF,2,2,203.85
2018-05-01,consoles_games,ES,1,1,73.25
2018-05-01,consoles_games,MG,8,13,835.25
2018-05-01,consoles_games,PI,1,3,317.40
2018-05-01,consoles_games,PR,4,9,628.13
2018-05-01,consoles_games,RJ,1,1,29.73
2018-05-01,consoles_games,SC,1,1,95.34
2018-05-01,consoles_games,SP,16,18,3619.55
2018-05-01,construction_tools_construction,BA,8,13,2178.66
2018-05-01,construction_tools_construction,CE,1,1,58.94
2018-05-01,construction_tools_construction,DF,1,1,53.23
2018-05-01,construction_tools_construction,ES,2,3,1246.26
2018-05-01,construction_tools_construction,GO,2,3,491.44
2018-05-01,construction_tools_construction,MG,10,16,2032.97
2018-05-01,construction_tools_construction,PE,1,1,137.31
2018-05-01,construction_tools_construction,PR,3,3,713.55
2018-05-01,construction_tools_construction,RJ,11,16,3472.91
2018-05-01,construction_tools_construction,RS,5,6,1318.05
2018-05-01,construction_tools_construction,SC,3,3,377.89
2018-05-01,construction_tools_construction,SP,42,59,11499.13
2018-05-01,construction_tools_lights,ES,1,2,126.46
2018-05-01,construction_tools_lights,GO,2,2,178.81
2018-05-01,construction_tools_lights,MG,6,8,1407.07
2018-05-01,construction_tools_lights,MT,2,2,496.31
2018-05-01,construction_tools_lights,PE,1,1,207.87
2018-05-01,construction_tools_lights,PR,1,1,48.13
2018-05-01,construction_tools_lights,RS,3,3,599.01
2018-05-01,construction_tools_lights,SC,1,1,183.53
2018-05-01,construction_tools_lights,SP,13,18,1857.52
2018-05-01,construction_tools_safety,MG,3,4,339.25
2018-05-01,construction_tools_safety,MS,1,1,2133.69
2018-05-01,construction_tools_safety,MT,2,2,613.40
2018-05-01,construction_tools_safety,PR,1,1,360.16
2018-05-01,construction_tools_safety,RJ,4,4,1117.10
2018-05-01,construction_tools_safety,RO,1,1,402.34
2018-05-01,construction_tools_safety,SC,1,1,424.61
2018-05-01,construction_tools_safety,SP,8,8,1140.63
2018-05-01,cool_stuff,AL,2,2,689.02
2018-05-01,cool_stuff,BA,4,4,883.68
2018-05-01,cool_stuff,CE,1,1,128.67
2018-05-01,cool_stuff,DF,4,4,697.25
2018-05-01,cool_stuff,ES,3,3,602.78
2018-05-01,cool_stuff,GO,4,4,899.08
2018-05-01,cool_stuff,MA,1,1,149.16
2018-05-01,cool_stuff,MG,27,27,5014.77
2018-05-01,cool_stuff,MS,1,1,119.67
2018-05-01,cool_stuff,MT,2,2,430.22
2018-05-01,cool_stuff,PA,1,1,194.79
2018-05-01,cool_stuff,PE,7,10,1621.00
2018-05-01,cool_stuff,PR,7,7,1362.46
2018-05-01,cool_stuff,RJ,27,31,6031.93
2018-05-01,cool_stuff,RO,1,1,272.39
2018-05-01,cool_stuff,RS,13,13,2422.08
2018-05-01,cool_stuff,SC,8,8,1850.42
2018-05-01,cool_stuff,SP,55,55,10459.41
2018-05-01,costruction_tools_garden,ES,1,1,413.77
2018-05-01,costruction_tools_garden,MG,2,2,101.76
2018-05-01,costruction_tools_garden,PE,1,1,49.69
2018-05-01,costruction_tools_garden,RJ,4,6,452.23
2018-05-01,costruction_tools_garden,RO,1,1,111.81
2018-05-01,costruction_tools_garden,SP,4,5,274.59
2018-05-01,costruction_tools_tools,CE,1,1,113.70
2018-05-01,costruction_tools_tools,PR,1,1,112.62
2018-05-01,costruction_tools_tools,RJ,1,1,109.62
2018-05-01,costruction_tools_tools,SP,2,2,170.32
2018-05-01,diapers_and_hygiene,MG,1,1,58.23
2018-05-01,diapers_and_hygiene,SP,2,2,101.42
2018-05-01,drinks,DF,1,1,66.81
2018-05-01,drinks,MG,3,7,505.31
2018-05-01,drinks,PR,1,2,156.30
2018-05-01,drinks,RJ,3,4,297.38
2018-05-01,drinks,RS,3,4,408.22
2018-05-01,drinks,SC,3,3,365.40
2018-05-01,drinks,SP,19,26,1465.42
2018-05-01,dvds_blu_ray,DF,1,1,102.16
2018-05-01,dvds_blu_ray,MG,1,1,107.16
2018-05-01,dvds_blu_ray,RJ,2,3,212.60
2018-05-01,dvds_blu_ray,SP,2,2,138.24
2018-05-01,electronics,AL,1,1,36.05
2018-05-01,electronics,BA,11,12,595.36
2018-05-01,electronics,DF,3,3,340.27
2018-05-01,electronics,ES,4,5,252.64
2018-05-01,electronics,GO,4,4,122.25
2018-05-01,electronics,MA,1,1,64.50
2018-05-01,electronics,MG,20,27,2712.83
2018-05-01,electronics,MS,2,2,62.10
2018-05-01,electronics,MT,2,2,92.65
2018-05-01,electronics,PA,4,4,185.05
2018-05-01,electronics,PB,1,1,37.84
2018-05-01,electronics,PE,6,6,531.10
2018-05-01,electronics,PI,4,4,750.44
2018-05-01,electronics,PR,10,10,708.86
2018-05-01,electronics,RJ,27,27,1861.85
2018-05-01,electronics,RN,1,1,37.45
2018-05-01,electronics,RS,11,11,707.39
2018-05-01,electronics,SC,12,12,3210.40
2018-05-01,electronics,SP,94,97,7763.40
2018-05-01,electronics,TO,1,1,38.12
2018-05-01,fashion_bags_accessories,BA,4,4,344.33
2018-05-01,fashion_bags_accessories,CE,2,2,115.79
2018-05-01,fashion_bags_accessories,DF,2,2,368.84
2018-05-01,fashion_bags_accessories,ES,1,1,108.31
2018-05-01,fashion_bags_accessories,GO,1,1,142.54
2018-05-01,fashion_bags_accessories,MG,18,18,2453.49
2018-05-01,fashion_bags_accessories,MS,3,3,233.68
2018-05-01,fashion_bags_accessories,MT,1,1,52.05
2018-05-01,fashion_bags_accessories,PA,1,1,92.89
2018-05-01,fashion_bags_accessories,PE,2,2,147.11
2018-05-01,fashion_bags_accessories,PR,6,6,480.80
2018-05-01,fashion_bags_accessories,RJ,12,12,1322.64
2018-05-01,fashion_bags_accessories,RS,2,2,312.25
2018-05-01,fashion_bags_accessories,SE,1,1,102.96
2018-05-01,fashion_bags_accessories,SP,48,54,6880.23
2018-05-01,fashion_male_clothing,PR,1,1,149.87
2018-05-01,fashion_shoes,BA,1,1,227.83
2018-05-01,fashion_shoes,DF,1,1,181.59
2018-05-01,fashion_shoes,GO,1,1,123.18
2018-05-01,fashion_shoes,MG,1,1,123.18
2018-05-01,fashion_shoes,MT,1,1,123.53
2018-05-01,fashion_shoes,RJ,1,1,194.90
2018-05-01,fashion_shoes,SP,4,4,814.36
2018-05-01,fashion_underwear_beach,SC,2,3,112.39
2018-05-01,fashion_underwear_beach,SP,3,3,188.07
2018-05-01,fixed_telephony,CE,1,1,363.15
2018-05-01,fixed_telephony,RS,1,1,147.48
2018-05-01,fixed_telephony,SC,1,2,289.68
2018-05-01,fixed_telephony,SP,8,12,1313.58
2018-05-01,flowers,MG,1,1,35.72
2018-05-01,food,GO,1,1,89.93
2018-05-01,food,MG,8,9,396.24
2018-05-01,food,PR,2,2,111.37
2018-05-01,food,RJ,5,8,375.17
2018-05-01,food,SC,1,1,40.84
2018-05-01,food,SP,19,23,1065.93
2018-05-01,food_drink,MG,2,3,188.76
2018-05-01,food_drink,PR,2,2,118.25
2018-05-01,food_drink,RJ,3,9,468.98
2018-05-01,food_drink,SP,8,11,898.75
2018-05-01,furniture_bedroom,MG,1,1,748.34
2018-05-01,furniture_bedroom,RJ,2,3,604.28
2018-05-01,furniture_bedroom,SP,2,2,464.29
2018-05-01,furniture_decor,AL,1,1,49.85
2018-05-01,furniture_decor,BA,17,20,2363.85
2018-05-01,furniture_decor,CE,4,5,302.69
2018-05-01,furniture_decor,DF,12,18,2423.21
2018-05-01,furniture_decor,ES,9,15,1870.74
2018-05-01,furniture_decor,GO,9,10,1839.66
2018-05-01,furniture_decor,MA,2,3,284.68
2018-05-01,furniture_decor,MG,52,61,5999.11
2018-05-01,furniture_decor,MS,5,9,618.62
2018-05-01,furniture_decor,MT,6,7,1716.37
2018-05-01,furniture_decor,PA,7,10,2142.89
2018-05-01,furniture_decor,PB,1,2,204.16
2018-05-01,furniture_decor,PE,4,4,518.09
2018-05-01,furniture_decor,PI,1,3,287.55
2018-05-01,furniture_decor,PR,29,35,3792.33
2018-05-01,furniture_decor,RJ,53,73,7568.42
2018-05-01,furniture_decor,RN,2,2,186.66
2018-05-01,furniture_decor,RS,32,41,4772.83
2018-05-01,furniture_decor,SC,19,26,3091.37
2018-05-01,furniture_decor,SP,189,250,24818.37
2018-05-01,furniture_decor,TO,2,2,189.99
2018-05-01,furniture_living_room,BA,3,3,797.34
2018-05-01,furniture_living_room,RJ,3,6,1914.43
2018-05-01,furniture_living_room,RS,1,1,109.07
2018-05-01,furniture_living_room,SC,2,2,230.89
2018-05-01,furniture_living_room,SP,4,4,338.37
2018-05-01,garden_tools,BA,10,11,3624.90
2018-05-01,garden_tools,CE,2,2,937.93
2018-05-01,garden_tools,DF,2,2,2685.97
2018-05-01,garden_tools,ES,6,11,864.11
2018-05-01,garden_tools,GO,8,12,1114.31
2018-05-01,garden_tools,MA,1,2,159.10
2018-05-01,garden_tools,MG,35,44,4870.17
2018-05-01,garden_tools,MS,1,1,110.54
2018-05-01,garden_tools,MT,3,4,1436.55
2018-05-01,garden_tools,PA,1,3,221.12
2018-05-01,garden_tools,PE,1,1,115.72
2018-05-01,garden_tools,PR,12,14,2656.15
2018-05-01,garden_tools,RJ,29,33,9234.94
2018-05-01,garden_tools,RN,2,3,278.34
2018-05-01,garden_tools,RO,1,2,172.70
2018-05-01,garden_tools,RS,12,17,1636.83
2018-05-01,garden_tools,SC,5,7,438.46
2018-05-01,garden_tools,SP,96,119,12345.64
2018-05-01,health_beauty,AL,1,1,398.46
2018-05-01,health_beauty,AM,3,3,1451.55
2018-05-01,health_beauty,BA,30,33,6032.32
2018-05-01,health_beauty,CE,5,5,1546.13
2018-05-01,health_beauty,DF,15,15,4218.92
2018-05-01,health_beauty,ES,13,14,2575.01
2018-05-01,health_beauty,GO,17,19,2271.67
2018-05-01,health_beauty,MA,7,7,1253.91
2018-05-01,health_beauty,MG,58,68,9997.98
2018-05-01,health_beauty,MS,4,4,533.79
2018-05-01,health_beauty,MT,6,6,1205.94
2018-05-01,health_beauty,PA,2,2,1185.93
2018-05-01,health_beauty,PB,3,3,379.56
2018-05-01,health_beauty,PE,8,8,1091.54
2018-05-01,health_beauty,PI,1,3,1205.79
2018-05-01,health_beauty,PR,27,32,4515.48
2018-05-01,health_beauty,RJ,82,88,13234.76
2018-05-01,health_beauty,RN,4,5,1274.41
2018-05-01,health_beauty,RO,1,1,105.41
2018-05-01,health_beauty,RS,19,26,2988.64
2018-05-01,health_beauty,SC,19,22,2859.99
2018-05-01,health_beauty,SE,1,1,90.25
2018-05-01,health_beauty,SP,342,384,47596.41
2018-05-01,health_beauty,TO,1,1,247.51
2018-05-01,home_appliances,AL,1,1,122.31
2018-05-01,home_appliances,BA,3,3,350.77
2018-05-01,home_appliances,CE,1,1,161.86
2018-05-01,home_appliances,ES,1,1,40.45
2018-05-01,home_appliances,MG,12,12,743.42
2018-05-01,home_appliances,PR,5,6,491.67
2018-05-01,home_appliances,RJ,7,7,1728.84
2018-05-01,home_appliances,RN,1,1,188.27
2018-05-01,home_appliances,RS,3,3,319.02
2018-05-01,home_appliances,SP,29,29,3233.80
2018-05-01,home_appliances_2,BA,1,1,1244.74
2018-05-01,home_appliances_2,CE,1,1,207.46
2018-05-01,home_appliances_2,DF,1,1,163.38
2018-05-01,home_appliances_2,GO,1,1,818.40
2018-05-01,home_appliances_2,RJ,6,6,5808.39
2018-05-01,home_appliances_2,RS,1,1,117.85
2018-05-01,home_appliances_2,SC,3,3,1981.22
2018-05-01,home_appliances_2,SP,9,9,5256.39
2018-05-01,home_confort,GO,1,1,100.58
2018-05-01,home_confort,MG,3,3,444.23
2018-05-01,home_confort,RJ,3,3,508.02
2018-05-01,home_confort,RS,1,1,372.06
2018-05-01,home_confort,SP,10,13,1680.43
2018-05-01,home_construction,BA,2,2,174.82
2018-05-01,home_construction,ES,1,1,95.40
2018-05-01,home_construction,GO,1,1,170.74
2018-05-01,home_construction,MG,6,6,811.03
2018-05-01,home_construction,MS,2,2,326.61
2018-05-01,home_construction,MT,1,2,142.64
2018-05-01,home_construction,PI,1,1,355.93
2018-05-01,home_construction,PR,5,6,537.47
2018-05-01,home_construction,RJ,7,11,1042.53
2018-05-01,home_construction,RS,5,5,780.59
2018-05-01,home_construction,SP,32,42,7018.27
2018-05-01,housewares,AL,1,1,66.75
2018-05-01,housewares,AP,2,2,405.59
2018-05-01,housewares,BA,17,20,2571.40
2018-05-01,housewares,CE,5,5,844.57
2018-05-01,housewares,DF,8,12,1779.68
2018-05-01,housewares,ES,7,7,853.79
2018-05-01,housewares,GO,9,11,2620.49
2018-05-01,housewares,MA,1,1,99.75
2018-05-01,housewares,MG,45,66,7998.65
2018-05-01,housewares,MS,1,1,143.38
2018-05-01,housewares,MT,2,2,202.03
2018-05-01,housewares,PA,2,2,151.83
2018-05-01,housewares,PB,1,1,99.75
2018-05-01,housewares,PE,5,7,1103.18
2018-05-01,housewares,PI,2,2,392.18
2018-05-01,housewares,PR,17,19,2603.63
2018-05-01,housewares,RJ,67,83,10637.33
2018-05-01,housewares,RN,2,2,300.48
2018-05-01,housewares,RO,1,1,212.85
2018-05-01,housewares,RS,32,46,5613.35
2018-05-01,housewares,SC,23,28,3223.64
2018-05-01,housewares,SE,1,2,216.18
2018-05-01,housewares,SP,241,297,34096.16
2018-05-01,industry_commerce_and_business,DF,1,1,137.27
2018-05-01,industry_commerce_and_business,ES,1,1,60.93
2018-05-01,industry_commerce_and_business,MA,1,1,157.79
2018-05-01,industry_commerce_and_business,MG,2,2,254.94
2018-05-01,industry_commerce_and_business,MT,1,1,139.42
2018-05-01,industry_commerce_and_business,PE,1,1,117.74
2018-05-01,industry_commerce_and_business,RJ,2,3,361.64
2018-05-01,industry_commerce_and_business,RS,4,7,968.16
2018-05-01,industry_commerce_and_business,SC,1,1,202.55
2018-05-01,industry_commerce_and_business,SP,20,22,2455.50
2018-05-01,kitchen_dining_laundry_garden_furniture,GO,1,2,340.10
2018-05-01,kitchen_dining_laundry_garden_furniture,MG,1,1,201.24
2018-05-01,kitchen_dining_laundry_garden_furniture,RJ,1,1,209.20
2018-05-01,kitchen_dining_laundry_garden_furniture,SP,7,9,2110.74
2018-05-01,luggage_accessories,BA,3,3,427.40
2018-05-01,luggage_accessories,DF,3,3,729.76
2018-05-01,luggage_accessories,MG,7,8,1041.23
2018-05-01,luggage_accessories,MT,1,1,243.36
2018-05-01,luggage_accessories,PR,2,2,256.75
2018-05-01,luggage_accessories,RJ,3,4,757.43
2018-05-01,luggage_accessories,RS,3,3,740.93
2018-05-01,luggage_accessories,SC,2,2,272.40
2018-05-01,luggage_accessories,SP,20,23,3776.23
2018-05-01,market_place,MG,3,3,303.43
2018-05-01,market_place,MT,1,1,110.26
2018-05-01,market_place,PR,1,1,67.22
2018-05-01,market_place,RJ,1,1,74.33
2018-05-01,market_place,RS,2,2,120.44
2018-05-01,market_place,SP,5,6,511.11
2018-05-01,music,AM,1,1,38.95
2018-05-01,music,MG,2,2,312.27
2018-05-01,music,RJ,2,2,476.18
2018-05-01,musical_instruments,CE,1,1,1891.63
2018-05-01,musical_instruments,DF,2,2,380.93
2018-05-01,musical_instruments,ES,2,2,137.10
2018-05-01,musical_instruments,GO,1,1,47.32
2018-05-01,musical_instruments,MA,1,1,79.52
2018-05-01,musical_instruments,MG,4,4,2431.82
2018-05-01,musical_instruments,MS,2,2,2707.73
2018-05-01,musical_instruments,MT,1,1,2124.78
2018-05-01,musical_instruments,PI,2,2,834.51
2018-05-01,musical_instruments,PR,5,5,1130.91
2018-05-01,musical_instruments,RJ,8,9,1792.40
2018-05-01,musical_instruments,RS,4,4,1414.65
2018-05-01,musical_instruments,SC,3,4,327.87
2018-05-01,musical_instruments,SP,23,23,5235.87
2018-05-01,office_furniture,AL,1,1,218.52
2018-05-01,office_furniture,BA,4,9,1965.08
2018-05-01,office_furniture,CE,2,2,689.79
2018-05-01,office_furniture,DF,1,1,153.27
2018-05-01,office_furniture,ES,1,1,124.31
2018-05-01,office_furniture,GO,3,3,595.96
2018-05-01,office_furniture,MA,1,1,387.70
2018-05-01,office_furniture,MG,5,6,1202.33
2018-05-01,office_furniture,MT,2,2,252.12
2018-05-01,office_furniture,PI,3,3,486.16
2018-05-01,office_furniture,PR,2,7,1273.88
2018-05-01,office_furniture,RJ,7,8,1762.28
2018-05-01,office_furniture,RS,2,6,1232.56
2018-05-01,office_furniture,SC,6,6,2265.27
2018-05-01,office_furniture,SP,41,47,12302.44
2018-05-01,office_furniture,TO,1,1,218.64
2018-05-01,party_supplies,ES,1,1,58.23
2018-05-01,party_supplies,GO,1,2,87.92
2018-05-01,party_supplies,SP,1,1,24.29
2018-05-01,perfumery,BA,3,3,293.68
2018-05-01,perfumery,CE,2,2,350.74
2018-05-01,perfumery,DF,2,2,379.31
2018-05-01,perfumery,ES,4,4,715.77
2018-05-01,perfumery,GO,5,6,642.17
2018-05-01,perfumery,MG,17,17,2534.66
2018-05-01,perfumery,PB,2,2,205.62
2018-05-01,perfumery,PE,3,4,433.36
2018-05-01,perfumery,PR,3,3,419.00
2018-05-01,perfumery,RJ,23,26,4545.69
2018-05-01,perfumery,RO,2,2,448.17
2018-05-01,perfumery,RS,6,7,1916.84
2018-05-01,perfumery,SC,8,8,1330.20
2018-05-01,perfumery,SP,99,111,13401.53
2018-05-01,pet_shop,BA,4,4,590.44
2018-05-01,pet_shop,CE,1,1,58.31
2018-05-01,pet_shop,DF,2,2,194.57
2018-05-01,pet_shop,ES,1,1,213.03
2018-05-01,pet_shop,GO,1,2,178.72
2018-05-01,pet_shop,MG,15,15,1710.17
2018-05-01,pet_shop,MS,3,4,465.45
2018-05-01,pet_shop,MT,2,3,196.94
2018-05-01,pet_shop,PI,1,1,160.49
2018-05-01,pet_shop,PR,2,2,534.36
2018-05-01,pet_shop,RJ,13,13,1198.85
2018-05-01,pet_shop,RS,6,7,671.49
2018-05-01,pet_shop,SC,4,4,363.57
2018-05-01,pet_shop,SP,72,77,7547.68
2018-05-01,portable_kitchen_food_preparers,PA,1,1,1028.30
2018-05-01,portable_kitchen_food_preparers,RS,1,1,1018.11
2018-05-01,signaling_and_security,BA,1,1,47.06
2018-05-01,signaling_and_security,GO,1,1,97.22
2018-05-01,signaling_and_security,RS,1,1,95.40
2018-05-01,signaling_and_security,SC,1,2,335.32
2018-05-01,signaling_and_security,SP,2,2,287.99
2018-05-01,small_appliances,BA,1,1,187.75
2018-05-01,small_appliances,DF,1,1,75.29
2018-05-01,small_appliances,MA,1,1,226.27
2018-05-01,small_appliances,MG,6,7,2163.03
2018-05-01,small_appliances,PB,1,1,928.70
2018-05-01,small_appliances,PR,1,1,1231.52
2018-05-01,small_appliances,RJ,5,5,2024.86
2018-05-01,small_appliances,RN,1,1,93.61
2018-05-01,small_appliances,RS,3,3,340.11
2018-05-01,small_appliances,SC,2,3,201.31
2018-05-01,small_appliances,SP,17,24,4034.88
2018-05-01,small_appliances_home_oven_and_coffee,BA,1,1,799.87
2018-05-01,small_appliances_home_oven_and_coffee,MG,1,1,644.34
2018-05-01,small_appliances_home_oven_and_coffee,PR,2,2,3674.84
2018-05-01,small_appliances_home_oven_and_coffee,RJ,1,1,887.45
2018-05-01,small_appliances_home_oven_and_coffee,SC,1,1,885.99
2018-05-01,small_appliances_home_oven_and_coffee,SP,3,3,3582.05
2018-05-01,sports_leisure,AP,1,1,124.82
2018-05-01,sports_leisure,BA,9,9,1266.14
2018-05-01,sports_leisure,CE,4,4,505.75
2018-05-01,sports_leisure,DF,16,18,2609.76
2018-05-01,sports_leisure,ES,10,12,1695.69
2018-05-01,sports_leisure,GO,8,8,3244.83
2018-05-01,sports_leisure,MA,2,2,709.50
2018-05-01,sports_leisure,MG,53,56,6964.08
2018-05-01,sports_leisure,MS,3,3,1384.05
2018-05-01,sports_leisure,MT,3,3,775.59
2018-05-01,sports_leisure,PA,2,2,381.61
2018-05-01,sports_leisure,PE,6,6,1112.78
2018-05-01,sports_leisure,PI,2,2,251.79
2018-05-01,sports_leisure,PR,26,27,3376.07
2018-05-01,sports_leisure,RJ,45,50,6241.85
2018-05-01,sports_leisure,RR,1,1,171.69
2018-05-01,sports_leisure,RS,27,28,4705.94
2018-05-01,sports_leisure,SC,13,16,1979.44
2018-05-01,sports_leisure,SE,1,1,242.84
2018-05-01,sports_leisure,SP,214,237,30195.71
2018-05-01,sports_leisure,TO,3,3,391.43
2018-05-01,stationery,BA,3,3,302.35
2018-05-01,stationery,CE,2,2,256.78
2018-05-01,stationery,DF,3,3,383.29
2018-05-01,stationery,MA,1,1,47.28
2018-05-01,stationery,MG,9,9,1054.86
2018-05-01,stationery,MS,4,4,413.17
2018-05-01,stationery,PA,1,1,204.20
2018-05-01,stationery,PB,1,1,173.38
2018-05-01,stationery,PE,1,1,64.04
2018-05-01,stationery,PR,3,3,296.18
2018-05-01,stationery,RJ,17,18,2401.54
2018-05-01,stationery,RN,1,2,1784.20
2018-05-01,stationery,RO,1,1,87.38
2018-05-01,stationery,RS,9,11,817.93
2018-05-01,stationery,SC,5,5,624.15
2018-05-01,stationery,SP,63,65,6461.58
2018-05-01,tablets_printing_image,SP,1,1,58.19
2018-05-01,telephony,AC,1,1,905.93
2018-05-01,telephony,AM,1,1,298.67
2018-05-01,telephony,BA,14,14,757.06
2018-05-01,telephony,CE,5,5,281.22
2018-05-01,telephony,DF,1,1,45.22
2018-05-01,telephony,ES,6,6,297.84
2018-05-01,telephony,GO,4,4,263.23
2018-05-01,telephony,MA,2,2,126.68
2018-05-01,telephony,MG,22,22,2613.52
2018-05-01,telephony,MS,2,3,227.04
2018-05-01,telephony,MT,4,4,202.20
2018-05-01,telephony,PA,2,2,1348.04
2018-05-01,telephony,PB,3,3,186.52
2018-05-01,telephony,PE,8,8,862.00
2018-05-01,telephony,PI,2,3,160.52
2018-05-01,telephony,PR,13,19,801.86
2018-05-01,telephony,RJ,31,32,3074.20
2018-05-01,telephony,RN,2,2,141.68
2018-05-01,telephony,RO,4,5,593.02
2018-05-01,telephony,RS,12,13,871.14
2018-05-01,telephony,SC,6,6,1109.35
2018-05-01,telephony,SP,92,94,7934.02
2018-05-01,toys,AP,1,1,227.94
2018-05-01,toys,BA,9,9,1861.31
2018-05-01,toys,CE,4,4,1541.35
2018-05-01,toys,DF,5,7,486.05
2018-05-01,toys,ES,6,6,845.78
2018-05-01,toys,GO,8,9,1300.21
2018-05-01,toys,MA,1,1,363.29
2018-05-01,toys,MG,22,23,3476.17
2018-05-01,toys,MS,1,1,473.36
2018-05-01,toys,MT,4,5,1149.41
2018-05-01,toys,PB,1,1,529.95
2018-05-01,toys,PE,1,1,49.23
2018-05-01,toys,PI,1,1,227.94
2018-05-01,toys,PR,16,16,2368.02
2018-05-01,toys,RJ,24,24,3429.80
2018-05-01,toys,RN,1,1,174.96
2018-05-01,toys,RO,1,2,281.52
2018-05-01,toys,RS,8,8,1387.90
2018-05-01,toys,SC,3,3,775.66
2018-05-01,toys,SP,92,93,14828.37
2018-05-01,toys,TO,2,2,376.81
2018-05-01,unknown,BA,1,1,313.23
2018-05-01,unknown,DF,1,1,233.01
2018-05-01,unknown,GO,1,2,168.12
2018-05-01,unknown,MG,4,4,468.86
2018-05-01,unknown,PA,1,1,76.44
2018-05-01,unknown,PE,2,3,253.62
2018-05-01,unknown,PR,2,2,338.77
2018-05-01,unknown,RJ,6,8,454.79
2018-05-01,unknown,RS,5,6,424.95
2018-05-01,unknown,SC,2,2,271.54
2018-05-01,unknown,SP,12,12,978.74
2018-05-01,watches_gifts,AL,4,4,1854.59
2018-05-01,watches_gifts,AP,1,1,99.90
2018-05-01,watches_gifts,BA,22,25,5127.99
2018-05-01,watches_gifts,CE,13,13,1737.08
2018-05-01,watches_gifts,DF,14,15,3940.11
2018-05-01,watches_gifts,ES,23,25,5241.55
2018-05-01,watches_gifts,GO,14,14,3344.23
2018-05-01,watches_gifts,MA,4,5,720.71
2018-05-01,watches_gifts,MG,64,66,11812.35
2018-05-01,watches_gifts,MS,1,1,399.68
2018-05-01,watches_gifts,MT,6,6,846.90
2018-05-01,watches_gifts,PA,1,1,147.90
2018-05-01,watches_gifts,PB,8,8,1948.90
2018-05-01,watches_gifts,PE,19,19,4661.09
2018-05-01,watches_gifts,PI,5,6,1308.78
2018-05-01,watches_gifts,PR,28,28,6214.62
2018-05-01,watches_gifts,RJ,93,106,21111.05
2018-05-01,watches_gifts,RN,3,3,342.13
2018-05-01,watches_gifts,RO,1,1,110.00
2018-05-01,watches_gifts,RS,16,16,4298.02
2018-05-01,watches_gifts,SC,9,9,1127.03
2018-05-01,watches_gifts,SE,1,1,100.84
2018-05-01,watches_gifts,SP,231,248,50062.63
2018-05-01,watches_gifts,TO,4,4,1419.32
2018-06-01,agro_industry_and_commerce,CE,1,1,168.05
2018-06-01,agro_industry_and_commerce,GO,1,1,585.32
2018-06-01,agro_industry_and_commerce,MT,1,1,191.13
2018-06-01,agro_industry_and_commerce,PR,1,1,53.35
2018-06-01,agro_industry_and_commerce,RS,1,1,517.70
2018-06-01,agro_industry_and_commerce,SP,5,5,2327.50
2018-06-01,air_conditioning,BA,1,1,53.15
2018-06-01,air_conditioning,PR,1,1,1638.72
2018-06-01,air_conditioning,RJ,2,2,121.58
2018-06-01,air_conditioning,SP,5,11,2279.49
2018-06-01,art,AP,1,1,157.46
2018-06-01,art,DF,1,1,87.16
2018-06-01,art,MG,2,2,196.89
2018-06-01,art,PR,2,2,176.92
2018-06-01,art,RJ,4,4,521.39
2018-06-01,art,RS,2,2,236.60
2018-06-01,art,SP,16,16,1642.76
2018-06-01,audio,BA,1,1,31.96
2018-06-01,audio,CE,2,2,249.15
2018-06-01,audio,DF,2,2,638.11
2018-06-01,audio,ES,1,1,30.13
2018-06-01,audio,MA,1,1,97.66
2018-06-01,audio,MG,1,1,30.13
2018-06-01,audio,MT,1,1,36.96
2018-06-01,audio,RJ,3,4,168.57
2018-06-01,audio,RS,1,1,608.20
2018-06-01,audio,SC,1,1,73.38
2018-06-01,audio,SP,5,5,264.14
2018-06-01,auto,AL,1,1,64.63
2018-06-01,auto,AP,1,1,90.46
2018-06-01,auto,BA,10,11,3370.32
2018-06-01,auto,CE,3,3,2162.69
2018-06-01,auto,DF,5,6,2185.47
2018-06-01,auto,ES,8,8,2795.45
2018-06-01,auto,GO,8,8,1394.95
2018-06-01,auto,MA,5,5,595.38
2018-06-01,auto,MG,23,23,3724.97
2018-06-01,auto,MS,3,3,2150.97
2018-06-01,auto,MT,5,6,448.66
2018-06-01,auto,PA,2,2,351.62
2018-06-01,auto,PB,1,1,119.70
2018-06-01,auto,PE,2,2,291.35
2018-06-01,auto,PI,1,1,214.05
2018-06-01,auto,PR,17,21,1740.70
2018-06-01,auto,RJ,32,33,6470.53
2018-06-01,auto,RN,1,1,145.35
2018-06-01,auto,RS,16,17,4188.87
2018-06-01,auto,SC,11,14,2473.23
2018-06-01,auto,SE,2,2,318.44
2018-06-01,auto,SP,110,125,16300.07
2018-06-01,auto,TO,1,1,277.30
2018-06-01,baby,AL,2,2,297.97
2018-06-01,baby,BA,6,7,1014.22
2018-06-01,baby,CE,1,1,174.11
2018-06-01,baby,DF,7,7,901.77
2018-06-01,baby,ES,4,4,476.05
2018-06-01,baby,GO,4,4,952.37
2018-06-01,baby,MA,2,2,834.69
2018-06-01,baby,MG,23,26,4765.61
2018-06-01,baby,MT,3,3,1045.82
2018-06-01,baby,PA,2,3,615.96
2018-06-01,baby,PE,5,5,719.47
2018-06-01,baby,PR,12,14,1573.36
2018-06-01,baby,RJ,25,26,4277.22
2018-06-01,baby,RO,1,1,80.84
2018-06-01,baby,RS,16,16,2559.94
2018-06-01,baby,SC,8,8,907.37
2018-06-01,baby,SP,83,93,15515.74
2018-06-01,baby,TO,1,1,87.51
2018-06-01,bed_bath_table,AL,2,2,274.46
2018-06-01,bed_bath_table,BA,12,18,2368.93
2018-06-01,bed_bath_table,CE,4,5,939.21
2018-06-01,bed_bath_table,DF,8,8,644.12
2018-06-01,bed_bath_table,ES,11,11,1275.77
2018-06-01,bed_bath_table,GO,7,7,584.81
2018-06-01,bed_bath_table,MA,2,2,287.93
2018-06-01,bed_bath_table,MG,78,92,11059.23
2018-06-01,bed_bath_table,MS,3,3,276.67
2018-06-01,bed_bath_table,MT,1,1,58.39
2018-06-01,bed_bath_table,PA,1,1,207.68
2018-06-01,bed_bath_table,PE,5,6,922.06
2018-06-01,bed_bath_table,PI,2,2,215.40
2018-06-01,bed_bath_table,PR,24,25,2777.33
2018-06-01,bed_bath_table,RJ,79,96,9441.74
2018-06-01,bed_bath_table,RN,2,2,279.72
2018-06-01,bed_bath_table,RS,39,43,7329.39
2018-06-01,bed_bath_table,SC,18,22,3173.08
2018-06-01,bed_bath_table,SE,1,1,62.98
2018-06-01,bed_bath_table,SP,350,417,44895.65
2018-06-01,books_general_interest,BA,1,1,38.23
2018-06-01,books_general_interest,DF,3,3,244.32
2018-06-01,books_general_interest,ES,1,1,45.25
2018-06-01,books_general_interest,MG,7,7,552.47
2018-06-01,books_general_interest,PR,1,1,55.22
2018-06-01,books_general_interest,RJ,2,3,116.90
2018-06-01,books_general_interest,RS,1,1,79.44
2018-06-01,books_general_interest,SC,1,1,68.35
2018-06-01,books_general_interest,SP,15,20,2678.92
2018-06-01,books_imported,MG,1,1,76.28
2018-06-01,books_imported,RJ,2,2,156.00
2018-06-01,books_imported,RS,1,1,79.50
2018-06-01,books_imported,SC,1,1,40.18
2018-06-01,books_imported,SE,1,1,84.66
2018-06-01,books_imported,SP,3,3,169.54
2018-06-01,books_technical,BA,1,1,133.62
2018-06-01,books_technical,ES,1,1,36.22
2018-06-01,books_technical,MG,4,4,503.41
2018-06-01,books_technical,MT,1,1,135.59
2018-06-01,books_technical,PA,1,1,136.19
2018-06-01,books_technical,PR,2,2,158.63
2018-06-01,books_technical,RJ,1,1,100.33
2018-06-01,books_technical,RS,1,1,35.68
2018-06-01,books_technical,SC,2,2,80.65
2018-06-01,books_technical,SP,12,12,864.27
2018-06-01,christmas_supplies,DF,1,1,131.37
2018-06-01,christmas_supplies,MG,1,1,101.26
2018-06-01,christmas_supplies,PE,1,1,54.16
2018-06-01,christmas_supplies,RJ,1,2,100.02
2018-06-01,christmas_supplies,SP,2,2,89.90
2018-06-01,cine_photo,MG,2,2,170.36
2018-06-01,cine_photo,RS,2,5,125.95
2018-06-01,cine_photo,SP,5,6,313.05
2018-06-01,computers,BA,4,7,5648.66
2018-06-01,computers,CE,1,1,892.44
2018-06-01,computers,PB,1,1,4681.78
2018-06-01,computers,SP,2,4,2644.99
2018-06-01,computers_accessories,AL,1,1,321.29
2018-06-01,computers_accessories,BA,12,12,1166.36
2018-06-01,computers_accessories,CE,5,5,481.27
2018-06-01,computers_accessories,DF,6,7,746.21
2018-06-01,computers_accessories,ES,3,3,440.69
2018-06-01,computers_accessories,GO,3,3,135.39
2018-06-01,computers_accessories,MA,4,4,799.58
2018-06-01,computers_accessories,MG,44,49,6756.55
2018-06-01,computers_accessories,MS,4,5,1471.58
2018-06-01,computers_accessories,MT,1,1,162.68
2018-06-01,computers_accessories,PA,4,4,281.41
2018-06-01,computers_accessories,PB,6,6,540.95
2018-06-01,computers_accessories,PE,6,6,899.26
2018-06-01,computers_accessories,PI,4,4,1125.74
2018-06-01,computers_accessories,PR,16,19,2050.14
2018-06-01,computers_accessories,RJ,40,49,6971.30
2018-06-01,computers_accessories,RN,1,1,170.14
2018-06-01,computers_accessories,RO,2,2,197.96
2018-06-01,computers_accessories,RS,24,27,3361.98
2018-06-01,computers_accessories,SC,15,19,1711.95
2018-06-01,computers_accessories,SE,3,3,340.66
2018-06-01,computers_accessories,SP,148,171,20400.03
2018-06-01,consoles_games,BA,4,5,308.60
2018-06-01,consoles_games,DF,4,4,574.95
2018-06-01,consoles_games,ES,2,2,479.17
2018-06-01,consoles_games,GO,2,2,298.91
2018-06-01,consoles_games,MG,3,3,223.09
2018-06-01,consoles_games,MT,1,1,61.10
2018-06-01,consoles_games,PR,2,2,406.44
2018-06-01,consoles_games,RJ,3,3,217.61
2018-06-01,consoles_games,SC,2,2,237.38
2018-06-01,consoles_games,SP,18,19,4834.78
2018-06-01,construction_tools_construction,BA,2,2,273.70
2018-06-01,construction_tools_construction,CE,1,1,548.15
2018-06-01,construction_tools_construction,DF,4,5,690.44
2018-06-01,construction_tools_construction,ES,2,2,667.96
2018-06-01,construction_tools_construction,GO,2,2,111.99
2018-06-01,construction_tools_construction,MG,14,15,3946.42
2018-06-01,construction_tools_construction,PA,2,2,556.02
2018-06-01,construction_tools_construction,PB,1,1,280.84
2018-06-01,construction_tools_construction,PR,8,8,1765.58
2018-06-01,construction_tools_construction,RJ,13,13,2455.84
2018-06-01,construction_tools_construction,RN,1,1,106.11
2018-06-01,construction_tools_construction,RS,6,7,894.40
2018-06-01,construction_tools_construction,SC,2,3,2327.61
2018-06-01,construction_tools_construction,SP,50,51,10747.39
2018-06-01,construction_tools_lights,BA,2,2,260.19
2018-06-01,construction_tools_lights,ES,1,1,136.89
2018-06-01,construction_tools_lights,GO,1,1,284.36
2018-06-01,construction_tools_lights,MG,8,8,1431.68
2018-06-01,construction_tools_lights,MS,1,5,322.10
2018-06-01,construction_tools_lights,PE,1,1,213.46
2018-06-01,construction_tools_lights,PR,2,2,506.68
2018-06-01,construction_tools_lights,RJ,1,1,213.98
2018-06-01,construction_tools_lights,SC,1,1,193.76
2018-06-01,construction_tools_lights,SE,1,1,310.11
2018-06-01,construction_tools_lights,SP,15,20,1600.15
2018-06-01,construction_tools_lights,TO,1,1,65.23
2018-06-01,construction_tools_safety,DF,1,1,51.95
2018-06-01,construction_tools_safety,MG,1,1,163.57
2018-06-01,construction_tools_safety,PE,1,1,272.99
2018-06-01,construction_tools_safety,PR,2,2,466.77
2018-06-01,construction_tools_safety,RJ,3,3,580.87
2018-06-01,construction_tools_safety,RN,1,1,190.59
2018-06-01,construction_tools_safety,RS,1,1,50.13
2018-06-01,construction_tools_safety,SC,2,2,555.97
2018-06-01,construction_tools_safety,SP,4,4,640.04
2018-06-01,cool_stuff,AL,2,2,363.08
2018-06-01,cool_stuff,BA,7,7,1567.17
2018-06-01,cool_stuff,CE,1,1,2223.12
2018-06-01,cool_stuff,DF,4,4,973.28
2018-06-01,cool_stuff,ES,1,1,333.45
2018-06-01,cool_stuff,MA,1,1,245.45
2018-06-01,cool_stuff,MG,9,9,1725.31
2018-06-01,cool_stuff,MS,1,1,131.69
2018-06-01,cool_stuff,MT,2,2,491.54
2018-06-01,cool_stuff,PA,1,1,325.37
2018-06-01,cool_stuff,PE,2,2,515.12
2018-06-01,cool_stuff,PI,1,1,245.45
2018-06-01,cool_stuff,PR,7,7,1064.70
2018-06-01,cool_stuff,RJ,16,17,3047.62
2018-06-01,cool_stuff,RO,2,3,446.08
2018-06-01,cool_stuff,RS,4,4,764.27
2018-06-01,cool_stuff,SC,4,4,796.71
2018-06-01,cool_stuff,SE,1,1,284.52
2018-06-01,cool_stuff,SP,34,35,6482.11
2018-06-01,costruction_tools_garden,AM,1,1,97.54
2018-06-01,costruction_tools_garden,CE,1,1,344.94
2018-06-01,costruction_tools_garden,PR,2,2,217.91
2018-06-01,costruction_tools_garden,SP,7,7,407.21
2018-06-01,costruction_tools_tools,BA,1,1,298.58
2018-06-01,costruction_tools_tools,MG,2,2,224.23
2018-06-01,costruction_tools_tools,SP,1,1,101.00
2018-06-01,diapers_and_hygiene,CE,1,1,80.69
2018-06-01,diapers_and_hygiene,PR,1,1,79.61
2018-06-01,diapers_and_hygiene,RJ,1,1,79.61
2018-06-01,diapers_and_hygiene,SP,4,4,187.79
2018-06-01,drinks,BA,1,1,51.03
2018-06-01,drinks,PR,2,3,340.49
2018-06-01,drinks,RJ,7,7,691.03
2018-06-01,drinks,SP,20,22,970.85
2018-06-01,dvds_blu_ray,PI,1,1,75.85
2018-06-01,dvds_blu_ray,SP,4,5,429.18
2018-06-01,electronics,AL,1,1,51.06
2018-06-01,electronics,BA,5,5,581.40
2018-06-01,electronics,CE,3,3,344.72
2018-06-01,electronics,DF,6,6,539.65
2018-06-01,electronics,ES,10,10,479.53
2018-06-01,electronics,GO,2,2,140.52
2018-06-01,electronics,MG,15,17,1220.37
2018-06-01,electronics,MS,3,4,340.18
2018-06-01,electronics,PA,3,4,227.06
2018-06-01,electronics,PE,3,3,123.99
2018-06-01,electronics,PI,1,1,174.39
2018-06-01,electronics,PR,11,11,625.84
2018-06-01,electronics,RJ,28,31,1522.51
2018-06-01,electronics,RN,1,1,79.31
2018-06-01,electronics,RS,9,9,708.17
2018-06-01,electronics,SC,5,5,254.17
2018-06-01,electronics,SE,1,5,623.70
2018-06-01,electronics,SP,67,73,4909.51
2018-06-01,fashion_bags_accessories,BA,2,2,148.15
2018-06-01,fashion_bags_accessories,CE,1,1,78.10
2018-06-01,fashion_bags_accessories,DF,2,2,552.51
2018-06-01,fashion_bags_accessories,ES,1,1,48.41
2018-06-01,fashion_bags_accessories,GO,4,4,490.11
2018-06-01,fashion_bags_accessories,MG,10,10,1018.02
2018-06-01,fashion_bags_accessories,PA,1,1,342.65
2018-06-01,fashion_bags_accessories,PE,2,2,119.84
2018-06-01,fashion_bags_accessories,PR,5,7,613.80
2018-06-01,fashion_bags_accessories,RJ,7,8,760.60
2018-06-01,fashion_bags_accessories,RN,2,2,232.03
2018-06-01,fashion_bags_accessories,RO,1,1,347.79
2018-06-01,fashion_bags_accessories,RS,2,2,266.75
2018-06-01,fashion_bags_accessories,SC,2,3,430.27
2018-06-01,fashion_bags_accessories,SE,3,3,265.63
2018-06-01,fashion_bags_accessories,SP,36,37,3501.12
2018-06-01,fashion_bags_accessories,TO,1,1,172.58
2018-06-01,fashion_childrens_clothes,SP,1,1,97.48
2018-06-01,fashion_male_clothing,PR,1,1,83.33
2018-06-01,fashion_male_clothing,RS,1,1,59.47
2018-06-01,fashion_male_clothing,SP,4,5,411.63
2018-06-01,fashion_shoes,CE,1,1,142.66
2018-06-01,fashion_shoes,ES,1,1,109.50
2018-06-01,fashion_shoes,MG,2,2,212.54
2018-06-01,fashion_shoes,MS,1,1,109.50
2018-06-01,fashion_shoes,RJ,2,2,438.60
2018-06-01,fashion_shoes,SP,3,3,437.38
2018-06-01,fashion_underwear_beach,GO,1,1,78.42
2018-06-01,fashion_underwear_beach,MG,1,5,95.65
2018-06-01,fashion_underwear_beach,SP,1,1,62.69
2018-06-01,fixed_telephony,GO,1,1,96.55
2018-06-01,fixed_telephony,MG,3,3,343.78
2018-06-01,fixed_telephony,PI,1,1,178.23
2018-06-01,fixed_telephony,PR,1,1,161.95
2018-06-01,fixed_telephony,RJ,1,1,164.15
2018-06-01,fixed_telephony,SP,8,10,1477.86
2018-06-01,flowers,RJ,1,2,140.70
2018-06-01,food,BA,1,1,50.03
2018-06-01,food,ES,1,1,69.14
2018-06-01,food,MS,1,1,46.20
2018-06-01,food,PR,1,1,46.20
2018-06-01,food,RJ,3,3,394.98
2018-06-01,food,SC,1,1,46.20
2018-06-01,food,SP,16,16,1040.84
2018-06-01,food_drink,RJ,4,4,198.26
2018-06-01,food_drink,RN,1,1,59.16
2018-06-01,food_drink,RS,1,3,105.66
2018-06-01,food_drink,SC,1,1,23.72
2018-06-01,food_drink,SP,2,2,126.01
2018-06-01,furniture_bedroom,BA,1,1,145.77
2018-06-01,furniture_bedroom,RJ,1,1,186.18
2018-06-01,furniture_bedroom,SC,2,2,696.26
2018-06-01,furniture_bedroom,SP,4,5,913.61
2018-06-01,furniture_decor,AL,3,5,649.34
2018-06-01,furniture_decor,BA,14,16,2136.72
2018-06-01,furniture_decor,CE,4,4,453.63
2018-06-01,furniture_decor,DF,3,3,265.21
2018-06-01,furniture_decor,ES,7,9,1326.99
2018-06-01,furniture_decor,GO,5,6,833.29
2018-06-01,furniture_decor,MG,25,36,5555.76
2018-06-01,furniture_decor,MS,6,7,873.79
2018-06-01,furniture_decor,MT,3,4,929.42
2018-06-01,furniture_decor,PA,2,3,554.67
2018-06-01,furniture_decor,PR,27,36,4286.30
2018-06-01,furniture_decor,RJ,37,44,6262.65
2018-06-01,furniture_decor,RN,3,3,587.99
2018-06-01,furniture_decor,RO,1,1,170.86
2018-06-01,furniture_decor,RR,1,2,499.52
2018-06-01,furniture_decor,RS,25,31,4992.19
2018-06-01,furniture_decor,SC,14,16,1477.17
2018-06-01,furniture_decor,SE,1,1,68.95
2018-06-01,furniture_decor,SP,134,174,20319.02
2018-06-01,furniture_decor,TO,1,1,72.40
2018-06-01,furniture_living_room,GO,1,1,97.21
2018-06-01,furniture_living_room,MG,3,3,497.65
2018-06-01,furniture_living_room,PR,1,1,112.28
2018-06-01,furniture_living_room,RJ,8,9,987.90
2018-06-01,furniture_living_room,RS,2,2,576.60
2018-06-01,furniture_living_room,SC,2,2,384.53
2018-06-01,furniture_living_room,SP,10,11,1873.48
2018-06-01,garden_tools,AC,1,1,158.27
2018-06-01,garden_tools,BA,5,5,1141.12
2018-06-01,garden_tools,CE,1,1,119.46
2018-06-01,garden_tools,DF,3,3,275.00
2018-06-01,garden_tools,ES,4,5,1402.27
2018-06-01,garden_tools,GO,1,1,61.60
2018-06-01,garden_tools,MA,1,1,106.33
2018-06-01,garden_tools,MG,22,28,3797.97
2018-06-01,garden_tools,MS,1,2,694.04
2018-06-01,garden_tools,MT,1,1,77.32
2018-06-01,garden_tools,PA,4,4,940.63
2018-06-01,garden_tools,PE,1,2,579.93
2018-06-01,garden_tools,PR,8,8,1094.45
2018-06-01,garden_tools,RJ,18,19,2796.14
2018-06-01,garden_tools,RS,11,12,1749.85
2018-06-01,garden_tools,SC,5,5,637.76
2018-06-01,garden_tools,SP,61,86,7399.06
2018-06-01,health_beauty,AL,4,4,625.21
2018-06-01,health_beauty,AM,4,7,706.74
2018-06-01,health_beauty,BA,23,25,4119.57
2018-06-01,health_beauty,CE,11,11,2331.66
2018-06-01,health_beauty,DF,26,27,4631.89
2018-06-01,health_beauty,ES,22,22,3014.43
2018-06-01,health_beauty,GO,10,10,1977.11
2018-06-01,health_beauty,MA,10,10,1498.26
2018-06-01,health_beauty,MG,93,97,16670.51
2018-06-01,health_beauty,MS,2,2,1265.08
2018-06-01,health_beauty,MT,8,8,1219.49
2018-06-01,health_beauty,PA,9,9,2532.62
2018-06-01,health_beauty,PB,5,5,1202.39
2018-06-01,health_beauty,PE,20,21,4895.21
2018-06-01,health_beauty,PI,5,5,716.99
2018-06-01,health_beauty,PR,27,31,5268.15
2018-06-01,health_beauty,RJ,80,88,11559.14
2018-06-01,health_beauty,RN,7,7,2614.59
2018-06-01,health_beauty,RO,1,1,585.95
2018-06-01,health_beauty,RS,31,31,4290.13
2018-06-01,health_beauty,SC,20,22,3584.05
2018-06-01,health_beauty,SE,5,5,884.44
2018-06-01,health_beauty,SP,366,421,47308.26
2018-06-01,health_beauty,TO,1,6,356.10
2018-06-01,home_appliances,BA,8,8,736.80
2018-06-01,home_appliances,DF,2,2,150.44
2018-06-01,home_appliances,GO,2,2,111.61
2018-06-01,home_appliances,MG,8,8,421.59
2018-06-01,home_appliances,PA,1,1,137.36
2018-06-01,home_appliances,PE,2,2,172.77
2018-06-01,home_appliances,PI,1,1,151.42
2018-06-01,home_appliances,PR,1,1,107.69
2018-06-01,home_appliances,RJ,2,2,264.77
2018-06-01,home_appliances,RR,1,1,186.13
2018-06-01,home_appliances,RS,5,5,984.36
2018-06-01,home_appliances,SC,3,3,365.47
2018-06-01,home_appliances,SP,29,29,3351.80
2018-06-01,home_appliances_2,GO,1,1,820.24
2018-06-01,home_appliances_2,MG,2,2,298.11
2018-06-01,home_appliances_2,PE,1,1,859.71
2018-06-01,home_appliances_2,PR,3,3,630.01
2018-06-01,home_appliances_2,RJ,3,3,2849.47
2018-06-01,home_appliances_2,SC,1,1,223.61
2018-06-01,home_appliances_2,SP,6,7,2901.84
2018-06-01,home_appliances_2,TO,1,1,529.55
2018-06-01,home_comfort_2,SP,1,2,51.38
2018-06-01,home_confort,ES,1,1,103.26
2018-06-01,home_confort,RJ,2,2,231.59
2018-06-01,home_confort,SC,1,1,179.48
2018-06-01,home_confort,SE,1,1,294.80
2018-06-01,home_confort,SP,11,11,1892.81
2018-06-01,home_construction,AL,1,1,252.69
2018-06-01,home_construction,BA,2,2,245.78
2018-06-01,home_construction,DF,1,1,139.66
2018-06-01,home_construction,ES,1,1,143.49
2018-06-01,home_construction,GO,1,1,148.74
2018-06-01,home_construction,MA,1,2,473.36
2018-06-01,home_construction,MG,10,12,1977.03
2018-06-01,home_construction,MT,1,1,143.84
2018-06-01,home_construction,PB,1,1,279.56
2018-06-01,home_construction,PR,5,5,629.20
2018-06-01,home_construction,RJ,6,6,1157.85
2018-06-01,home_construction,RS,3,3,507.20
2018-06-01,home_construction,SC,3,3,423.77
2018-06-01,home_construction,SP,24,32,4414.56
2018-06-01,housewares,BA,14,14,2311.87
2018-06-01,housewares,CE,4,9,1617.13
2018-06-01,housewares,DF,13,18,1721.18
2018-06-01,housewares,ES,3,3,670.68
2018-06-01,housewares,GO,13,13,2470.55
2018-06-01,housewares,MG,65,86,10022.12
2018-06-01,housewares,MS,2,2,193.63
2018-06-01,housewares,MT,5,5,430.20
2018-06-01,housewares,PA,3,4,805.42
2018-06-01,housewares,PB,1,1,36.45
2018-06-01,housewares,PE,4,4,349.40
2018-06-01,housewares,PR,27,31,3988.55
2018-06-01,housewares,RJ,53,63,7610.79
2018-06-01,housewares,RN,3,3,359.14
2018-06-01,housewares,RS,24,29,3800.31
2018-06-01,housewares,SC,15,20,5528.83
2018-06-01,housewares,SP,214,271,27264.94
2018-06-01,housewares,TO,1,1,82.48
2018-06-01,industry_commerce_and_business,BA,1,1,167.71
2018-06-01,industry_commerce_and_business,CE,1,1,132.83
2018-06-01,industry_commerce_and_business,DF,1,1,192.82
2018-06-01,industry_commerce_and_business,ES,1,1,162.68
2018-06-01,industry_commerce_and_business,GO,1,1,128.35
2018-06-01,industry_commerce_and_business,RJ,2,3,364.07
2018-06-01,industry_commerce_and_business,RS,1,1,120.03
2018-06-01,industry_commerce_and_business,SC,3,5,583.70
2018-06-01,industry_commerce_and_business,SP,10,12,1681.73
2018-06-01,kitchen_dining_laundry_garden_furniture,MG,2,2,651.16
2018-06-01,kitchen_dining_laundry_garden_furniture,MT,1,2,158.42
2018-06-01,kitchen_dining_laundry_garden_furniture,PR,1,1,75.10
2018-06-01,kitchen_dining_laundry_garden_furniture,RJ,5,7,958.91
2018-06-01,kitchen_dining_laundry_garden_furniture,RS,1,1,311.34
2018-06-01,kitchen_dining_laundry_garden_furniture,SP,11,16,2380.29
2018-06-01,luggage_accessories,CE,1,1,457.64
2018-06-01,luggage_accessories,MG,8,8,902.95
2018-06-01,luggage_accessories,PB,1,1,267.74
2018-06-01,luggage_accessories,PR,2,2,356.61
2018-06-01,luggage_accessories,RJ,2,2,200.34
2018-06-01,luggage_accessories,RO,1,1,231.37
2018-06-01,luggage_accessories,SC,2,2,976.42
2018-06-01,luggage_accessories,SP,19,19,2745.65
2018-06-01,market_place,ES,1,1,102.14
2018-06-01,market_place,MS,1,1,108.11
2018-06-01,market_place,SP,5,5,468.54
2018-06-01,music,DF,1,1,65.83
2018-06-01,music,MG,1,1,11.56
2018-06-01,music,SP,1,1,92.17
2018-06-01,musical_instruments,BA,6,6,4827.12
2018-06-01,musical_instruments,CE,1,1,247.21
2018-06-01,musical_instruments,GO,1,1,149.50
2018-06-01,musical_instruments,MG,4,4,1365.80
2018-06-01,musical_instruments,MS,1,1,272.79
2018-06-01,musical_instruments,PA,1,1,473.20
2018-06-01,musical_instruments,PE,2,2,1095.50
2018-06-01,musical_instruments,PR,3,3,925.19
2018-06-01,musical_instruments,RJ,2,2,283.09
2018-06-01,musical_instruments,RS,1,1,86.68
2018-06-01,musical_instruments,SC,1,1,168.14
2018-06-01,musical_instruments,SP,23,24,8076.54
2018-06-01,office_furniture,BA,1,1,118.81
2018-06-01,office_furniture,CE,1,2,464.98
2018-06-01,office_furniture,ES,2,3,376.75
2018-06-01,office_furniture,MA,1,1,372.67
2018-06-01,office_furniture,MG,6,6,1576.56
2018-06-01,office_furniture,MS,1,1,455.52
2018-06-01,office_furniture,MT,1,2,508.16
2018-06-01,office_furniture,PA,3,4,951.59
2018-06-01,office_furniture,PB,1,1,196.43
2018-06-01,office_furniture,PI,1,1,177.93
2018-06-01,office_furniture,PR,3,3,592.68
2018-06-01,office_furniture,RJ,10,13,2246.31
2018-06-01,office_furniture,RN,1,1,591.36
2018-06-01,office_furniture,RS,1,1,176.15
2018-06-01,office_furniture,SP,26,36,7106.02
2018-06-01,party_supplies,SP,2,2,112.38
2018-06-01,perfumery,AL,1,1,172.25
2018-06-01,perfumery,BA,4,4,771.86
2018-06-01,perfumery,CE,4,4,991.10
2018-06-01,perfumery,DF,2,2,368.95
2018-06-01,perfumery,ES,2,2,160.75
2018-06-01,perfumery,GO,2,2,258.91
2018-06-01,perfumery,MA,2,2,305.67
2018-06-01,perfumery,MG,22,27,3676.18
2018-06-01,perfumery,MS,3,4,562.97
2018-06-01,perfumery,MT,1,2,187.15
2018-06-01,perfumery,PA,1,1,221.08
2018-06-01,perfumery,PE,1,1,123.41
2018-06-01,perfumery,PI,2,2,693.86
2018-06-01,perfumery,PR,6,8,863.21
2018-06-01,perfumery,RJ,18,19,4215.00
2018-06-01,perfumery,RN,3,3,511.32
2018-06-01,perfumery,RR,1,1,272.99
2018-06-01,perfumery,RS,7,7,1702.42
2018-06-01,perfumery,SC,9,11,1914.10
2018-06-01,perfumery,SP,72,79,11604.36
2018-06-01,perfumery,TO,3,4,1017.22
2018-06-01,pet_shop,BA,4,4,558.20
2018-06-01,pet_shop,CE,1,1,87.59
2018-06-01,pet_shop,DF,6,7,820.69
2018-06-01,pet_shop,ES,1,3,298.60
2018-06-01,pet_shop,MG,20,27,4555.26
2018-06-01,pet_shop,MS,2,2,383.31
2018-06-01,pet_shop,MT,2,2,534.54
2018-06-01,pet_shop,PE,1,1,168.33
2018-06-01,pet_shop,PI,1,1,178.47
2018-06-01,pet_shop,PR,5,6,512.58
2018-06-01,pet_shop,RJ,15,18,2631.34
2018-06-01,pet_shop,RN,1,1,201.12
2018-06-01,pet_shop,RS,6,8,652.80
2018-06-01,pet_shop,SC,9,9,1007.59
2018-06-01,pet_shop,SP,76,87,10768.91
2018-06-01,pet_shop,TO,1,1,62.04
2018-06-01,signaling_and_security,BA,1,1,344.07
2018-06-01,signaling_and_security,DF,1,1,75.58
2018-06-01,signaling_and_security,GO,1,1,99.43
2018-06-01,signaling_and_security,MT,1,6,3242.84
2018-06-01,signaling_and_security,RJ,3,3,367.58
2018-06-01,signaling_and_security,RS,2,3,691.04
2018-06-01,signaling_and_security,SC,1,2,76.28
2018-06-01,signaling_and_security,SP,8,10,2043.94
2018-06-01,small_appliances,DF,1,1,872.52
2018-06-01,small_appliances,GO,2,3,283.26
2018-06-01,small_appliances,MG,6,7,4882.26
2018-06-01,small_appliances,PR,4,4,1319.66
2018-06-01,small_appliances,RJ,7,7,1357.32
2018-06-01,small_appliances,RS,5,6,2364.65
2018-06-01,small_appliances,SP,18,21,5471.40
2018-06-01,small_appliances_home_oven_and_coffee,MG,1,1,2045.47
2018-06-01,small_appliances_home_oven_and_coffee,RJ,1,1,813.33
2018-06-01,small_appliances_home_oven_and_coffee,SP,1,1,813.33
2018-06-01,sports_leisure,BA,15,15,1870.20
2018-06-01,sports_leisure,CE,6,7,1654.61
2018-06-01,sports_leisure,DF,9,11,1182.21
2018-06-01,sports_leisure,ES,9,11,1293.54
2018-06-01,sports_leisure,GO,5,6,968.79
2018-06-01,sports_leisure,MA,1,1,130.13
2018-06-01,sports_leisure,MG,46,51,7111.57
2018-06-01,sports_leisure,MS,5,5,447.29
2018-06-01,sports_leisure,MT,6,6,573.32
2018-06-01,sports_leisure,PA,4,4,492.81
2018-06-01,sports_leisure,PB,1,1,207.25
2018-06-01,sports_leisure,PE,10,10,1287.34
2018-06-01,sports_leisure,PR,21,24,2891.69
2018-06-01,sports_leisure,RJ,38,50,6712.52
2018-06-01,sports_leisure,RN,1,1,124.24
2018-06-01,sports_leisure,RR,2,3,683.77
2018-06-01,sports_leisure,RS,14,16,1905.84
2018-06-01,sports_leisure,SC,8,10,1383.01
2018-06-01,sports_leisure,SE,2,3,594.19
2018-06-01,sports_leisure,SP,165,181,21350.49
2018-06-01,sports_leisure,TO,3,3,903.66
2018-06-01,stationery,AC,1,1,198.46
2018-06-01,stationery,BA,1,1,183.89
2018-06-01,stationery,CE,2,2,433.48
2018-06-01,stationery,DF,2,3,293.49
2018-06-01,stationery,ES,4,4,446.90
2018-06-01,stationery,GO,2,2,287.77
2018-06-01,stationery,MG,14,18,1212.43
2018-06-01,stationery,MS,1,1,28.13
2018-06-01,stationery,PA,1,1,40.24
2018-06-01,stationery,PE,2,2,135.89
2018-06-01,stationery,PR,8,9,895.41
2018-06-01,stationery,RJ,15,17,2790.60
2018-06-01,stationery,RN,1,1,251.51
2018-06-01,stationery,RO,1,1,57.39
2018-06-01,stationery,RS,7,8,904.83
2018-06-01,stationery,SC,3,3,444.75
2018-06-01,stationery,SP,80,93,7420.88
2018-06-01,tablets_printing_image,AM,1,1,72.85
2018-06-01,telephony,AL,2,2,1115.93
2018-06-01,telephony,BA,7,7,376.67
2018-06-01,telephony,DF,6,6,283.67
2018-06-01,telephony,ES,5,10,1334.70
2018-06-01,telephony,GO,9,10,623.52
2018-06-01,telephony,MA,2,2,144.91
2018-06-01,telephony,MG,23,23,3066.10
2018-06-01,telephony,MS,4,5,264.25
2018-06-01,telephony,MT,5,5,273.74
2018-06-01,telephony,PA,3,3,519.88
2018-06-01,telephony,PB,2,2,2076.57
2018-06-01,telephony,PE,5,7,771.64
2018-06-01,telephony,PI,3,3,205.31
2018-06-01,telephony,PR,6,7,2637.93
2018-06-01,telephony,RJ,19,19,3049.08
2018-06-01,telephony,RN,2,2,1238.33
2018-06-01,telephony,RS,13,13,1530.59
2018-06-01,telephony,SC,13,14,2289.27
2018-06-01,telephony,SP,72,75,4181.33
2018-06-01,telephony,TO,1,1,404.22
2018-06-01,toys,AM,1,1,334.01
2018-06-01,toys,BA,6,6,574.56
2018-06-01,toys,CE,3,3,400.02
2018-06-01,toys,DF,3,3,343.17
2018-06-01,toys,ES,6,7,1293.34
2018-06-01,toys,GO,2,2,135.63
2018-06-01,toys,MA,2,2,275.85
2018-06-01,toys,MG,23,24,4086.56
2018-06-01,toys,MS,1,1,92.41
2018-06-01,toys,MT,3,5,902.24
2018-06-01,toys,PB,1,2,1635.54
2018-06-01,toys,PE,3,4,433.66
2018-06-01,toys,PI,2,2,518.05
2018-06-01,toys,PR,15,15,2341.01
2018-06-01,toys,RJ,15,15,1965.07
2018-06-01,toys,RS,8,9,873.37
2018-06-01,toys,SC,2,2,115.84
2018-06-01,toys,SP,80,87,8837.18
2018-06-01,unknown,BA,1,2,63.72
2018-06-01,unknown,GO,1,1,155.63
2018-06-01,unknown,MG,1,1,156.83
2018-06-01,unknown,PR,1,1,255.07
2018-06-01,unknown,RN,1,1,155.03
2018-06-01,unknown,RO,1,1,300.73
2018-06-01,unknown,SC,1,1,585.39
2018-06-01,unknown,SP,15,15,1133.30
2018-06-01,watches_gifts,AC,1,1,240.53
2018-06-01,watches_gifts,AL,4,4,665.02
2018-06-01,watches_gifts,BA,13,13,3863.39
2018-06-01,watches_gifts,CE,6,7,1505.83
2018-06-01,watches_gifts,DF,13,13,2232.35
2018-06-01,watches_gifts,ES,7,7,1092.95
2018-06-01,watches_gifts,GO,11,12,2616.47
2018-06-01,watches_gifts,MA,6,6,1677.50
2018-06-01,watches_gifts,MG,61,64,12275.72
2018-06-01,watches_gifts,MS,2,2,275.54
2018-06-01,watches_gifts,MT,4,4,1196.00
2018-06-01,watches_gifts,PA,6,6,1237.09
2018-06-01,watches_gifts,PB,6,6,2695.93
2018-06-01,watches_gifts,PE,11,11,2816.89
2018-06-01,watches_gifts,PI,4,4,1128.82
2018-06-01,watches_gifts,PR,16,16,3861.62
2018-06-01,watches_gifts,RJ,74,78,18029.82
2018-06-01,watches_gifts,RN,3,3,498.96
2018-06-01,watches_gifts,RS,12,12,2888.20
2018-06-01,watches_gifts,SC,12,21,2615.87
2018-06-01,watches_gifts,SE,3,3,280.43
2018-06-01,watches_gifts,SP,167,182,29229.42
2018-06-01,watches_gifts,TO,2,2,956.74
2018-07-01,agro_industry_and_commerce,GO,1,1,405.69
2018-07-01,agro_industry_and_commerce,MG,3,3,1662.58
2018-07-01,agro_industry_and_commerce,PA,1,1,821.93
2018-07-01,agro_industry_and_commerce,PI,1,1,80.92
2018-07-01,agro_industry_and_commerce,PR,1,1,514.11
2018-07-01,agro_industry_and_commerce,RJ,3,3,266.25
2018-07-01,agro_industry_and_commerce,RS,2,2,975.56
2018-07-01,agro_industry_and_commerce,SC,1,1,458.36
2018-07-01,agro_industry_and_commerce,SP,13,14,2334.93
2018-07-01,air_conditioning,AL,1,1,643.89
2018-07-01,air_conditioning,MG,1,1,164.84
2018-07-01,air_conditioning,MT,1,2,349.99
2018-07-01,air_conditioning,RJ,4,4,549.88
2018-07-01,air_conditioning,RS,1,1,146.35
2018-07-01,air_conditioning,SP,7,8,1282.50
2018-07-01,art,BA,3,3,296.65
2018-07-01,art,DF,1,1,123.49
2018-07-01,art,GO,1,1,123.49
2018-07-01,art,MG,3,3,307.48
2018-07-01,art,PA,1,1,142.97
2018-07-01,art,PR,1,1,123.49
2018-07-01,art,RJ,3,3,370.47
2018-07-01,art,SP,8,8,777.69
2018-07-01,arts_and_craftmanship,DF,1,1,151.70
2018-07-01,arts_and_craftmanship,MG,1,1,77.50
2018-07-01,arts_and_craftmanship,SP,8,9,575.40
2018-07-01,audio,CE,1,1,257.44
2018-07-01,audio,DF,1,1,133.57
2018-07-01,audio,MG,1,1,621.28
2018-07-01,audio,MT,1,1,36.96
2018-07-01,audio,PI,1,1,37.75
2018-07-01,audio,PR,1,1,30.13
2018-07-01,audio,RJ,4,4,875.27
2018-07-01,audio,RS,1,1,75.40
2018-07-01,audio,SP,10,11,341.20
2018-07-01,auto,AL,3,3,556.68
2018-07-01,auto,AM,2,4,554.08
2018-07-01,auto,AP,1,1,1049.53
2018-07-01,auto,BA,19,19,7441.37
2018-07-01,auto,CE,2,2,421.12
2018-07-01,auto,DF,8,8,2692.76
2018-07-01,auto,ES,10,11,1034.42
2018-07-01,auto,GO,4,5,355.41
2018-07-01,auto,MA,1,2,573.74
2018-07-01,auto,MG,37,38,5615.47
2018-07-01,auto,MS,3,3,301.94
2018-07-01,auto,MT,1,1,218.51
2018-07-01,auto,PA,3,4,918.53
2018-07-01,auto,PB,4,4,702.07
2018-07-01,auto,PE,10,10,1716.41
2018-07-01,auto,PI,2,2,264.60
2018-07-01,auto,PR,23,23,2795.20
2018-07-01,auto,RJ,23,23,3688.75
2018-07-01,auto,RN,4,5,2312.60
2018-07-01,auto,RO,1,1,90.49
2018-07-01,auto,RR,1,1,257.21
2018-07-01,auto,RS,18,18,1755.47
2018-07-01,auto,SC,9,10,1365.83
2018-07-01,auto,SE,3,3,714.22
2018-07-01,auto,SP,131,139,13093.07
2018-07-01,auto,TO,1,1,273.88
2018-07-01,baby,AL,1,1,87.42
2018-07-01,baby,BA,14,14,3065.46
2018-07-01,baby,CE,1,1,45.60
2018-07-01,baby,DF,5,5,415.36
2018-07-01,baby,ES,4,4,425.73
2018-07-01,baby,GO,6,6,991.08
2018-07-01,baby,MA,1,1,91.45
2018-07-01,baby,MG,21,22,2435.62
2018-07-01,baby,MS,2,2,232.21
2018-07-01,baby,MT,1,1,42.06
2018-07-01,baby,PA,3,3,253.05
2018-07-01,baby,PB,3,3,1121.45
2018-07-01,baby,PE,6,6,724.83
2018-07-01,baby,PR,10,10,1188.43
2018-07-01,baby,RJ,22,22,3408.22
2018-07-01,baby,RN,1,1,276.10
2018-07-01,baby,RO,2,2,297.16
2018-07-01,baby,RS,12,13,1661.86
2018-07-01,baby,SC,6,6,678.86
2018-07-01,baby,SP,84,90,9345.44
2018-07-01,baby,TO,1,1,107.30
2018-07-01,bed_bath_table,AL,1,1,132.91
2018-07-01,bed_bath_table,AM,1,2,145.18
2018-07-01,bed_bath_table,BA,13,15,2825.53
2018-07-01,bed_bath_table,CE,2,2,154.10
2018-07-01,bed_bath_table,DF,12,17,1357.18
2018-07-01,bed_bath_table,ES,7,7,825.29
2018-07-01,bed_bath_table,GO,7,12,2472.58
2018-07-01,bed_bath_table,MA,1,1,105.30
2018-07-01,bed_bath_table,MG,46,51,7220.28
2018-07-01,bed_bath_table,MS,2,2,206.38
2018-07-01,bed_bath_table,MT,4,7,835.42
2018-07-01,bed_bath_table,PB,4,4,500.27
2018-07-01,bed_bath_table,PE,3,4,551.54
2018-07-01,bed_bath_table,PR,15,21,2205.21
2018-07-01,bed_bath_table,RJ,86,103,9589.73
2018-07-01,bed_bath_table,RN,1,1,105.82
2018-07-01,bed_bath_table,RR,1,2,707.72
2018-07-01,bed_bath_table,RS,29,33,3706.60
2018-07-01,bed_bath_table,SC,11,11,1189.73
2018-07-01,bed_bath_table,SE,1,1,200.76
2018-07-01,bed_bath_table,SP,262,318,32595.73
2018-07-01,bed_bath_table,TO,2,2,216.85
2018-07-01,books_general_interest,BA,1,1,93.54
2018-07-01,books_general_interest,DF,1,1,34.13
2018-07-01,books_general_interest,ES,2,2,743.03
2018-07-01,books_general_interest,GO,1,1,48.30
2018-07-01,books_general_interest,MG,4,4,717.16
2018-07-01,books_general_interest,PB,1,1,52.93
2018-07-01,books_general_interest,PR,1,1,360.04
2018-07-01,books_general_interest,RN,1,1,41.98
2018-07-01,books_general_interest,SP,13,13,2405.05
2018-07-01,books_imported,PA,1,2,168.72
2018-07-01,books_imported,PR,1,1,63.41
2018-07-01,books_imported,SP,3,4,231.91
2018-07-01,books_technical,DF,1,1,298.18
2018-07-01,books_technical,ES,1,1,126.02
2018-07-01,books_technical,MG,2,2,185.97
2018-07-01,books_technical,PR,1,1,117.45
2018-07-01,books_technical,RJ,7,7,537.08
2018-07-01,books_technical,RS,2,2,261.59
2018-07-01,books_technical,SC,1,1,156.64
2018-07-01,books_technical,SP,11,11,778.26
2018-07-01,christmas_supplies,RJ,1,1,50.10
2018-07-01,christmas_supplies,SC,1,1,115.81
2018-07-01,christmas_supplies,SP,6,6,495.75
2018-07-01,cine_photo,ES,1,1,110.66
2018-07-01,cine_photo,GO,1,1,127.41
2018-07-01,cine_photo,MT,1,1,723.00
2018-07-01,cine_photo,SP,4,4,330.54
2018-07-01,computers,BA,1,1,682.98
2018-07-01,computers,ES,1,1,6922.21
2018-07-01,computers,PE,2,2,1491.78
2018-07-01,computers,PI,1,1,861.24
2018-07-01,computers,RJ,1,1,782.19
2018-07-01,computers,SC,1,1,627.86
2018-07-01,computers,SP,1,1,579.22
2018-07-01,computers_accessories,AC,1,1,318.30
2018-07-01,computers_accessories,AL,2,2,266.37
2018-07-01,computers_accessories,AM,2,2,117.25
2018-07-01,computers_accessories,BA,12,12,1890.74
2018-07-01,computers_accessories,CE,7,7,1381.51
2018-07-01,computers_accessories,DF,8,9,1225.41
2018-07-01,computers_accessories,ES,9,9,784.84
2018-07-01,computers_accessories,GO,4,4,683.69
2018-07-01,computers_accessories,MA,5,5,483.90
2018-07-01,computers_accessories,MG,47,48,4269.14
2018-07-01,computers_accessories,MS,3,5,512.25
2018-07-01,computers_accessories,MT,2,2,533.26
2018-07-01,computers_accessories,PA,7,7,1347.81
2018-07-01,computers_accessories,PB,2,2,498.72
2018-07-01,computers_accessories,PE,7,7,920.61
2018-07-01,computers_accessories,PI,2,2,211.40
2018-07-01,computers_accessories,PR,19,19,2067.83
2018-07-01,computers_accessories,RJ,45,50,6250.44
2018-07-01,computers_accessories,RN,2,2,234.26
2018-07-01,computers_accessories,RR,1,1,435.21
2018-07-01,computers_accessories,RS,21,26,3233.13
2018-07-01,computers_accessories,SC,14,16,1465.98
2018-07-01,computers_accessories,SE,1,1,152.62
2018-07-01,computers_accessories,SP,157,178,20051.71
2018-07-01,computers_accessories,TO,1,1,166.81
2018-07-01,consoles_games,AL,1,1,665.44
2018-07-01,consoles_games,AP,1,1,137.27
2018-07-01,consoles_games,BA,1,1,58.38
2018-07-01,consoles_games,DF,1,1,88.58
2018-07-01,consoles_games,ES,1,1,71.35
2018-07-01,consoles_games,GO,1,1,31.96
2018-07-01,consoles_games,MG,8,8,681.23
2018-07-01,consoles_games,MT,1,1,68.15
2018-07-01,consoles_games,PA,1,1,111.13
2018-07-01,consoles_games,PI,1,1,665.44
2018-07-01,consoles_games,PR,3,3,671.40
2018-07-01,consoles_games,RJ,6,6,763.41
2018-07-01,consoles_games,RS,4,4,1540.29
2018-07-01,consoles_games,SC,1,1,622.28
2018-07-01,consoles_games,SP,18,18,3362.83
2018-07-01,construction_tools_construction,BA,6,6,933.16
2018-07-01,construction_tools_construction,CE,2,2,518.79
2018-07-01,construction_tools_construction,DF,2,2,132.67
2018-07-01,construction_tools_construction,ES,3,4,614.92
2018-07-01,construction_tools_construction,GO,1,1,68.45
2018-07-01,construction_tools_construction,MG,16,24,2880.96
2018-07-01,construction_tools_construction,MS,1,1,21.33
2018-07-01,construction_tools_construction,MT,1,1,332.96
2018-07-01,construction_tools_construction,PE,1,1,344.51
2018-07-01,construction_tools_construction,PR,4,5,394.69
2018-07-01,construction_tools_construction,RJ,9,11,1930.22
2018-07-01,construction_tools_construction,RN,2,2,916.24
2018-07-01,construction_tools_construction,RO,1,1,777.87
2018-07-01,construction_tools_construction,RS,2,2,178.36
2018-07-01,construction_tools_construction,SC,4,4,306.73
2018-07-01,construction_tools_construction,SE,1,1,847.38
2018-07-01,construction_tools_construction,SP,42,47,6390.71
2018-07-01,construction_tools_lights,BA,1,1,141.97
2018-07-01,construction_tools_lights,DF,2,2,361.19
2018-07-01,construction_tools_lights,MG,5,5,1348.80
2018-07-01,construction_tools_lights,MS,2,2,306.53
2018-07-01,construction_tools_lights,PA,1,1,48.11
2018-07-01,construction_tools_lights,PR,2,2,689.66
2018-07-01,construction_tools_lights,RJ,2,2,1280.70
2018-07-01,construction_tools_lights,RS,3,5,330.11
2018-07-01,construction_tools_lights,SC,3,8,574.32
2018-07-01,construction_tools_lights,SP,19,27,3550.01
2018-07-01,construction_tools_safety,BA,3,3,229.05
2018-07-01,construction_tools_safety,MG,4,4,707.07
2018-07-01,construction_tools_safety,PR,2,2,229.58
2018-07-01,construction_tools_safety,SC,2,2,594.30
2018-07-01,construction_tools_safety,SP,4,4,382.90
2018-07-01,cool_stuff,BA,4,4,819.04
2018-07-01,cool_stuff,CE,3,3,540.74
2018-07-01,cool_stuff,DF,3,3,541.61
2018-07-01,cool_stuff,ES,1,1,209.38
2018-07-01,cool_stuff,GO,3,3,859.60
2018-07-01,cool_stuff,MG,5,5,377.93
2018-07-01,cool_stuff,MS,2,2,1152.92
2018-07-01,cool_stuff,MT,1,1,294.97
2018-07-01,cool_stuff,PA,2,2,193.24
2018-07-01,cool_stuff,PE,5,5,1363.17
2018-07-01,cool_stuff,PR,8,8,1218.71
2018-07-01,cool_stuff,RJ,19,19,3311.08
2018-07-01,cool_stuff,RN,1,1,210.42
2018-07-01,cool_stuff,RS,5,5,491.85
2018-07-01,cool_stuff,SC,4,4,4121.68
2018-07-01,cool_stuff,SE,1,1,399.59
2018-07-01,cool_stuff,SP,46,48,8299.65
2018-07-01,costruction_tools_garden,BA,1,1,69.13
2018-07-01,costruction_tools_garden,DF,1,1,112.42
2018-07-01,costruction_tools_garden,MS,1,1,73.76
2018-07-01,costruction_tools_garden,PE,2,2,792.60
2018-07-01,costruction_tools_garden,PI,1,1,235.23
2018-07-01,costruction_tools_garden,PR,1,1,39.97
2018-07-01,costruction_tools_garden,RJ,2,4,183.03
2018-07-01,costruction_tools_garden,SC,1,1,34.63
2018-07-01,costruction_tools_garden,SP,9,10,979.32
2018-07-01,costruction_tools_tools,ES,2,2,305.07
2018-07-01,costruction_tools_tools,GO,1,2,2267.28
2018-07-01,costruction_tools_tools,MG,3,4,786.94
2018-07-01,costruction_tools_tools,RJ,1,1,135.76
2018-07-01,costruction_tools_tools,SP,3,3,2284.40
2018-07-01,diapers_and_hygiene,PB,1,1,98.05
2018-07-01,diapers_and_hygiene,SP,2,2,99.84
2018-07-01,drinks,BA,1,1,161.37
2018-07-01,drinks,MG,1,1,94.72
2018-07-01,drinks,PR,1,1,167.96
2018-07-01,drinks,RJ,2,2,224.10
2018-07-01,drinks,RS,1,1,65.92
2018-07-01,drinks,SC,1,1,67.94
2018-07-01,drinks,SP,9,9,756.47
2018-07-01,dvds_blu_ray,SP,1,1,96.88
2018-07-01,electronics,BA,2,2,274.52
2018-07-01,electronics,CE,2,2,181.22
2018-07-01,electronics,DF,4,4,134.94
2018-07-01,electronics,ES,5,5,682.41
2018-07-01,electronics,GO,1,1,25.13
2018-07-01,electronics,MG,15,17,1340.32
2018-07-01,electronics,MS,1,1,219.20
2018-07-01,electronics,PB,1,1,219.57
2018-07-01,electronics,PE,2,2,95.68
2018-07-01,electronics,PI,1,1,44.87
2018-07-01,electronics,PR,16,16,1179.98
2018-07-01,electronics,RJ,14,14,1029.28
2018-07-01,electronics,RS,10,12,1800.79
2018-07-01,electronics,SC,6,6,310.68
2018-07-01,electronics,SE,1,1,72.87
2018-07-01,electronics,SP,60,65,4073.57
2018-07-01,electronics,TO,1,1,59.06
2018-07-01,fashion_bags_accessories,BA,4,4,971.73
2018-07-01,fashion_bags_accessories,CE,1,1,62.08
2018-07-01,fashion_bags_accessories,DF,2,2,149.93
2018-07-01,fashion_bags_accessories,ES,1,1,112.25
2018-07-01,fashion_bags_accessories,GO,2,2,128.82
2018-07-01,fashion_bags_accessories,MA,1,1,324.72
2018-07-01,fashion_bags_accessories,MG,6,6,452.38
2018-07-01,fashion_bags_accessories,MS,1,1,67.44
2018-07-01,fashion_bags_accessories,MT,1,1,72.18
2018-07-01,fashion_bags_accessories,PA,1,1,87.16
2018-07-01,fashion_bags_accessories,PE,3,3,419.75
2018-07-01,fashion_bags_accessories,PR,2,2,155.93
2018-07-01,fashion_bags_accessories,RJ,6,6,940.22
2018-07-01,fashion_bags_accessories,RS,4,4,528.60
2018-07-01,fashion_bags_accessories,SC,2,2,151.80
2018-07-01,fashion_bags_accessories,SE,1,1,72.97
2018-07-01,fashion_bags_accessories,SP,36,36,2573.91
2018-07-01,fashion_male_clothing,BA,1,1,76.42
2018-07-01,fashion_male_clothing,MG,1,1,63.12
2018-07-01,fashion_male_clothing,SP,3,3,156.14
2018-07-01,fashion_shoes,MG,1,1,109.72
2018-07-01,fashion_shoes,MT,1,1,249.20
2018-07-01,fashion_shoes,PE,1,1,283.86
2018-07-01,fashion_shoes,RO,1,1,227.75
2018-07-01,fashion_shoes,SP,1,1,114.91
2018-07-01,fashion_underwear_beach,GO,1,1,68.35
2018-07-01,fashion_underwear_beach,SP,1,1,72.98
2018-07-01,fixed_telephony,DF,1,1,52.42
2018-07-01,fixed_telephony,ES,1,4,7274.88
2018-07-01,fixed_telephony,MG,1,1,132.60
2018-07-01,fixed_telephony,PI,1,1,224.57
2018-07-01,fixed_telephony,RJ,1,1,1372.22
2018-07-01,fixed_telephony,SP,3,3,601.49
2018-07-01,flowers,ES,1,1,36.22
2018-07-01,flowers,RS,1,1,47.14
2018-07-01,food,BA,3,3,213.66
2018-07-01,food,CE,1,1,138.99
2018-07-01,food,DF,1,1,88.63
2018-07-01,food,ES,1,1,37.54
2018-07-01,food,GO,2,2,132.25
2018-07-01,food,MG,5,5,369.84
2018-07-01,food,MS,1,1,149.00
2018-07-01,food,PB,1,1,66.89
2018-07-01,food,PE,1,1,99.46
2018-07-01,food,PR,7,9,517.96
2018-07-01,food,RJ,4,4,328.09
2018-07-01,food,RO,1,1,126.45
2018-07-01,food,RS,3,4,298.80
2018-07-01,food,SC,1,1,46.20
2018-07-01,food,SP,27,29,1787.66
2018-07-01,food_drink,BA,2,2,164.36
2018-07-01,food_drink,CE,1,1,85.50
2018-07-01,food_drink,MG,1,2,108.68
2018-07-01,food_drink,RJ,2,2,274.69
2018-07-01,food_drink,SC,1,1,32.51
2018-07-01,food_drink,SP,7,9,455.82
2018-07-01,furniture_bedroom,GO,1,1,218.62
2018-07-01,furniture_bedroom,MG,1,1,256.77
2018-07-01,furniture_bedroom,RJ,1,2,309.80
2018-07-01,furniture_bedroom,SP,4,6,1053.58
2018-07-01,furniture_decor,AC,1,6,646.44
2018-07-01,furniture_decor,AL,1,1,97.26
2018-07-01,furniture_decor,AM,1,1,122.55
2018-07-01,furniture_decor,AP,1,1,119.45
2018-07-01,furniture_decor,BA,10,13,2061.45
2018-07-01,furniture_decor,CE,7,8,1544.30
2018-07-01,furniture_decor,DF,5,5,645.92
2018-07-01,furniture_decor,ES,4,9,866.87
2018-07-01,furniture_decor,GO,4,4,628.14
2018-07-01,furniture_decor,MG,35,42,6507.20
2018-07-01,furniture_decor,MS,1,1,312.92
2018-07-01,furniture_decor,MT,2,3,179.98
2018-07-01,furniture_decor,PA,1,1,224.84
2018-07-01,furniture_decor,PB,3,3,447.87
2018-07-01,furniture_decor,PE,6,6,1328.79
2018-07-01,furniture_decor,PR,26,34,3668.94
2018-07-01,furniture_decor,RJ,50,58,10038.79
2018-07-01,furniture_decor,RR,1,1,102.63
2018-07-01,furniture_decor,RS,21,32,3314.22
2018-07-01,furniture_decor,SC,17,20,3099.98
2018-07-01,furniture_decor,SP,145,186,20990.22
2018-07-01,furniture_decor,TO,1,1,43.98
2018-07-01,furniture_living_room,AL,1,1,118.99
2018-07-01,furniture_living_room,BA,2,2,277.63
2018-07-01,furniture_living_room,CE,1,1,122.01
2018-07-01,furniture_living_room,ES,1,1,105.32
2018-07-01,furniture_living_room,MG,2,2,192.32
2018-07-01,furniture_living_room,PB,2,2,319.00
2018-07-01,furniture_living_room,PR,1,2,215.64
2018-07-01,furniture_living_room,RJ,12,13,2114.26
2018-07-01,furniture_living_room,RS,3,3,800.31
2018-07-01,furniture_living_room,SE,1,1,114.67
2018-07-01,furniture_living_room,SP,23,26,4370.03
2018-07-01,furniture_mattress_and_upholstery,SP,1,1,141.83
2018-07-01,garden_tools,AL,1,1,188.20
2018-07-01,garden_tools,BA,9,9,2488.61
2018-07-01,garden_tools,DF,2,2,323.71
2018-07-01,garden_tools,ES,2,2,750.40
2018-07-01,garden_tools,GO,2,2,365.75
2018-07-01,garden_tools,MA,1,1,120.31
2018-07-01,garden_tools,MG,20,23,3692.09
2018-07-01,garden_tools,MS,1,1,121.08
2018-07-01,garden_tools,PA,2,2,163.45
2018-07-01,garden_tools,PB,1,1,133.18
2018-07-01,garden_tools,PE,6,6,1294.08
2018-07-01,garden_tools,PR,5,5,885.15
2018-07-01,garden_tools,RJ,17,18,5620.86
2018-07-01,garden_tools,RS,6,8,1573.79
2018-07-01,garden_tools,SC,6,6,1606.82
2018-07-01,garden_tools,SP,71,90,11189.74
2018-07-01,health_beauty,AC,1,1,591.88
2018-07-01,health_beauty,AL,5,5,1475.36
2018-07-01,health_beauty,AM,1,1,223.19
2018-07-01,health_beauty,AP,1,1,144.12
2018-07-01,health_beauty,BA,30,30,5449.88
2018-07-01,health_beauty,CE,14,18,4354.99
2018-07-01,health_beauty,DF,17,18,1884.32
2018-07-01,health_beauty,ES,11,13,1746.92
2018-07-01,health_beauty,GO,15,15,2973.34
2018-07-01,health_beauty,MA,5,5,786.28
2018-07-01,health_beauty,MG,82,90,20553.80
2018-07-01,health_beauty,MS,4,4,1429.15
2018-07-01,health_beauty,MT,6,6,742.24
2018-07-01,health_beauty,PA,7,7,1935.14
2018-07-01,health_beauty,PB,9,10,2825.42
2018-07-01,health_beauty,PE,23,24,4595.25
2018-07-01,health_beauty,PI,5,5,1654.09
2018-07-01,health_beauty,PR,15,19,3076.38
2018-07-01,health_beauty,RJ,64,73,8641.00
2018-07-01,health_beauty,RN,4,4,836.46
2018-07-01,health_beauty,RO,4,4,2899.04
2018-07-01,health_beauty,RS,34,35,4693.18
2018-07-01,health_beauty,SC,21,21,3303.61
2018-07-01,health_beauty,SE,2,2,499.15
2018-07-01,health_beauty,SP,313,353,41128.83
2018-07-01,health_beauty,TO,6,6,1782.02
2018-07-01,home_appliances,BA,1,1,198.16
2018-07-01,home_appliances,CE,1,1,72.16
2018-07-01,home_appliances,DF,2,2,116.31
2018-07-01,home_appliances,ES,2,2,79.00
2018-07-01,home_appliances,MG,6,6,687.58
2018-07-01,home_appliances,MS,1,1,72.03
2018-07-01,home_appliances,MT,1,1,142.77
2018-07-01,home_appliances,PR,3,3,270.41
2018-07-01,home_appliances,RJ,7,7,740.30
2018-07-01,home_appliances,RO,1,1,140.53
2018-07-01,home_appliances,RS,7,7,441.43
2018-07-01,home_appliances,SC,3,3,393.86
2018-07-01,home_appliances,SP,43,43,3050.62
2018-07-01,home_appliances_2,BA,1,1,72.58
2018-07-01,home_appliances_2,CE,1,1,905.03
2018-07-01,home_appliances_2,DF,1,1,858.65
2018-07-01,home_appliances_2,MG,2,2,508.93
2018-07-01,home_appliances_2,PR,3,4,968.43
2018-07-01,home_appliances_2,RJ,5,5,2683.72
2018-07-01,home_appliances_2,RS,3,3,3163.42
2018-07-01,home_appliances_2,SE,1,1,182.85
2018-07-01,home_appliances_2,SP,5,5,4428.56
2018-07-01,home_comfort_2,GO,1,1,32.22
2018-07-01,home_comfort_2,SP,1,2,53.22
2018-07-01,home_confort,BA,1,1,278.66
2018-07-01,home_confort,CE,1,1,122.67
2018-07-01,home_confort,MG,4,4,405.00
2018-07-01,home_confort,MT,1,1,381.59
2018-07-01,home_confort,PE,1,1,67.49
2018-07-01,home_confort,RJ,5,5,527.79
2018-07-01,home_confort,SP,10,10,1684.30
2018-07-01,home_construction,BA,1,1,115.82
2018-07-01,home_construction,CE,2,2,371.95
2018-07-01,home_construction,DF,1,1,178.03
2018-07-01,home_construction,ES,4,4,519.73
2018-07-01,home_construction,GO,2,2,381.31
2018-07-01,home_construction,MG,5,5,696.02
2018-07-01,home_construction,MS,2,3,342.79
2018-07-01,home_construction,MT,1,1,268.45
2018-07-01,home_construction,PA,1,1,162.97
2018-07-01,home_construction,PB,2,2,517.88
2018-07-01,home_construction,PE,1,1,118.73
2018-07-01,home_construction,PI,1,1,199.56
2018-07-01,home_construction,PR,4,4,500.29
2018-07-01,home_construction,RJ,5,7,851.75
2018-07-01,home_construction,RS,3,3,405.54
2018-07-01,home_construction,SC,1,1,99.65
2018-07-01,home_construction,SP,20,20,2350.41
2018-07-01,home_construction,TO,1,1,118.73
2018-07-01,housewares,AL,1,1,62.90
2018-07-01,housewares,BA,7,8,1294.59
2018-07-01,housewares,CE,2,2,356.84
2018-07-01,housewares,DF,19,24,2594.18
2018-07-01,housewares,ES,10,11,1703.14
2018-07-01,housewares,GO,9,21,2958.13
2018-07-01,housewares,MA,1,1,408.09
2018-07-01,housewares,MG,48,52,8493.87
2018-07-01,housewares,MS,4,4,683.42
2018-07-01,housewares,MT,4,6,608.12
2018-07-01,housewares,PB,4,8,1127.63
2018-07-01,housewares,PE,7,7,1712.25
2018-07-01,housewares,PR,28,35,7108.91
2018-07-01,housewares,RJ,51,56,6873.22
2018-07-01,housewares,RN,1,1,74.08
2018-07-01,housewares,RO,1,1,187.89
2018-07-01,housewares,RS,31,45,5491.71
2018-07-01,housewares,SC,11,16,2353.16
2018-07-01,housewares,SE,2,2,506.80
2018-07-01,housewares,SP,219,259,32013.42
2018-07-01,housewares,TO,2,4,332.44
2018-07-01,industry_commerce_and_business,MG,1,1,75.99
2018-07-01,industry_commerce_and_business,PB,1,1,3406.47
2018-07-01,industry_commerce_and_business,RJ,2,3,385.70
2018-07-01,industry_commerce_and_business,RN,1,1,194.97
2018-07-01,industry_commerce_and_business,SE,2,2,260.64
2018-07-01,industry_commerce_and_business,SP,5,5,1141.50
2018-07-01,industry_commerce_and_business,TO,1,1,128.63
2018-07-01,kitchen_dining_laundry_garden_furniture,DF,2,2,904.10
2018-07-01,kitchen_dining_laundry_garden_furniture,MG,1,1,51.15
2018-07-01,kitchen_dining_laundry_garden_furniture,PR,2,2,1285.36
2018-07-01,kitchen_dining_laundry_garden_furniture,RJ,3,4,556.36
2018-07-01,kitchen_dining_laundry_garden_furniture,RS,1,1,196.45
2018-07-01,kitchen_dining_laundry_garden_furniture,SP,11,12,1534.26
2018-07-01,luggage_accessories,BA,1,1,193.06
2018-07-01,luggage_accessories,DF,1,1,168.95
2018-07-01,luggage_accessories,MG,12,12,1632.25
2018-07-01,luggage_accessories,MS,1,1,110.00
2018-07-01,luggage_accessories,PA,3,3,888.31
2018-07-01,luggage_accessories,PE,2,2,515.05
2018-07-01,luggage_accessories,PR,2,2,290.63
2018-07-01,luggage_accessories,RJ,4,4,378.71
2018-07-01,luggage_accessories,RS,6,6,624.77
2018-07-01,luggage_accessories,SC,2,2,162.42
2018-07-01,luggage_accessories,SP,19,20,2228.94
2018-07-01,market_place,DF,1,1,65.04
2018-07-01,market_place,MG,1,1,83.36
2018-07-01,market_place,RJ,1,1,71.39
2018-07-01,market_place,SC,1,1,57.55
2018-07-01,music,PR,1,1,87.48
2018-07-01,music,SP,2,2,805.80
2018-07-01,musical_instruments,BA,1,1,46.35
2018-07-01,musical_instruments,CE,2,2,161.91
2018-07-01,musical_instruments,DF,2,2,1720.36
2018-07-01,musical_instruments,ES,2,2,328.01
2018-07-01,musical_instruments,MG,1,1,81.46
2018-07-01,musical_instruments,MT,1,2,1927.38
2018-07-01,musical_instruments,PB,2,2,288.32
2018-07-01,musical_instruments,PR,3,4,1603.37
2018-07-01,musical_instruments,RS,2,2,222.17
2018-07-01,musical_instruments,SC,1,1,318.93
2018-07-01,musical_instruments,SP,15,17,2611.21
2018-07-01,office_furniture,BA,2,2,353.26
2018-07-01,office_furniture,DF,2,2,407.34
2018-07-01,office_furniture,MA,1,1,315.75
2018-07-01,office_furniture,MG,3,3,753.00
2018-07-01,office_furniture,MT,1,1,304.59
2018-07-01,office_furniture,PA,1,1,208.79
2018-07-01,office_furniture,PE,1,2,978.60
2018-07-01,office_furniture,RJ,17,30,5839.51
2018-07-01,office_furniture,RN,1,1,242.77
2018-07-01,office_furniture,RS,1,1,178.90
2018-07-01,office_furniture,SC,1,1,197.45
2018-07-01,office_furniture,SE,1,1,222.62
2018-07-01,office_furniture,SP,30,34,6730.15
2018-07-01,party_supplies,SP,2,2,84.36
2018-07-01,pc_gamer,SP,1,2,457.38
2018-07-01,perfumery,AM,1,1,68.03
2018-07-01,perfumery,BA,8,8,893.98
2018-07-01,perfumery,CE,4,5,710.34
2018-07-01,perfumery,DF,7,9,978.15
2018-07-01,perfumery,ES,2,2,177.08
2018-07-01,perfumery,GO,7,9,1011.81
2018-07-01,perfumery,MA,1,1,288.27
2018-07-01,perfumery,MG,16,18,1869.96
2018-07-01,perfumery,MS,3,3,252.16
2018-07-01,perfumery,MT,1,2,132.48
2018-07-01,perfumery,PA,2,2,93.16
2018-07-01,perfumery,PE,3,3,1593.72
2018-07-01,perfumery,PI,1,1,189.88
2018-07-01,perfumery,PR,15,20,2356.10
2018-07-01,perfumery,RJ,15,16,1808.02
2018-07-01,perfumery,RS,7,7,1289.19
2018-07-01,perfumery,SC,1,1,730.08
2018-07-01,perfumery,SP,74,91,9384.21
2018-07-01,pet_shop,AM,1,1,94.74
2018-07-01,pet_shop,BA,7,8,972.79
2018-07-01,pet_shop,DF,4,7,1081.93
2018-07-01,pet_shop,ES,1,1,73.05
2018-07-01,pet_shop,GO,2,3,342.69
2018-07-01,pet_shop,MA,2,2,294.30
2018-07-01,pet_shop,MG,13,15,2096.23
2018-07-01,pet_shop,MS,1,1,95.64
2018-07-01,pet_shop,MT,2,2,915.12
2018-07-01,pet_shop,PA,1,1,70.52
2018-07-01,pet_shop,PB,1,1,171.76
2018-07-01,pet_shop,PE,1,1,79.53
2018-07-01,pet_shop,PI,1,1,294.29
2018-07-01,pet_shop,PR,2,2,269.72
2018-07-01,pet_shop,RJ,13,13,1983.43
2018-07-01,pet_shop,RS,7,8,1035.97
2018-07-01,pet_shop,SC,4,4,478.48
2018-07-01,pet_shop,SP,75,87,12649.73
2018-07-01,portable_kitchen_food_preparers,BA,1,1,44.82
2018-07-01,portable_kitchen_food_preparers,MG,1,1,53.24
2018-07-01,portable_kitchen_food_preparers,SP,5,6,178.02
2018-07-01,signaling_and_security,BA,1,1,258.56
2018-07-01,signaling_and_security,GO,2,3,295.57
2018-07-01,signaling_and_security,MG,4,4,414.89
2018-07-01,signaling_and_security,PA,1,3,258.06
2018-07-01,signaling_and_security,PB,1,6,2844.96
2018-07-01,signaling_and_security,RS,2,3,192.69
2018-07-01,signaling_and_security,SC,1,1,99.65
2018-07-01,signaling_and_security,SP,7,8,1771.81
2018-07-01,small_appliances,BA,1,1,88.54
2018-07-01,small_appliances,DF,3,3,323.16
2018-07-01,small_appliances,GO,1,1,402.16
2018-07-01,small_appliances,MG,1,1,111.55
2018-07-01,small_appliances,MS,1,1,111.55
2018-07-01,small_appliances,PA,1,1,170.44
2018-07-01,small_appliances,PE,1,1,591.12
2018-07-01,small_appliances,PR,3,3,582.72
2018-07-01,small_appliances,RJ,3,3,1876.54
2018-07-01,small_appliances,RS,2,3,286.85
2018-07-01,small_appliances,SC,3,4,2690.32
2018-07-01,small_appliances,SP,15,20,1946.66
2018-07-01,small_appliances_home_oven_and_coffee,BA,2,2,917.82
2018-07-01,small_appliances_home_oven_and_coffee,MG,3,3,326.05
2018-07-01,small_appliances_home_oven_and_coffee,RJ,3,3,1770.84
2018-07-01,small_appliances_home_oven_and_coffee,SP,6,7,2156.65
2018-07-01,sports_leisure,AC,1,1,213.33
2018-07-01,sports_leisure,AL,1,1,203.23
2018-07-01,sports_leisure,AM,3,3,347.37
2018-07-01,sports_leisure,AP,1,1,61.99
2018-07-01,sports_leisure,BA,13,16,2546.56
2018-07-01,sports_leisure,CE,7,8,1457.48
2018-07-01,sports_leisure,DF,14,14,1915.30
2018-07-01,sports_leisure,ES,6,6,697.52
2018-07-01,sports_leisure,GO,7,7,843.74
2018-07-01,sports_leisure,MA,6,7,1156.30
2018-07-01,sports_leisure,MG,41,45,10071.67
2018-07-01,sports_leisure,MS,5,6,523.25
2018-07-01,sports_leisure,MT,2,2,147.79
2018-07-01,sports_leisure,PA,4,4,829.35
2018-07-01,sports_leisure,PB,4,4,1075.58
2018-07-01,sports_leisure,PE,6,7,759.98
2018-07-01,sports_leisure,PI,1,1,315.82
2018-07-01,sports_leisure,PR,27,31,5752.04
2018-07-01,sports_leisure,RJ,45,52,6334.64
2018-07-01,sports_leisure,RN,1,1,484.09
2018-07-01,sports_leisure,RR,1,2,457.82
2018-07-01,sports_leisure,RS,11,13,1417.51
2018-07-01,sports_leisure,SC,20,21,3174.15
2018-07-01,sports_leisure,SE,3,3,400.46
2018-07-01,sports_leisure,SP,179,202,22901.46
2018-07-01,sports_leisure,TO,1,2,254.06
2018-07-01,stationery,AM,3,3,410.59
2018-07-01,stationery,BA,7,7,604.40
2018-07-01,stationery,CE,4,5,395.05
2018-07-01,stationery,DF,1,1,30.68
2018-07-01,stationery,ES,4,4,916.52
2018-07-01,stationery,GO,3,3,579.70
2018-07-01,stationery,MA,2,2,221.62
2018-07-01,stationery,MG,13,15,1470.12
2018-07-01,stationery,MS,1,1,160.81
2018-07-01,stationery,MT,2,3,226.14
2018-07-01,stationery,PA,2,2,833.06
2018-07-01,stationery,PB,1,1,192.68
2018-07-01,stationery,PE,4,4,517.18
2018-07-01,stationery,PI,2,2,178.50
2018-07-01,stationery,PR,7,7,1244.13
2018-07-01,stationery,RJ,16,20,1917.20
2018-07-01,stationery,RS,7,8,779.53
2018-07-01,stationery,SC,8,9,1767.62
2018-07-01,stationery,SP,81,93,9005.90
2018-07-01,telephony,AL,1,1,73.06
2018-07-01,telephony,BA,13,13,2408.46
2018-07-01,telephony,CE,3,3,141.08
2018-07-01,telephony,DF,5,5,395.26
2018-07-01,telephony,ES,8,8,1608.94
2018-07-01,telephony,GO,7,7,1478.55
2018-07-01,telephony,MA,5,5,821.15
2018-07-01,telephony,MG,12,13,1128.83
2018-07-01,telephony,MT,4,5,1593.87
2018-07-01,telephony,PA,1,1,67.11
2018-07-01,telephony,PE,8,9,1995.55
2018-07-01,telephony,PI,3,3,1206.62
2018-07-01,telephony,PR,9,13,581.13
2018-07-01,telephony,RJ,10,12,2314.55
2018-07-01,telephony,RN,2,2,1315.18
2018-07-01,telephony,RO,1,1,44.86
2018-07-01,telephony,RS,16,19,1799.20
2018-07-01,telephony,SC,5,5,290.77
2018-07-01,telephony,SE,2,2,505.55
2018-07-01,telephony,SP,85,92,10570.59
2018-07-01,telephony,TO,2,2,127.18
2018-07-01,toys,AL,1,1,42.76
2018-07-01,toys,BA,9,9,1037.43
2018-07-01,toys,DF,3,4,340.31
2018-07-01,toys,ES,4,4,479.23
2018-07-01,toys,GO,2,2,266.89
2018-07-01,toys,MG,21,22,2901.27
2018-07-01,toys,MS,1,1,62.98
2018-07-01,toys,MT,2,2,249.42
2018-07-01,toys,PB,1,1,655.93
2018-07-01,toys,PE,2,2,554.87
2018-07-01,toys,PI,2,2,561.29
2018-07-01,toys,PR,9,9,1302.15
2018-07-01,toys,RJ,13,13,1589.01
2018-07-01,toys,RO,1,1,109.80
2018-07-01,toys,RS,7,7,1320.44
2018-07-01,toys,SC,5,6,618.06
2018-07-01,toys,SP,65,68,8269.00
2018-07-01,unknown,BA,2,2,629.65
2018-07-01,unknown,DF,1,1,35.83
2018-07-01,unknown,GO,1,1,153.83
2018-07-01,unknown,MG,2,2,171.05
2018-07-01,unknown,MS,1,1,113.77
2018-07-01,unknown,PE,1,1,177.66
2018-07-01,unknown,PI,1,1,291.74
2018-07-01,unknown,RJ,10,13,1273.57
2018-07-01,unknown,RO,1,1,189.45
2018-07-01,unknown,RS,1,1,75.43
2018-07-01,unknown,SC,4,4,454.46
2018-07-01,unknown,SP,17,19,2099.34
2018-07-01,watches_gifts,AL,1,1,78.11
2018-07-01,watches_gifts,AM,3,3,515.43
2018-07-01,watches_gifts,AP,1,1,101.27
2018-07-01,watches_gifts,BA,24,25,6268.22
2018-07-01,watches_gifts,CE,12,12,2079.91
2018-07-01,watches_gifts,DF,17,17,4182.34
2018-07-01,watches_gifts,ES,10,10,3151.51
2018-07-01,watches_gifts,GO,12,12,2657.50
2018-07-01,watches_gifts,MA,6,6,1755.58
2018-07-01,watches_gifts,MG,61,62,10744.92
2018-07-01,watches_gifts,MS,4,5,660.83
2018-07-01,watches_gifts,MT,2,3,1069.06
2018-07-01,watches_gifts,PA,9,9,5853.79
2018-07-01,watches_gifts,PB,2,2,2673.40
2018-07-01,watches_gifts,PE,21,22,4497.18
2018-07-01,watches_gifts,PI,4,4,953.30
2018-07-01,watches_gifts,PR,34,35,6945.39
2018-07-01,watches_gifts,RJ,67,67,12101.29
2018-07-01,watches_gifts,RN,7,8,2434.76
2018-07-01,watches_gifts,RO,1,1,158.09
2018-07-01,watches_gifts,RS,15,16,1879.16
2018-07-01,watches_gifts,SC,10,10,2018.23
2018-07-01,watches_gifts,SE,3,3,357.88
2018-07-01,watches_gifts,SP,179,185,31581.20
2018-07-01,watches_gifts,TO,2,2,184.15
2018-08-01,agro_industry_and_commerce,BA,1,2,1134.44
2018-08-01,agro_industry_and_commerce,MG,2,2,2142.47
2018-08-01,agro_industry_and_commerce,PR,1,1,47.62
2018-08-01,agro_industry_and_commerce,RJ,1,1,28.22
2018-08-01,agro_industry_and_commerce,SP,9,12,2190.99
2018-08-01,air_conditioning,GO,3,3,668.22
2018-08-01,air_conditioning,MG,2,4,767.95
2018-08-01,air_conditioning,RJ,3,4,541.34
2018-08-01,air_conditioning,SP,9,10,2030.31
2018-08-01,art,DF,1,1,150.22
2018-08-01,art,MG,3,3,257.05
2018-08-01,art,MT,1,1,97.43
2018-08-01,art,PR,1,1,98.14
2018-08-01,art,RJ,1,1,93.28
2018-08-01,art,RS,2,2,234.74
2018-08-01,art,SP,9,9,845.04
2018-08-01,arts_and_craftmanship,MG,2,2,340.41
2018-08-01,arts_and_craftmanship,SC,1,1,314.32
2018-08-01,arts_and_craftmanship,SP,6,6,414.32
2018-08-01,audio,BA,2,2,303.66
2018-08-01,audio,CE,1,1,33.94
2018-08-01,audio,DF,1,1,30.13
2018-08-01,audio,MG,1,1,30.13
2018-08-01,audio,PR,2,2,307.40
2018-08-01,audio,RJ,6,8,1152.44
2018-08-01,audio,SP,11,11,611.40
2018-08-01,auto,AL,2,2,276.87
2018-08-01,auto,BA,8,8,803.02
2018-08-01,auto,CE,5,5,892.79
2018-08-01,auto,DF,5,5,334.82
2018-08-01,auto,ES,7,8,1137.22
2018-08-01,auto,GO,10,10,903.40
2018-08-01,auto,MA,5,5,854.60
2018-08-01,auto,MG,46,50,5873.02
2018-08-01,auto,MS,2,2,255.40
2018-08-01,auto,MT,5,5,505.44
2018-08-01,auto,PA,2,3,389.36
2018-08-01,auto,PB,4,4,1388.23
2018-08-01,auto,PE,5,5,622.65
2018-08-01,auto,PI,3,3,648.98
2018-08-01,auto,PR,19,20,2245.48
2018-08-01,auto,RJ,33,34,7881.64
2018-08-01,auto,RN,2,2,391.17
2018-08-01,auto,RO,1,1,245.00
2018-08-01,auto,RS,11,14,1859.25
2018-08-01,auto,SC,11,17,3478.10
2018-08-01,auto,SE,2,2,277.20
2018-08-01,auto,SP,156,164,21335.53
2018-08-01,auto,TO,1,1,45.18
2018-08-01,baby,BA,3,3,502.22
2018-08-01,baby,CE,2,2,290.28
2018-08-01,baby,DF,7,7,644.13
2018-08-01,baby,ES,2,2,378.55
2018-08-01,baby,GO,1,1,155.03
2018-08-01,baby,MA,1,1,73.68
2018-08-01,baby,MG,22,24,2203.24
2018-08-01,baby,MS,1,2,170.87
2018-08-01,baby,PA,3,3,489.43
2018-08-01,baby,PE,2,2,196.38
2018-08-01,baby,PR,16,17,1789.20
2018-08-01,baby,RJ,27,27,3265.01
2018-08-01,baby,RS,14,15,1934.51
2018-08-01,baby,SC,8,8,1209.16
2018-08-01,baby,SE,1,1,177.51
2018-08-01,baby,SP,91,97,12475.99
2018-08-01,bed_bath_table,BA,10,11,1266.73
2018-08-01,bed_bath_table,CE,2,2,244.93
2018-08-01,bed_bath_table,DF,6,8,865.77
2018-08-01,bed_bath_table,ES,9,9,1190.05
2018-08-01,bed_bath_table,GO,11,15,1336.16
2018-08-01,bed_bath_table,MG,59,71,8530.72
2018-08-01,bed_bath_table,MS,2,2,234.39
2018-08-01,bed_bath_table,MT,2,2,300.63
2018-08-01,bed_bath_table,PE,2,2,279.95
2018-08-01,bed_bath_table,PI,1,1,105.62
2018-08-01,bed_bath_table,PR,21,27,2734.31
2018-08-01,bed_bath_table,RJ,70,77,7502.98
2018-08-01,bed_bath_table,RN,1,1,57.39
2018-08-01,bed_bath_table,RS,22,25,3393.01
2018-08-01,bed_bath_table,SC,16,20,2693.39
2018-08-01,bed_bath_table,SE,1,1,90.97
2018-08-01,bed_bath_table,SP,320,381,44181.32
2018-08-01,books_general_interest,AL,1,2,162.87
2018-08-01,books_general_interest,DF,1,1,35.19
2018-08-01,books_general_interest,GO,1,1,48.21
2018-08-01,books_general_interest,MG,3,3,142.14
2018-08-01,books_general_interest,RJ,2,2,143.94
2018-08-01,books_general_interest,RS,1,1,106.62
2018-08-01,books_general_interest,SP,25,26,1438.02
2018-08-01,books_imported,MA,1,1,804.96
2018-08-01,books_technical,BA,2,2,177.16
2018-08-01,books_technical,MG,1,1,112.41
2018-08-01,books_technical,MS,2,2,102.66
2018-08-01,books_technical,PR,1,1,178.21
2018-08-01,books_technical,RJ,3,3,164.99
2018-08-01,books_technical,RS,1,1,69.54
2018-08-01,books_technical,SP,18,19,1056.41
2018-08-01,christmas_supplies,BA,1,1,368.66
2018-08-01,christmas_supplies,MG,2,2,95.58
2018-08-01,christmas_supplies,PR,1,1,54.44
2018-08-01,christmas_supplies,SP,6,6,209.68
2018-08-01,cine_photo,BA,1,1,107.42
2018-08-01,cine_photo,RJ,1,1,145.09
2018-08-01,cine_photo,RS,1,1,31.13
2018-08-01,cine_photo,SC,1,1,103.59
2018-08-01,cine_photo,SP,4,5,333.18
2018-08-01,computers,BA,1,1,692.94
2018-08-01,computers,DF,1,2,1916.08
2018-08-01,computers,ES,1,1,783.48
2018-08-01,computers,MG,1,2,1378.00
2018-08-01,computers,RJ,1,1,52.84
2018-08-01,computers,SP,5,5,4404.91
2018-08-01,computers_accessories,AL,2,2,611.26
2018-08-01,computers_accessories,AP,1,1,122.41
2018-08-01,computers_accessories,BA,7,7,680.77
2018-08-01,computers_accessories,CE,3,3,528.86
2018-08-01,computers_accessories,DF,14,15,1823.36
2018-08-01,computers_accessories,ES,6,6,581.57
2018-08-01,computers_accessories,GO,5,5,705.41
2018-08-01,computers_accessories,MA,3,3,551.50
2018-08-01,computers_accessories,MG,51,53,6927.72
2018-08-01,computers_accessories,MS,4,4,419.01
2018-08-01,computers_accessories,PA,2,4,758.71
2018-08-01,computers_accessories,PB,4,4,713.01
2018-08-01,computers_accessories,PE,4,4,570.83
2018-08-01,computers_accessories,PR,20,25,3032.72
2018-08-01,computers_accessories,RJ,45,49,5139.58
2018-08-01,computers_accessories,RO,2,3,793.55
2018-08-01,computers_accessories,RS,15,16,2009.29
2018-08-01,computers_accessories,SC,8,8,884.03
2018-08-01,computers_accessories,SE,4,4,733.61
2018-08-01,computers_accessories,SP,179,198,20238.68
2018-08-01,computers_accessories,TO,1,1,60.98
2018-08-01,consoles_games,BA,1,1,73.25
2018-08-01,consoles_games,GO,4,4,411.00
2018-08-01,consoles_games,MG,5,5,394.34
2018-08-01,consoles_games,PE,1,1,146.02
2018-08-01,consoles_games,PR,3,3,163.07
2018-08-01,consoles_games,RJ,5,8,701.60
2018-08-01,consoles_games,RS,5,5,534.46
2018-08-01,consoles_games,SC,2,3,284.91
2018-08-01,consoles_games,SP,26,28,2423.54
2018-08-01,consoles_games,TO,1,1,200.38
2018-08-01,construction_tools_construction,BA,2,2,212.26
2018-08-01,construction_tools_construction,CE,1,1,73.29
2018-08-01,construction_tools_construction,ES,2,2,533.17
2018-08-01,construction_tools_construction,MG,13,14,1653.88
2018-08-01,construction_tools_construction,MS,1,1,57.98
2018-08-01,construction_tools_construction,PE,2,3,376.02
2018-08-01,construction_tools_construction,PR,11,12,1415.63
2018-08-01,construction_tools_construction,RJ,11,12,4052.20
2018-08-01,construction_tools_construction,RS,6,9,1155.84
2018-08-01,construction_tools_construction,SC,4,10,600.65
2018-08-01,construction_tools_construction,SP,71,96,15794.13
2018-08-01,construction_tools_lights,BA,2,2,242.50
2018-08-01,construction_tools_lights,CE,1,1,319.20
2018-08-01,construction_tools_lights,MG,5,6,901.50
2018-08-01,construction_tools_lights,MS,1,1,193.98
2018-08-01,construction_tools_lights,PR,3,3,370.84
2018-08-01,construction_tools_lights,RJ,7,7,754.77
2018-08-01,construction_tools_lights,RS,5,5,854.49
2018-08-01,construction_tools_lights,SC,1,1,193.98
2018-08-01,construction_tools_lights,SP,30,35,5745.54
2018-08-01,construction_tools_lights,TO,1,1,311.79
2018-08-01,construction_tools_safety,CE,1,1,168.29
2018-08-01,construction_tools_safety,DF,2,2,536.46
2018-08-01,construction_tools_safety,GO,1,1,45.21
2018-08-01,construction_tools_safety,MG,2,2,289.88
2018-08-01,construction_tools_safety,PE,1,1,480.33
2018-08-01,construction_tools_safety,RJ,2,2,134.81
2018-08-01,construction_tools_safety,SC,3,3,706.18
2018-08-01,construction_tools_safety,SP,9,13,2125.52
2018-08-01,cool_stuff,AL,1,1,122.23
2018-08-01,cool_stuff,BA,4,4,389.76
2018-08-01,cool_stuff,CE,1,1,226.23
2018-08-01,cool_stuff,DF,4,4,492.69
2018-08-01,cool_stuff,ES,2,2,341.39
2018-08-01,cool_stuff,MA,2,2,231.54
2018-08-01,cool_stuff,MG,9,10,994.14
2018-08-01,cool_stuff,MS,1,1,435.23
2018-08-01,cool_stuff,PE,1,1,378.86
2018-08-01,cool_stuff,PR,3,4,584.41
2018-08-01,cool_stuff,RJ,13,13,1805.52
2018-08-01,cool_stuff,RS,8,8,1407.84
2018-08-01,cool_stuff,SC,6,6,502.81
2018-08-01,cool_stuff,SP,61,62,10546.93
2018-08-01,costruction_tools_garden,CE,2,2,1629.64
2018-08-01,costruction_tools_garden,ES,2,4,177.79
2018-08-01,costruction_tools_garden,GO,1,1,217.98
2018-08-01,costruction_tools_garden,MG,3,4,477.80
2018-08-01,costruction_tools_garden,PE,2,2,287.98
2018-08-01,costruction_tools_garden,PR,1,1,69.63
2018-08-01,costruction_tools_garden,SP,8,9,1433.67
2018-08-01,costruction_tools_tools,BA,1,1,282.80
2018-08-01,costruction_tools_tools,ES,1,1,257.18
2018-08-01,costruction_tools_tools,GO,1,1,76.51
2018-08-01,costruction_tools_tools,PR,2,2,54.08
2018-08-01,costruction_tools_tools,RJ,2,2,281.15
2018-08-01,costruction_tools_tools,SP,7,7,545.32
2018-08-01,diapers_and_hygiene,SP,3,3,276.93
2018-08-01,drinks,BA,1,1,160.00
2018-08-01,drinks,DF,1,1,143.46
2018-08-01,drinks,ES,2,2,236.78
2018-08-01,drinks,MG,1,1,169.94
2018-08-01,drinks,PR,1,1,53.43
2018-08-01,drinks,RJ,2,2,106.86
2018-08-01,drinks,RS,1,1,171.19
2018-08-01,drinks,SP,15,18,784.02
2018-08-01,dvds_blu_ray,SP,1,1,16.29
2018-08-01,electronics,BA,5,5,645.51
2018-08-01,electronics,CE,3,5,232.09
2018-08-01,electronics,DF,3,3,249.91
2018-08-01,electronics,ES,1,1,43.60
2018-08-01,electronics,GO,1,2,88.34
2018-08-01,electronics,MG,12,13,2326.37
2018-08-01,electronics,MT,1,1,97.90
2018-08-01,electronics,PA,1,1,36.04
2018-08-01,electronics,PB,1,1,223.53
2018-08-01,electronics,PE,1,1,237.91
2018-08-01,electronics,PR,6,6,798.19
2018-08-01,electronics,RJ,21,21,2626.99
2018-08-01,electronics,RN,1,1,83.03
2018-08-01,electronics,RS,8,9,646.92
2018-08-01,electronics,SC,5,5,578.42
2018-08-01,electronics,SP,43,43,3965.68
2018-08-01,electronics,TO,1,1,44.17
2018-08-01,fashio_female_clothing,MT,1,1,57.17
2018-08-01,fashio_female_clothing,SP,1,2,111.96
2018-08-01,fashion_bags_accessories,AL,1,1,87.07
2018-08-01,fashion_bags_accessories,BA,1,2,152.68
2018-08-01,fashion_bags_accessories,CE,1,1,177.88
2018-08-01,fashion_bags_accessories,DF,4,4,362.29
2018-08-01,fashion_bags_accessories,ES,5,5,836.42
2018-08-01,fashion_bags_accessories,GO,2,2,119.48
2018-08-01,fashion_bags_accessories,MA,1,1,82.13
2018-08-01,fashion_bags_accessories,MG,17,17,1465.22
2018-08-01,fashion_bags_accessories,MS,1,1,65.35
2018-08-01,fashion_bags_accessories,MT,2,2,100.02
2018-08-01,fashion_bags_accessories,PA,1,1,68.25
2018-08-01,fashion_bags_accessories,PR,5,5,304.72
2018-08-01,fashion_bags_accessories,RJ,13,13,1116.35
2018-08-01,fashion_bags_accessories,RS,1,1,72.75
2018-08-01,fashion_bags_accessories,SC,3,4,270.67
2018-08-01,fashion_bags_accessories,SE,1,1,62.11
2018-08-01,fashion_bags_accessories,SP,61,64,4545.54
2018-08-01,fashion_bags_accessories,TO,1,1,81.47
2018-08-01,fashion_male_clothing,GO,1,1,250.91
2018-08-01,fashion_male_clothing,RJ,1,1,154.05
2018-08-01,fashion_male_clothing,SP,1,1,62.02
2018-08-01,fashion_shoes,AC,1,1,289.39
2018-08-01,fashion_shoes,MG,1,1,245.05
2018-08-01,fashion_shoes,SP,1,1,42.77
2018-08-01,fashion_sport,SP,1,1,83.05
2018-08-01,fashion_underwear_beach,SP,1,1,173.78
2018-08-01,fixed_telephony,BA,1,1,39.05
2018-08-01,fixed_telephony,ES,1,1,844.98
2018-08-01,fixed_telephony,RS,1,1,188.66
2018-08-01,fixed_telephony,SP,7,7,1818.33
2018-08-01,food,AL,1,1,215.58
2018-08-01,food,BA,1,1,53.73
2018-08-01,food,DF,1,1,207.42
2018-08-01,food,ES,2,2,204.37
2018-08-01,food,GO,1,1,101.70
2018-08-01,food,MG,4,4,239.84
2018-08-01,food,MS,2,2,265.25
2018-08-01,food,MT,2,2,261.90
2018-08-01,food,PR,5,5,742.38
2018-08-01,food,RJ,9,9,735.71
2018-08-01,food,RS,3,3,301.41
2018-08-01,food,SC,2,2,197.14
2018-08-01,food,SP,69,82,6044.70
2018-08-01,food_drink,MG,2,2,162.74
2018-08-01,food_drink,RJ,3,4,188.52
2018-08-01,food_drink,SP,11,15,989.13
2018-08-01,furniture_bedroom,RJ,2,2,469.50
2018-08-01,furniture_bedroom,SP,8,10,2350.38
2018-08-01,furniture_decor,BA,5,5,1141.12
2018-08-01,furniture_decor,CE,2,3,437.29
2018-08-01,furniture_decor,DF,6,8,903.90
2018-08-01,furniture_decor,ES,7,7,1244.09
2018-08-01,furniture_decor,GO,4,4,488.79
2018-08-01,furniture_decor,MA,1,1,127.26
2018-08-01,furniture_decor,MG,40,43,5450.07
2018-08-01,furniture_decor,MS,1,3,221.70
2018-08-01,furniture_decor,MT,1,1,82.25
2018-08-01,furniture_decor,PA,4,5,1599.78
2018-08-01,furniture_decor,PB,3,4,1170.41
2018-08-01,furniture_decor,PE,4,4,708.15
2018-08-01,furniture_decor,PR,34,37,4843.29
2018-08-01,furniture_decor,RJ,37,47,5262.68
2018-08-01,furniture_decor,RN,4,4,500.01
2018-08-01,furniture_decor,RS,25,33,4503.68
2018-08-01,furniture_decor,SC,10,16,1531.88
2018-08-01,furniture_decor,SE,3,3,721.62
2018-08-01,furniture_decor,SP,149,200,19971.51
2018-08-01,furniture_decor,TO,1,2,813.57
2018-08-01,furniture_living_room,DF,1,1,201.09
2018-08-01,furniture_living_room,GO,1,1,94.14
2018-08-01,furniture_living_room,MG,5,5,1040.73
2018-08-01,furniture_living_room,PR,1,1,211.47
2018-08-01,furniture_living_room,RJ,10,10,1320.76
2018-08-01,furniture_living_room,RS,2,2,187.97
2018-08-01,furniture_living_room,SC,1,1,398.74
2018-08-01,furniture_living_room,SP,16,18,2952.37
2018-08-01,furniture_living_room,TO,1,1,283.02
2018-08-01,garden_tools,BA,2,3,399.78
2018-08-01,garden_tools,CE,1,1,246.30
2018-08-01,garden_tools,DF,4,4,991.54
2018-08-01,garden_tools,ES,6,6,1767.39
2018-08-01,garden_tools,GO,4,4,2499.61
2018-08-01,garden_tools,MA,2,2,430.92
2018-08-01,garden_tools,MG,16,22,2315.09
2018-08-01,garden_tools,MS,1,1,41.16
2018-08-01,garden_tools,MT,1,1,196.17
2018-08-01,garden_tools,PE,3,3,425.58
2018-08-01,garden_tools,PR,5,6,877.90
2018-08-01,garden_tools,RJ,14,14,1382.66
2018-08-01,garden_tools,RS,8,9,1218.88
2018-08-01,garden_tools,SC,5,5,485.27
2018-08-01,garden_tools,SP,48,55,6959.84
2018-08-01,health_beauty,AC,2,2,315.13
2018-08-01,health_beauty,AL,3,3,524.50
2018-08-01,health_beauty,BA,23,25,4513.98
2018-08-01,health_beauty,CE,7,7,1510.92
2018-08-01,health_beauty,DF,21,23,3646.74
2018-08-01,health_beauty,ES,9,10,1171.59
2018-08-01,health_beauty,GO,24,26,4204.15
2018-08-01,health_beauty,MA,5,5,395.14
2018-08-01,health_beauty,MG,85,90,13831.32
2018-08-01,health_beauty,MS,6,7,2321.84
2018-08-01,health_beauty,MT,5,5,1084.85
2018-08-01,health_beauty,PA,12,15,4287.85
2018-08-01,health_beauty,PB,4,4,952.56
2018-08-01,health_beauty,PE,21,21,4399.40
2018-08-01,health_beauty,PI,5,5,1697.47
2018-08-01,health_beauty,PR,37,39,6513.25
2018-08-01,health_beauty,RJ,68,77,14604.35
2018-08-01,health_beauty,RN,3,3,2279.65
2018-08-01,health_beauty,RO,2,2,1452.88
2018-08-01,health_beauty,RS,26,28,4286.05
2018-08-01,health_beauty,SC,24,26,5736.50
2018-08-01,health_beauty,SE,2,2,475.50
2018-08-01,health_beauty,SP,370,409,55387.86
2018-08-01,health_beauty,TO,1,1,51.03
2018-08-01,home_appliances,AM,1,1,159.89
2018-08-01,home_appliances,BA,3,3,195.89
2018-08-01,home_appliances,MA,1,1,151.42
2018-08-01,home_appliances,MG,9,9,534.01
2018-08-01,home_appliances,PB,1,1,2155.35
2018-08-01,home_appliances,PR,8,8,693.77
2018-08-01,home_appliances,RJ,6,6,559.73
2018-08-01,home_appliances,RO,1,1,224.32
2018-08-01,home_appliances,RS,2,2,268.68
2018-08-01,home_appliances,SC,2,2,409.87
2018-08-01,home_appliances,SP,28,29,2393.00
2018-08-01,home_appliances_2,MS,1,1,636.18
2018-08-01,home_appliances_2,RJ,2,2,692.11
2018-08-01,home_appliances_2,RS,2,2,3339.46
2018-08-01,home_appliances_2,SC,1,1,223.61
2018-08-01,home_appliances_2,SP,8,8,3357.16
2018-08-01,home_confort,GO,1,1,149.09
2018-08-01,home_confort,PR,1,1,101.25
2018-08-01,home_confort,RJ,3,3,342.58
2018-08-01,home_confort,RO,1,1,257.37
2018-08-01,home_confort,RS,3,3,468.53
2018-08-01,home_confort,SP,6,7,1253.06
2018-08-01,home_construction,AM,1,1,194.97
2018-08-01,home_construction,DF,1,1,54.04
2018-08-01,home_construction,GO,2,2,407.60
2018-08-01,home_construction,MG,6,6,852.36
2018-08-01,home_construction,MT,1,1,147.64
2018-08-01,home_construction,PE,2,3,648.77
2018-08-01,home_construction,RJ,5,6,500.49
2018-08-01,home_construction,RS,4,5,746.68
2018-08-01,home_construction,SC,4,4,569.65
2018-08-01,home_construction,SP,18,19,3414.81
2018-08-01,housewares,AM,1,1,84.67
2018-08-01,housewares,BA,10,10,1478.72
2018-08-01,housewares,CE,2,2,241.48
2018-08-01,housewares,DF,9,11,1703.75
2018-08-01,housewares,ES,2,2,552.48
2018-08-01,housewares,GO,7,8,1686.45
2018-08-01,housewares,MA,1,1,63.08
2018-08-01,housewares,MG,64,65,8260.36
2018-08-01,housewares,MT,5,11,846.26
2018-08-01,housewares,PA,3,3,415.85
2018-08-01,housewares,PB,1,1,156.15
2018-08-01,housewares,PE,2,2,226.93
2018-08-01,housewares,PR,27,30,3496.04
2018-08-01,housewares,RJ,73,79,10685.10
2018-08-01,housewares,RS,29,36,4077.40
2018-08-01,housewares,SC,19,20,4758.08
2018-08-01,housewares,SP,293,333,33760.08
2018-08-01,housewares,TO,1,1,66.93
2018-08-01,industry_commerce_and_business,PR,1,2,221.24
2018-08-01,industry_commerce_and_business,SC,1,1,128.86
2018-08-01,industry_commerce_and_business,SP,7,7,2393.95
2018-08-01,kitchen_dining_laundry_garden_furniture,MG,1,1,203.18
2018-08-01,kitchen_dining_laundry_garden_furniture,PR,2,3,598.11
2018-08-01,kitchen_dining_laundry_garden_furniture,RJ,5,5,1055.18
2018-08-01,kitchen_dining_laundry_garden_furniture,RS,1,1,75.10
2018-08-01,kitchen_dining_laundry_garden_furniture,SP,10,10,657.99
2018-08-01,luggage_accessories,DF,2,2,210.21
2018-08-01,luggage_accessories,ES,1,1,140.10
2018-08-01,luggage_accessories,MA,1,1,138.34
2018-08-01,luggage_accessories,MG,7,7,1026.52
2018-08-01,luggage_accessories,MS,1,1,218.21
2018-08-01,luggage_accessories,PI,1,1,214.58
2018-08-01,luggage_accessories,PR,2,2,112.39
2018-08-01,luggage_accessories,RJ,13,13,1868.12
2018-08-01,luggage_accessories,SC,3,3,417.82
2018-08-01,luggage_accessories,SP,31,33,3637.57
2018-08-01,market_place,RS,2,2,236.58
2018-08-01,market_place,SE,1,1,195.53
2018-08-01,market_place,SP,5,5,675.86
2018-08-01,music,MG,1,1,72.17
2018-08-01,music,PR,2,2,153.35
2018-08-01,music,SP,3,3,357.09
2018-08-01,musical_instruments,AL,1,1,420.29
2018-08-01,musical_instruments,BA,4,4,1350.34
2018-08-01,musical_instruments,GO,2,2,102.70
2018-08-01,musical_instruments,MG,2,2,191.16
2018-08-01,musical_instruments,MT,1,1,97.69
2018-08-01,musical_instruments,PE,1,1,320.21
2018-08-01,musical_instruments,PR,3,3,305.29
2018-08-01,musical_instruments,RJ,2,2,88.78
2018-08-01,musical_instruments,RS,2,4,260.45
2018-08-01,musical_instruments,SC,2,2,311.92
2018-08-01,musical_instruments,SP,19,19,8256.62
2018-08-01,office_furniture,BA,2,2,1062.30
2018-08-01,office_furniture,ES,1,2,288.86
2018-08-01,office_furniture,MG,2,3,1388.37
2018-08-01,office_furniture,PE,2,2,572.29
2018-08-01,office_furniture,PR,2,2,562.50
2018-08-01,office_furniture,RJ,1,1,121.90
2018-08-01,office_furniture,RS,1,1,383.37
2018-08-01,office_furniture,SP,13,17,4007.08
2018-08-01,party_supplies,DF,1,1,269.73
2018-08-01,party_supplies,ES,1,1,40.76
2018-08-01,party_supplies,MG,1,1,116.93
2018-08-01,party_supplies,PR,1,1,83.22
2018-08-01,party_supplies,RJ,1,1,116.93
2018-08-01,party_supplies,SC,2,2,334.16
2018-08-01,party_supplies,SP,7,7,628.69
2018-08-01,pc_gamer,RS,1,1,238.63
2018-08-01,perfumery,BA,6,6,1064.27
2018-08-01,perfumery,CE,1,1,134.58
2018-08-01,perfumery,DF,8,9,1338.62
2018-08-01,perfumery,ES,1,1,196.26
2018-08-01,perfumery,GO,3,3,554.17
2018-08-01,perfumery,MG,26,26,3651.40
2018-08-01,perfumery,MS,1,2,104.68
2018-08-01,perfumery,MT,1,1,62.11
2018-08-01,perfumery,PE,2,2,242.21
2018-08-01,perfumery,PI,1,1,117.81
2018-08-01,perfumery,PR,4,5,1213.18
2018-08-01,perfumery,RJ,28,32,3712.57
2018-08-01,perfumery,RS,9,10,1142.69
2018-08-01,perfumery,SC,3,4,814.66
2018-08-01,perfumery,SP,109,115,14053.76
2018-08-01,pet_shop,BA,4,5,688.02
2018-08-01,pet_shop,DF,3,3,512.57
2018-08-01,pet_shop,ES,4,4,357.59
2018-08-01,pet_shop,GO,1,1,139.02
2018-08-01,pet_shop,MG,29,32,8319.97
2018-08-01,pet_shop,PE,1,1,278.86
2018-08-01,pet_shop,PR,5,5,807.59
2018-08-01,pet_shop,RJ,23,29,3080.44
2018-08-01,pet_shop,RO,1,1,263.51
2018-08-01,pet_shop,RS,8,12,983.76
2018-08-01,pet_shop,SC,8,8,1619.03
2018-08-01,pet_shop,SP,79,97,11442.10
2018-08-01,portable_kitchen_food_preparers,MG,1,1,1139.17
2018-08-01,portable_kitchen_food_preparers,RJ,1,1,103.68
2018-08-01,portable_kitchen_food_preparers,SP,2,2,662.71
2018-08-01,signaling_and_security,DF,1,1,341.33
2018-08-01,signaling_and_security,ES,1,1,132.04
2018-08-01,signaling_and_security,MG,1,1,27.13
2018-08-01,signaling_and_security,RJ,2,2,166.22
2018-08-01,signaling_and_security,RS,3,4,464.14
2018-08-01,signaling_and_security,SP,8,13,1027.81
2018-08-01,small_appliances,BA,2,2,183.93
2018-08-01,small_appliances,DF,2,2,471.76
2018-08-01,small_appliances,GO,1,1,160.96
2018-08-01,small_appliances,MG,3,3,457.27
2018-08-01,small_appliances,PR,2,2,265.59
2018-08-01,small_appliances,RJ,1,1,54.33
2018-08-01,small_appliances,SE,1,1,1480.73
2018-08-01,small_appliances,SP,11,11,3766.52
2018-08-01,small_appliances_home_oven_and_coffee,MG,3,3,319.68
2018-08-01,small_appliances_home_oven_and_coffee,PR,2,2,232.65
2018-08-01,small_appliances_home_oven_and_coffee,RJ,1,1,116.79
2018-08-01,small_appliances_home_oven_and_coffee,RS,2,2,326.36
2018-08-01,small_appliances_home_oven_and_coffee,SC,1,1,116.79
2018-08-01,small_appliances_home_oven_and_coffee,SP,8,8,2278.86
2018-08-01,sports_leisure,AL,1,1,102.53
2018-08-01,sports_leisure,AM,1,1,72.97
2018-08-01,sports_leisure,BA,11,11,1154.29
2018-08-01,sports_leisure,CE,3,3,371.52
2018-08-01,sports_leisure,DF,14,14,1636.91
2018-08-01,sports_leisure,ES,6,6,906.29
2018-08-01,sports_leisure,GO,5,8,582.16
2018-08-01,sports_leisure,MG,38,39,8273.62
2018-08-01,sports_leisure,MS,1,1,163.78
2018-08-01,sports_leisure,MT,3,4,299.04
2018-08-01,sports_leisure,PA,5,5,1166.48
2018-08-01,sports_leisure,PB,2,2,300.79
2018-08-01,sports_leisure,PE,2,2,248.56
2018-08-01,sports_leisure,PI,3,3,320.97
2018-08-01,sports_leisure,PR,22,23,2773.01
2018-08-01,sports_leisure,RJ,49,54,6707.25
2018-08-01,sports_leisure,RN,2,2,1598.98
2018-08-01,sports_leisure,RS,17,19,2038.65
2018-08-01,sports_leisure,SC,21,26,3120.88
2018-08-01,sports_leisure,SE,2,2,315.54
2018-08-01,sports_leisure,SP,224,245,27516.23
2018-08-01,stationery,AL,1,1,48.79
2018-08-01,stationery,AP,1,1,134.99
2018-08-01,stationery,BA,6,6,434.35
2018-08-01,stationery,CE,3,4,768.00
2018-08-01,stationery,DF,3,4,400.23
2018-08-01,stationery,ES,1,1,77.11
2018-08-01,stationery,GO,4,4,322.51
2018-08-01,stationery,MG,17,17,2428.35
2018-08-01,stationery,MT,2,3,210.74
2018-08-01,stationery,PA,3,3,388.18
2018-08-01,stationery,PB,1,1,174.73
2018-08-01,stationery,PE,2,2,217.29
2018-08-01,stationery,PR,4,5,606.67
2018-08-01,stationery,RJ,11,11,1380.92
2018-08-01,stationery,RN,2,2,234.31
2018-08-01,stationery,RS,7,7,857.82
2018-08-01,stationery,SC,4,4,630.20
2018-08-01,stationery,SP,86,93,9533.93
2018-08-01,telephony,AL,1,1,187.38
2018-08-01,telephony,BA,14,14,1997.78
2018-08-01,telephony,CE,2,2,214.78
2018-08-01,telephony,DF,7,8,1039.87
2018-08-01,telephony,ES,7,7,1880.70
2018-08-01,telephony,GO,4,5,910.53
2018-08-01,telephony,MA,3,3,529.31
2018-08-01,telephony,MG,22,22,4803.74
2018-08-01,telephony,MS,3,3,139.90
2018-08-01,telephony,MT,1,1,52.13
2018-08-01,telephony,PA,2,2,174.32
2018-08-01,telephony,PB,2,2,328.35
2018-08-01,telephony,PE,6,6,1093.19
2018-08-01,telephony,PI,2,2,262.38
2018-08-01,telephony,PR,9,10,604.72
2018-08-01,telephony,RJ,30,31,6290.82
2018-08-01,telephony,RN,1,1,52.92
2018-08-01,telephony,RS,18,38,5688.11
2018-08-01,telephony,SC,6,6,807.27
2018-08-01,telephony,SE,3,3,560.39
2018-08-01,telephony,SP,96,103,13507.45
2018-08-01,telephony,TO,1,1,301.46
2018-08-01,toys,BA,1,1,72.27
2018-08-01,toys,CE,2,2,263.16
2018-08-01,toys,DF,5,5,593.58
2018-08-01,toys,ES,3,3,158.06
2018-08-01,toys,MG,14,15,1812.80
2018-08-01,toys,MS,1,1,224.54
2018-08-01,toys,MT,1,1,128.78
2018-08-01,toys,PA,1,1,414.46
2018-08-01,toys,PB,2,2,227.22
2018-08-01,toys,PE,1,1,122.08
2018-08-01,toys,PR,10,11,1480.15
2018-08-01,toys,RJ,18,19,2704.39
2018-08-01,toys,RN,1,1,83.04
2018-08-01,toys,RS,8,8,1444.42
2018-08-01,toys,SC,4,6,1181.27
2018-08-01,toys,SP,78,87,9169.77
2018-08-01,toys,TO,1,1,111.56
2018-08-01,unknown,ES,1,1,35.11
2018-08-01,unknown,GO,1,1,41.18
2018-08-01,unknown,MG,6,6,681.82
2018-08-01,unknown,PI,1,1,80.92
2018-08-01,unknown,PR,1,1,133.93
2018-08-01,unknown,RJ,3,3,449.81
2018-08-01,unknown,RS,2,2,144.77
2018-08-01,unknown,SC,1,1,147.28
2018-08-01,unknown,SP,13,15,976.02
2018-08-01,watches_gifts,AL,1,1,154.34
2018-08-01,watches_gifts,BA,12,12,2069.99
2018-08-01,watches_gifts,CE,10,11,2876.12
2018-08-01,watches_gifts,DF,6,6,1323.91
2018-08-01,watches_gifts,ES,11,13,2858.95
2018-08-01,watches_gifts,GO,11,11,3734.03
2018-08-01,watches_gifts,MA,2,2,766.15
2018-08-01,watches_gifts,MG,41,41,8251.10
2018-08-01,watches_gifts,MS,2,2,279.84
2018-08-01,watches_gifts,MT,4,5,1104.49
2018-08-01,watches_gifts,PA,4,4,777.19
2018-08-01,watches_gifts,PB,3,3,1345.31
2018-08-01,watches_gifts,PE,15,18,2067.71
2018-08-01,watches_gifts,PI,3,3,416.13
2018-08-01,watches_gifts,PR,24,25,4621.54
2018-08-01,watches_gifts,RJ,39,43,8602.94
2018-08-01,watches_gifts,RN,3,3,713.25
2018-08-01,watches_gifts,RS,14,15,3409.90
2018-08-01,watches_gifts,SC,10,10,2443.41
2018-08-01,watches_gifts,SE,2,2,510.08
2018-08-01,watches_gifts,SP,168,179,28190.49
2018-08-01,watches_gifts,TO,2,2,293.97
