order_date,review_score,theme,sentiment,english_summary,is_late,customer_state
2017-01-07,1,wrong_or_missing_item,negative,Product not delivered properly; I bought two and only one arrived.,f,PR
2017-01-08,1,late_delivery,negative,"I think if I pay for shipping, I should receive the product at my home.",,RJ
2017-01-08,3,positive,positive,Product arrived in perfect condition and ahead of schedule.,f,RJ
2017-01-11,1,seller_or_service,negative,Just want the store to solve this problem for me.,,SC
2017-01-12,1,wrong_or_missing_item,negative,"The store issued the invoice for 2 products, but there was only 1 item in the package.",f,SP
2017-01-18,1,poor_quality,negative,"Bought an original Samsung product, but received a fake one with poor quality and Chinese audio.",f,RJ
2017-01-19,1,wrong_or_missing_item,negative,The screen protector is too small for the phone model specified.,f,DF
2017-01-19,3,damaged_or_defective,negative,Product is leaking.,f,SP
2017-01-21,2,wrong_or_missing_item,negative,I ordered a 100% cotton bedspread and received 100% polyester.,f,AC
2017-01-21,2,wrong_or_missing_item,negative,I ordered a 100% cotton bedspread and got 100% polyester.,f,AC
2017-01-22,4,positive,positive,Thank you.,f,MG
2017-01-23,5,positive,positive,"Fast delivery, congratulations!",f,SP
2017-01-24,1,seller_or_service,neutral,"My order was cancelled and refunded, so I cannot properly evaluate the store.",,ES
2017-01-25,2,poor_quality,neutral,"Based on the description, I thought the piece would be bigger.",f,RS
2017-01-25,1,wrong_or_missing_item,negative,Received the wrong product and urgently request an exchange for a birthday gift.,f,MG
2017-01-25,5,positive,positive,Team deserves congratulations!,f,BA
2017-01-25,1,late_delivery,negative,"Unfortunately the stores did not deliver my order, informing me over 40 days later of a problem.",,SC
2017-01-25,5,positive,positive,Excellent.,f,GO
2017-01-26,1,not_received,negative,The product was not delivered. Awaiting urgent action.,,SP
2017-01-27,5,positive,positive,Thank you very much... you were punctual and very responsible.,f,CE
2017-01-28,3,wrong_or_missing_item,negative,I bought a BiVolt product (110 and 220v) and they delivered a 110v one. How about that?,f,RJ
2017-01-28,3,poor_quality,negative,"Good material, but elastic straps break, velcro comes loose, and installation damages seats.",f,RS
2017-01-29,2,positive,positive,Product delivered normally.,f,PR
2017-01-30,1,seller_or_service,negative,Order was cancelled after purchase and payment due to lack of stock.,,MG
2017-01-30,1,not_received,negative,I still have not received my welding machine.,,MG
2017-01-30,1,seller_or_service,negative,Returned defective product but received no notification or refund from the company.,f,RJ
2017-01-31,1,not_received,negative,I bought two white stools to be delivered by March 13th and have not received them yet.,,RS
2017-01-31,1,late_delivery,negative,I made a purchase in January and still haven't received it. No explanation for the delay.,,SP
2017-01-31,1,damaged_or_defective,negative,Received the remote control holder with damaged MDF.,f,RS
2017-01-31,3,other,negative,Very expensive shipping.,f,SC
2017-01-31,1,damaged_or_defective,negative,Received the remote control holder with damaged MDF.,f,RS
2017-01-31,2,damaged_or_defective,negative,"Chair delivered partially assembled, poorly packaged, missing parts, and broken.",f,MG
2017-02-01,5,positive,positive,Received the product and a wonderful gift! This is amazing customer service.,f,RJ
2017-02-01,3,poor_quality,neutral,"The paper was supposed to be compatible with ID and passport documents, hence the dissatisfaction.",f,PA
2017-02-04,1,damaged_or_defective,negative,They sent a similar product that does not even work.,f,SP
2017-02-04,1,not_received,negative,I still haven't received the belt.,,SP
2017-02-06,2,poor_quality,negative,"Thought it was one big plate, but it's 3 small pieces. Didn't like it.",f,PR
2017-02-06,3,positive,positive,I always like buying here. It is fast and the product is delivered correctly. Congratulations.,f,PA
2017-02-06,4,positive,positive,I am satisfied.,f,DF
2017-02-06,3,seller_or_service,neutral,Delivery was left at the front desk instead of my apartment during business hours.,f,SP
2017-02-07,3,poor_quality,negative,"Received product without specifications, not knowing the wattage limit. Dubious advertising.",f,SP
2017-02-07,2,late_delivery,negative,"Bought two items, one arrived immediately but the other took too long.",f,MG
2017-02-07,3,positive,positive,Met all requirements and arrived ahead of schedule.,f,MG
2017-02-07,1,seller_or_service,negative,Store has the product but refuses to send it; partner claimed it was out of stock two months later.,,SP
2017-02-07,5,positive,positive,Arrived well before the deadline. The product is well compatible with the price.,f,MG
2017-02-08,1,late_delivery,negative,Product did not arrive within the informed deadline.,,RJ
2017-02-09,3,late_delivery,neutral,"The post office said the order was returned on the 2nd, but the website said the 3rd, missing the deadline.",f,SP
2017-02-09,2,seller_or_service,negative,I always have to pick up orders at the post office because they do not attempt delivery.,f,RJ
2017-02-09,1,damaged_or_defective,negative,"Product arrived without the original box, scratched, and without the invoice.",f,PR
2017-02-09,3,seller_or_service,negative,"Return item delivered to wrong address, making the refund process slow.",f,MG
2017-02-09,5,positive,positive,"Bought two units. They came in separate shipments, but arrived without issues.",f,RJ
2017-02-10,5,positive,positive,Great.,f,MG
2017-02-10,3,positive,positive,I liked it.,f,SP
2017-02-10,3,wrong_or_missing_item,neutral,Delivered on time but incorrect. Contacted them and they will arrange an exchange.,f,SP
2017-02-11,5,positive,positive,"Product arrived as agreed, all good, I recommend.",f,SP
2017-02-11,1,damaged_or_defective,negative,Product arrived full of damages and parts do not fit properly. Poor quality.,f,MG
2017-02-11,2,late_delivery,negative,Delivery is taking too long.,t,SP
2017-02-12,1,not_received,negative,"Product not received; tracking says pickup at post office, but nothing is there.",t,ES
2017-02-13,1,wrong_or_missing_item,negative,"I bought 3 games, but only 1 was sent.",f,RJ
2017-02-14,5,positive,positive,Great product and quality. Arrived within the stipulated deadline.,f,BA
2017-02-14,1,late_delivery,negative,"Order is delayed, invoice has not been received, and customer is frustrated.",,SC
2017-02-14,1,not_received,negative,"Did not receive the product, they claimed problems and it is confusing.",,MG
2017-02-14,1,late_delivery,negative,"Lack of respect, 5 days past a 20-day delivery window with no support.",,SP
2017-02-14,3,positive,positive,Excellent store.,f,BA
2017-02-14,1,late_delivery,negative,The site promised delivery by 03/13 and it still has not arrived.,t,PR
2017-02-18,3,poor_quality,neutral,The screen protector turned out much smaller than the phone screen.,f,SP
2017-02-19,3,damaged_or_defective,negative,My product arrived with a broken back lid.,f,RN
2017-02-21,1,wrong_or_missing_item,negative,Received only part of the order and am waiting for the rest.,f,SP
2017-02-22,5,positive,positive,"Fast delivery, great product.",f,SP
2017-02-23,1,poor_quality,negative,The protector is just plastic. I did not like it.,f,SP
2017-02-24,5,positive,positive,The product arrived correctly and ahead of schedule.,f,BA
2017-02-24,2,wrong_or_missing_item,negative,"Delivery was delayed, and I only received one piece of the product even though I bought two.",f,SP
2017-02-24,3,positive,neutral,"Received ahead of schedule, but haven't tested it yet.",f,RJ
2017-02-24,1,late_delivery,negative,Delivery has been very delayed and this is not the first time.,f,CE
2017-02-24,3,poor_quality,negative,"Product did not satisfy me, sent wrong bedspread with very bad fabric.",f,SP
2017-02-25,1,poor_quality,negative,"Description says 3 units, but the table napkin is super small and a plate doesn't fit.",f,MG
2017-02-26,1,not_received,negative,"Requested cancellation with no response, and the site incorrectly marks it as delivered.",,SP
2017-02-26,1,seller_or_service,negative,"Purchase made, debit authorized, order cancelled without explanation. Extreme lack of respect.",,PR
2017-02-26,1,late_delivery,negative,Store did not deliver the product one month after purchase.,,SP
2017-02-26,5,positive,positive,"I liked it, it even has its own box for the screen protector.",f,SP
2017-02-27,2,not_received,negative,"It says the product was delivered, but nothing arrived.",f,SP
2017-02-27,1,positive,positive,"Great store, product delivered on time, very good product.",f,MG
2017-03-01,1,late_delivery,negative,It took too long and I cancelled the delivery.,,PE
2017-03-02,3,damaged_or_defective,neutral,"The product came with a small defect, but I have no time to exchange it.",f,TO
2017-03-02,1,not_received,negative,Bought CD holders twice this month and received none.,,SP
2017-03-03,1,wrong_or_missing_item,negative,I bought 3 games and only 2 arrived. Did I lose my money? I paid and want my product.,f,SP
2017-03-04,1,positive,positive,"Very good, I liked it.",f,ES
2017-03-06,1,seller_or_service,negative,"Order cancelled due to company negligence, never got a reply, then listed as out of stock.",,SP
2017-03-06,5,positive,positive,"Loved the store and product, they sent a handwritten note and gifts.",f,MG
2017-03-06,1,seller_or_service,negative,"Bought with credit card, but days later the store cancelled the product and refunded payment.",,CE
2017-03-07,1,poor_quality,negative,Fabric is pure polyester instead of 180 thread count percale as advertised. False advertising!,t,PA
2017-03-07,1,late_delivery,negative,"Delivery exceeded the expected time, tracking showed an issue during transit, but no explanation was given.",t,PA
2017-03-08,3,wrong_or_missing_item,negative,Arrived with the handle missing.,f,MG
2017-03-08,5,positive,positive,"Excellent seller, highly recommended, product fulfills its promise, loved it.",f,MG
2017-03-09,5,positive,positive,"Product delivered on time, I would recommend it.",f,MG
2017-03-09,1,poor_quality,negative,The rug tore when removing the label; poor quality despite looking nice.,f,SP
2017-03-10,1,wrong_or_missing_item,negative,I bought 2 King blankets and received Queen size.,f,SP
2017-03-10,5,positive,positive,Excellent.,f,MG
2017-03-11,4,positive,positive,Nothing more to add.,f,SP
2017-03-13,3,damaged_or_defective,neutral,"I bought several products, some great, but some with problems.",f,RS
2017-03-13,4,positive,positive,Good price.,f,SP
2017-03-13,1,not_received,negative,Did not receive my product.,,ES
2017-03-14,1,late_delivery,negative,Takes too long to deliver and there is no communication with the customer. Terrible store.,f,RJ
2017-03-14,1,late_delivery,negative,Made me wait a long time only to later warn that delivery was no longer possible.,,PE
2017-03-14,1,wrong_or_missing_item,negative,"Bought 4 scales, received only 3 units.",f,RS
2017-03-14,3,positive,positive,I liked the product and delivery was well ahead of schedule.,f,CE
2017-03-15,1,not_received,negative,They did not deliver the product.,,PE
2017-03-15,1,late_delivery,neutral,"Product arrived correctly, but with an excessive delay. Thanks!",f,MG
2017-03-16,1,wrong_or_missing_item,negative,"Bought 7 items, received only one, and the order shows as completed. Waiting for a solution.",f,RJ
2017-03-16,3,damaged_or_defective,negative,The backrest mesh arrived punctured. The chair feels fragile and leans sideways when seated.,f,SP
2017-03-16,5,positive,positive,"Excellent quality product, arrived ahead of schedule, congratulations on efficiency.",f,ES
2017-03-16,2,late_delivery,negative,Took 168 hours instead of 24 hours to deliver a light package.,f,SP
2017-03-17,3,wrong_or_missing_item,neutral,"Received the wrong product. Fortunately, the company is in my city and fixed it quickly.",f,RS
2017-03-17,1,poor_quality,negative,The fabric is thick like organza instead of satin and finishing is poor.,f,SP
2017-03-17,2,poor_quality,negative,"Product does not match claims, advertised power is false.",f,BA
2017-03-18,3,poor_quality,neutral,"The item itself is good, but the support to place it does not inspire much confidence.",f,MG
2017-03-20,5,positive,positive,Fast delivery and good customer support.,f,BA
2017-03-20,1,damaged_or_defective,negative,Battery swelled and back cover popped off during first charge.,f,RS
2017-03-20,3,positive,positive,The product matches the description.,f,MG
2017-03-20,5,positive,positive,"Delivered on time, excellent supplier.",f,SP
2017-03-21,1,not_received,negative,"Product was not delivered, but tracking says it was. Waiting for a response.",f,MT
2017-03-21,1,poor_quality,negative,Product advertised with threaded bottom arrived with screwed bottom. Disliked it.,f,RJ
2017-03-21,1,poor_quality,negative,"Super fragile product, tore when putting it on the mattress. Requesting refund.",f,SP
2017-03-22,3,wrong_or_missing_item,neutral,"Received the wrong color and brand, but decided to keep it anyway.",f,SC
2017-03-23,1,wrong_or_missing_item,negative,Received only 1 basin out of 4 purchased. Still missing 3.,f,MG
2017-03-23,1,wrong_or_missing_item,negative,Bought one product from the ad and they sent a completely different one.,f,RJ
2017-03-24,2,wrong_or_missing_item,negative,I bought the black product and it arrived in red.,f,SP
2017-03-24,1,poor_quality,negative,"Did not like it, the photo has nothing to do with the actual merchandise.",f,GO
2017-03-24,1,late_delivery,negative,Product arrived at the destination city but is delayed and not delivered.,t,RJ
2017-03-24,5,positive,positive,Very good.,f,RJ
2017-03-24,1,not_received,negative,"Store shipped via post office, returned to sender, and I was left without it.",,RJ
2017-03-25,4,positive,positive,Great delivery method. Received earlier than expected and was very surprised!,f,PI
2017-03-25,3,positive,positive,The product arrived faster than before and everything is fine so far.,f,PA
2017-03-25,1,not_received,negative,Have not received the product yet and store has not contacted me.,,MG
2017-03-27,5,positive,positive,"Very good, delivered ahead of schedule.",f,SP
2017-03-28,2,poor_quality,neutral,I thought the blackout curtain would come with fabric on top.,f,DF
2017-03-28,1,not_received,negative,Did not send my order.,,MG
2017-03-28,3,wrong_or_missing_item,neutral,Product returned upon delivery as it did not match my needs.,,SP
2017-03-28,1,not_received,negative,I did not receive the product and was very disappointed.,,SP
2017-03-29,1,seller_or_service,negative,"Received wrong product, complained and staff laughed at me on the phone. Terrible service.",f,SP
2017-03-29,5,wrong_or_missing_item,neutral,"Chairs arrived on different days, might be a shipping error.",f,SP
2017-03-29,1,seller_or_service,negative,Order came incomplete and customer service is unresponsive.,f,SP
2017-03-30,1,not_received,negative,No update on delivery except an email saying there was a delivery issue.,t,AL
2017-03-30,5,positive,positive,The product arrived before the expected deadline.,f,RJ
2017-03-31,1,late_delivery,negative,I need an estimated delivery time.,t,SC
2017-03-31,2,poor_quality,negative,Found the product inferior to expected; the 180 thread count sheets are very hard and rough.,f,RJ
2017-04-01,1,wrong_or_missing_item,negative,Bought two but only one was delivered; waiting for a solution.,f,RJ
2017-04-02,3,seller_or_service,neutral,"Product arrived on time, but the electronic invoice was issued incorrectly.",f,SP
2017-04-02,5,positive,positive,Great.,f,SP
2017-04-03,3,wrong_or_missing_item,neutral,First order arrived missing an item which came a week later. Expensive shipping.,f,SP
2017-04-03,1,late_delivery,negative,"The store shipped the product, but it is late and still has not arrived.",t,SC
2017-04-03,1,wrong_or_missing_item,negative,"Bought 2 single bedspreads and only received 1, still missing the other.",f,ES
2017-04-03,1,seller_or_service,negative,"I requested cancellation, but they keep asking if I received the item. I did not.",,MG
2017-04-04,1,damaged_or_defective,negative,"All products arrived wrong, wrong color, broken furniture, and zero post-sale support.",f,RS
2017-04-05,3,positive,positive,Everything is perfect.,f,RJ
2017-04-05,1,not_received,negative,"Did not receive the product, had no response, and want a refund.",,MG
2017-04-06,1,late_delivery,negative,Still haven't received the product and it is already late.,f,CE
2017-04-06,1,wrong_or_missing_item,negative,My recent shopping experiences have been terrible. The polaroid key holder was missing from the partner delivery.,f,RS
2017-04-06,5,positive,positive,Received everything correctly!,f,MG
2017-04-06,1,poor_quality,negative,Different packaging than seen and suspicious fragrance.,f,SP
2017-04-06,1,late_delivery,negative,"Product hasn't arrived yet, stuck at post office since May 1st, urgently needed.",t,RJ
2017-04-07,1,wrong_or_missing_item,negative,"Ordered two scapulars, but only one arrived. Unsure about refund or missing item.",f,SP
2017-04-08,1,not_received,negative,"I didn't receive it, it was charged to my credit card, I want to know how this will be resolved.",,MA
2017-04-08,2,wrong_or_missing_item,negative,"Bought two vases, but only received one.",f,AL
2017-04-08,1,seller_or_service,negative,"I want my money back, I am unable to cancel.",,MG
2017-04-08,1,not_received,negative,"Out of all my orders, this is the first one I did not receive!",f,PR
2017-04-09,1,wrong_or_missing_item,negative,It came completely different from what was ordered.,f,PB
2017-04-09,1,not_received,negative,Product was not delivered.,,RO
2017-04-10,2,not_received,neutral,"Still have not received the product, waiting.",t,AL
2017-04-10,1,not_received,negative,The product did not arrive.,,SC
2017-04-11,1,wrong_or_missing_item,negative,"Wrong product delivered, exchange voucher was rejected, very frustrating process.",f,MG
2017-04-13,1,not_received,negative,"Bought, shipped but never arrived. You prefer selling and do not pay attention.",t,RJ
2017-04-14,1,wrong_or_missing_item,negative,"Product was delivered missing one item, only one clamp arrived instead of two.",f,SP
2017-04-14,1,not_received,negative,First time I am not delivered a product. Just want my money back now.,f,SP
2017-04-14,1,seller_or_service,negative,The store is disorganized and lacks order history. I will not buy here again.,,MG
2017-04-14,1,not_received,negative,"It was not delivered, first time this happens.",t,MT
2017-04-15,2,seller_or_service,negative,"They do not reply to emails, had delivery issues and gave no satisfaction or importance.",t,AL
2017-04-15,1,poor_quality,negative,"Did not like the bedspread, very weak material and poorly made.",f,MG
2017-04-17,2,wrong_or_missing_item,negative,"Kitchen kit missing the condiment set, lids scratched, and stickers used for details.",f,MG
2017-04-17,5,positive,positive,My product is only not in my hands due to my own mistake.,,CE
2017-04-17,1,seller_or_service,neutral,"Cancelled over 25 days ago, but finally got help from a competent employee.",,SP
2017-04-17,5,seller_or_service,negative,Frustrated that my fryer broke and the post office is on strike; store should collect it.,f,SP
2017-04-18,1,poor_quality,negative,"Received it, but didn't like the product, very poor quality. Want to return.",f,RS
2017-04-18,1,poor_quality,negative,Poorly made painting frame that does not touch the wall due to uneven wood.,f,RS
2017-04-18,2,wrong_or_missing_item,negative,Machine came missing pocket hoops and store does not reply to emails.,f,DF
2017-04-19,1,not_received,negative,It went to the post office.,,SP
2017-04-19,1,not_received,negative,Because it was not delivered.,t,SP
2017-04-19,5,positive,positive,Very satisfied.,f,PE
2017-04-19,1,seller_or_service,negative,"Very disorganized service, direct purchase arrived fast but this partner is terrible.",f,MG
2017-04-20,3,seller_or_service,neutral,Order cancelled before dispatch. Will exchange for another product.,,SC
2017-04-20,1,not_received,negative,They shouldn't say they had the product in stock.,,SP
2017-04-22,1,not_received,neutral,I cannot answer yet because the product has not arrived.,f,SP
2017-04-22,1,late_delivery,negative,It has still not been delivered by the due date.,t,GO
2017-04-22,3,wrong_or_missing_item,neutral,"One product arrived correctly, but my other product has not arrived yet.",f,PR
2017-04-22,1,wrong_or_missing_item,negative,Bought a toy truck for my son and received a toothbrush. Want this resolved.,f,MG
2017-04-22,1,late_delivery,negative,"Not delivered on time, over 30 days for a tiny scissors. Had to buy another.",f,AL
2017-04-23,1,late_delivery,negative,"Still missing a product, bought all on the same day and they keep arriving one by one.",f,BA
2017-04-23,5,positive,positive,Room 25 is extremely fun!,f,SP
2017-04-23,1,not_received,negative,"I couldn't get any update regarding the refund, and the product did not arrive.",,SP
2017-04-23,1,poor_quality,neutral,"The sterilizer is great, but only fits same-brand bottles, which was not explained.",f,SP
2017-04-24,3,poor_quality,neutral,Product came without a box. Will test to check if it is original.,f,SP
2017-04-24,5,positive,positive,Super fast delivery and well packaged product.,f,PR
2017-04-24,4,late_delivery,positive,"Delayed due to postal strike, otherwise delivery is quite fast!",f,RJ
2017-04-24,3,other,neutral,I was not informed that the product would arrive disassembled.,f,MG
2017-04-24,5,positive,positive,It was at the post office and I missed the email. Got it now.,f,RJ
2017-04-25,1,late_delivery,negative,Excessive time to deliver a small item. Ordered 25/04 and still not received.,t,RJ
2017-04-25,1,wrong_or_missing_item,negative,I received a different product than the one I ordered.,t,SC
2017-04-25,5,late_delivery,positive,"It took a bit due to the postal strike, but I would still recommend this store.",f,SP
2017-04-25,4,positive,positive,Great seller.,f,SP
2017-04-26,3,poor_quality,negative,"Did not like the product, it does not clean the chain as stated in the ad.",f,SP
2017-04-26,2,seller_or_service,neutral,The order was canceled according to your email on May 8th.,,SP
2017-04-27,2,not_received,negative,Still have not received it and do not know why.,f,SP
2017-04-27,3,wrong_or_missing_item,negative,Sent wrong antenna brand and the screw stripped when tightening.,f,SP
2017-04-28,1,seller_or_service,negative,Waiting over a month for delivery and told it is out of stock. Unacceptable.,,RJ
2017-04-28,2,late_delivery,neutral,"Delivery on time, but carriers did not know where the product was.",t,GO
2017-04-29,2,poor_quality,negative,Frustrated with my latest purchase as the product color was very different from the pictures.,f,BA
2017-04-29,1,late_delivery,negative,"I made the purchase on 04/29/17 and until today, 05/31/17, I have not received the product.",,MG
2017-04-30,2,wrong_or_missing_item,negative,I had to buy a cable because it came with an incomplete adapter for use.,f,RJ
2017-04-30,1,damaged_or_defective,negative,"Bought three USB cables and two came defective, not recognized by Windows.",f,AL
2017-05-01,5,positive,positive,Delivery ahead of schedule. Product meets expectations.,f,SP
2017-05-01,1,seller_or_service,negative,The screen protector came without glue. I reported it and they never contacted me back.,f,ES
2017-05-01,3,wrong_or_missing_item,neutral,"I ordered a lime-lemon air conditioner cleaner, but they sent lavender instead.",f,SP
2017-05-01,1,wrong_or_missing_item,negative,"Chair arrived missing parts, seat screws, and side tube caps.",t,RJ
2017-05-01,1,poor_quality,negative,"Rug size did not match advertisement, though quality is good.",f,SC
2017-05-02,1,not_received,negative,My merchandise has not arrived yet.,f,ES
2017-05-02,1,not_received,negative,I want to receive the product I bought.,f,MG
2017-05-03,5,positive,positive,"Very good product, mother loved it, everything on time.",f,RJ
2017-05-03,1,not_received,negative,"Did not receive the product, horrible customer service!",t,SP
2017-05-04,1,not_received,negative,Did not receive my product and emails are ignored.,,BA
2017-05-04,5,positive,positive,Very good store.,f,MG
2017-05-04,1,not_received,negative,"One of the purchased products was not delivered, but the website states it was delivered two days ago.",f,SP
2017-05-05,4,positive,positive,As advertised.,f,SP
2017-05-05,1,seller_or_service,negative,I already asked for a return but have had no response yet.,,GO
2017-05-05,1,poor_quality,negative,"Product very different from advertisement. Poor stitching, crooked stuffing, and one came in the wrong color.",f,SP
2017-05-05,1,late_delivery,negative,Product delivered past the expected deadline and with different dimensions than described.,f,SP
2017-05-06,5,positive,positive,"Received on time, sooner than expected, correct product.",f,SP
2017-05-06,3,positive,positive,"Very good, I recommend it.",f,SP
2017-05-06,1,wrong_or_missing_item,negative,I bought 4 washers and only received 1.,f,BA
2017-05-06,5,positive,positive,"Very good, I loved it and the person who received the gift loved it too!",f,MT
2017-05-06,2,wrong_or_missing_item,negative,Was expecting a motorcycle one and received a bicycle one.,f,SP
2017-05-07,3,positive,positive,"Product matches price, very nice, cheap, simple, good cost-benefit.",f,RS
2017-05-07,5,positive,positive,Excellent purchase.,f,CE
2017-05-07,1,damaged_or_defective,negative,"Product delivered broken, employee was intimidated to accept damaged box, and no response yet.",f,RJ
2017-05-07,5,positive,positive,"Very good, but I expected more.",f,ES
2017-05-07,2,wrong_or_missing_item,negative,"It didn't come polka-dotted as I asked, it came all red.",f,MG
2017-05-07,5,positive,positive,Received the correct product on time.,f,ES
2017-05-08,2,poor_quality,negative,The material is not of good quality.,f,SC
2017-05-08,1,not_received,negative,"Product did not arrive, no tracking code provided, and the deadline has passed.",,SP
2017-05-09,2,not_received,negative,I did not receive the product.,t,SP
2017-05-09,1,seller_or_service,negative,I request the cancellation.,f,ES
2017-05-09,1,seller_or_service,negative,"The store sells out-of-stock items, ruins gifts, and only allows cancellations after deadlines.",,SP
2017-05-09,1,seller_or_service,negative,Waiting for the refund of the amount.,,DF
2017-05-09,2,poor_quality,neutral,"Arrived early. Different from photo, simpler and different color, but pretty.",f,SP
2017-05-10,3,poor_quality,neutral,Did not like the quality of the product very much.,f,MT
2017-05-11,1,wrong_or_missing_item,negative,"Received only half the order, and no response from the store regarding complaints.",f,PE
2017-05-11,3,late_delivery,neutral,I believe the delay occurred due to the postal strike.,f,BA
2017-05-11,2,poor_quality,negative,"Ordered an original HP cartridge, but received a parallel replica instead.",f,PR
2017-05-11,1,damaged_or_defective,negative,The table top arrived all dented and banged up.,f,SP
2017-05-11,3,positive,positive,Product delivered on time and everything is fine.,f,SP
2017-05-11,5,positive,positive,"All good, well packaged, fast posting and delivery.",f,RS
2017-05-11,1,poor_quality,neutral,"Bags are pretty, but the stitching seems weak for daily use.",f,RJ
2017-05-12,2,poor_quality,negative,"Delivered on time, but towels are not fluffy as advertised and do not dry well.",f,SP
2017-05-12,1,damaged_or_defective,negative,"Boxes were deformed with broken lids, but I kept it to avoid exchange delays.",f,SP
2017-05-12,4,damaged_or_defective,neutral,"Product arrived earlier than expected but with scratches on the acrylic lid, asking how to proceed.",f,MG
2017-05-12,3,other,neutral,The invoice did not arrive.,f,SP
2017-05-12,3,positive,positive,Thank you.,f,ES
2017-05-13,3,late_delivery,neutral,The delivery time is too long.,f,BA
2017-05-13,2,poor_quality,negative,A little bit inferior to what I had imagined.,f,MT
2017-05-14,1,poor_quality,negative,"The product arrived with a broken seal, which is concerning since it's a gift.",f,SP
2017-05-14,5,positive,positive,"Delivered on time or even a few days early, undamaged product matching description.",f,GO
2017-05-14,1,not_received,negative,"I would like to know if I will receive it or not. If yes, what is the deadline?",t,SP
2017-05-14,1,wrong_or_missing_item,negative,Bought Falcon and received Ant-Man.,f,MG
2017-05-15,1,wrong_or_missing_item,negative,Will not buy again from partner stores because my product never comes right.,,MA
2017-05-15,1,poor_quality,negative,"Terrible quality, looks like cheap plastic, not blackout, flawed print. Do not recommend.",f,SP
2017-05-15,3,wrong_or_missing_item,neutral,"Bought two products, only one delivered so far and without invoice.",f,RS
2017-05-15,3,wrong_or_missing_item,negative,"The car cover I bought was smaller than expected, despite matching my car's make and model.",f,RN
2017-05-16,4,seller_or_service,negative,"Received wrong cartridge, requested exchange by email and got no response.",f,RJ
2017-05-16,1,damaged_or_defective,negative,The product came defective and does not turn on.,f,SP
2017-05-16,1,seller_or_service,neutral,Waiting for a response from the store.,f,RJ
2017-05-16,1,seller_or_service,negative,I received no information and requested a cancellation.,,SP
2017-05-16,1,seller_or_service,negative,"I bought knives as a promised gift for my wife, but I could not deliver them.",,PR
2017-05-17,5,positive,positive,"Good price, short delivery time, and product delivered correctly without apparent defects.",f,ES
2017-05-17,1,not_received,negative,Order was not delivered despite email confirmation stating otherwise. Want my order.,f,SP
2017-05-17,5,positive,positive,Excellent product quality and great delivery time.,f,RJ
2017-05-17,4,positive,positive,Thank you for the attention.,f,MG
2017-05-17,3,damaged_or_defective,negative,"I received a refurbished product instead of a new one. It shorted out when installed, so I had to buy another.",f,BA
2017-05-17,5,positive,positive,Very good customer service and delivery time.,f,MA
2017-05-18,1,poor_quality,negative,"Terrible packaging, had to glue it all together, won't recommend the store to anyone.",f,MG
2017-05-18,3,poor_quality,negative,Screen protector of very poor quality.,f,SP
2017-05-18,1,damaged_or_defective,negative,"I received the product, but it arrived with a broken screen.",f,SP
2017-05-19,1,wrong_or_missing_item,negative,"Incomplete order, missing a towel set. Urgent solution requested.",f,MG
2017-05-19,5,positive,positive,"Excellent professionals with the best customer service, thanks for the attention.",f,MG
2017-05-19,3,damaged_or_defective,neutral,"One of the buckets came with a broken screw, can you replace it urgently?",f,SP
2017-05-19,1,wrong_or_missing_item,negative,"They sent me only one creatine, whereas I bought two.",f,SP
2017-05-19,4,positive,positive,I received it correctly.,f,SP
2017-05-19,1,not_received,negative,Product was not delivered.,,BA
2017-05-20,1,wrong_or_missing_item,negative,"Ordered 3 suitcases, received only 2. Tried contacting by email and phone without response.",f,SP
2017-05-21,5,positive,positive,Super fast delivery.,f,RJ
2017-05-21,3,late_delivery,neutral,"Delivered on time, but still waiting for another order not yet received.",f,MG
2017-05-21,1,not_received,negative,Product has not arrived yet.,t,BA
2017-05-21,1,seller_or_service,negative,Two issues in one month. I want my money back and will not buy again.,,SP
2017-05-22,1,poor_quality,negative,Poor finishing and wrong print.,f,MG
2017-05-22,3,late_delivery,neutral,"Have not received my product yet, as it is still at the post office.",t,SP
2017-05-23,1,poor_quality,negative,Brushes did not meet my expectations.,f,MG
2017-05-23,1,late_delivery,negative,It is taking too long to arrive.,f,SP
2017-05-24,3,poor_quality,neutral,"I really liked it, I just thought the material would be more resistant.",f,SP
2017-05-24,2,late_delivery,neutral,"Great product, but the delivery left a lot to be desired.",f,RO
2017-05-24,3,damaged_or_defective,negative,"Extremely cheap product, but the quality is low and the screen protector came damaged.",f,RS
2017-05-25,1,not_received,negative,I did not like it. My product was not delivered.,,SP
2017-05-25,3,poor_quality,neutral,There is no button to adjust the volume.,f,SP
2017-05-26,1,poor_quality,negative,"Arrived on time, but the stitching on the dogs' belly was poor quality.",f,ES
2017-05-27,1,seller_or_service,negative,Terrible.,,PE
2017-05-28,5,positive,positive,"Very good product, met my needs well.",f,SC
2017-05-29,5,positive,positive,"Very good, I recommend.",f,SP
2017-05-29,3,poor_quality,neutral,"Delivered on time, but towels are not as soft and fluffy as pictured.",f,SP
2017-05-29,5,positive,positive,I recommend. I was satisfied.,f,SP
2017-05-29,1,wrong_or_missing_item,negative,"Besides the delay, the box was violated and items were missing.",,SP
2017-05-29,3,wrong_or_missing_item,neutral,I ordered two blue Bibles but received black ones. I want to exchange at least one.,f,SC
2017-05-29,1,not_received,negative,Still awaiting order delivery. Urgent solution needed.,,SP
2017-05-30,1,seller_or_service,negative,Lack of consideration for the customer.,t,BA
2017-05-31,1,wrong_or_missing_item,negative,"Bought two washable dog rugs, received only one and in the wrong color.",f,RJ
2017-05-31,1,damaged_or_defective,negative,"Careless packaging, fragile product sent without any protection.",f,PR
2017-05-31,1,seller_or_service,negative,Awful service. Seller won't contact back. I want my money back or I'll go to consumer protection.,,GO
2017-05-31,1,wrong_or_missing_item,negative,Bought one product and received another.,f,PR
2017-06-01,1,late_delivery,negative,"Outraged by the neglect, bought on June 1 and still no product or explanation.",f,BA
2017-06-01,4,positive,positive,"Fast shipping, arrived in perfect condition with a nice freebie.",f,CE
2017-06-01,1,seller_or_service,negative,It was not delivered to my home; I had to pick it up at the post office.,f,MG
2017-06-01,1,wrong_or_missing_item,negative,I bought two supports and received only 1.,f,SP
2017-06-01,1,late_delivery,negative,"Still not received, taking way too long, wondering if it will arrive.",f,RJ
2017-06-02,1,not_received,negative,I did not receive my order!,t,MG
2017-06-03,5,positive,positive,I recommend to everyone.,f,MG
2017-06-03,1,wrong_or_missing_item,negative,"Received only one pair of sandals instead of two, and another order had wrong sizes.",f,PB
2017-06-03,5,positive,positive,"Product delivered on time, nothing to complain about.",f,RS
2017-06-04,5,positive,positive,"Very satisfied, delivery was faster than expected and everything went well.",f,SP
2017-06-04,1,not_received,negative,The product was not delivered.,,CE
2017-06-05,1,not_received,negative,"I did not receive the product, and it is not available at the local post office either.",,SC
2017-06-05,3,positive,neutral,Product is reasonable.,f,RJ
2017-06-05,3,positive,positive,Great!,f,SC
2017-06-05,2,poor_quality,negative,Product did not meet expectations and looks like a free sample.,f,RJ
2017-06-06,1,not_received,negative,Until now the product has not been delivered and I have no response or news.,,SP
2017-06-06,1,late_delivery,negative,Delivery deadline passed and product has not even shipped. Store is no longer trustworthy!,,BA
2017-06-06,3,poor_quality,neutral,"Product quality is very poor, and no plugs or screws were included for wall mounting.",f,SP
2017-06-06,5,positive,positive,On-time delivery and in excellent condition.,,SP
2017-06-07,1,positive,positive,I recommend.,f,RJ
2017-06-07,3,poor_quality,neutral,"The sales image didn't show how many owls, leaves, and flowers were printed. Price was fair.",f,SC
2017-06-07,3,late_delivery,neutral,"Good product, slow delivery but within the deadline.",f,SP
2017-06-08,3,poor_quality,neutral,"Delivered correctly, but the wallet is too big.",f,MG
2017-06-08,2,poor_quality,negative,Mop lock is very stiff and does not work properly.,f,MG
2017-06-08,1,wrong_or_missing_item,negative,"They did not send the nuts, causing me a lot of trouble to find replacements.",f,MS
2017-06-09,4,positive,positive,Punctuality and commitment always prevail.,f,SP
2017-06-09,1,not_received,negative,"Did not receive my products this time, had to pick them up at the post office.",,RJ
2017-06-09,4,positive,positive,"Exactly the product I wanted, delivered ahead of schedule.",f,MG
2017-06-09,1,wrong_or_missing_item,negative,Bought the set with 3 kits and only received 1 kit.,f,SP
2017-06-09,1,wrong_or_missing_item,negative,"Bought 2 products, paid shipping for both, and only received one.",f,SP
2017-06-09,3,positive,neutral,"The product is not bad, but I thought it would be smaller. Still, it is a great wallet.",f,MA
2017-06-10,3,late_delivery,neutral,The delivery time is too long compared to other stores.,f,RN
2017-06-11,4,wrong_or_missing_item,negative,"Trampoline arrived, but the ladder is still missing and I am waiting for it.",t,MT
2017-06-11,3,poor_quality,neutral,"Size is too small, but the store service is good.",f,PR
2017-06-11,3,poor_quality,neutral,"The fabric cover is too tight, deforming the foam.",t,ES
2017-06-12,1,positive,positive,Thank you very much.,f,SP
2017-06-13,1,poor_quality,negative,Paid three times the value of the delivered item. Very angry and dissatisfied.,f,SP
2017-06-13,1,poor_quality,negative,A product was sold as original and an imitation arrived.,f,SP
2017-06-13,3,damaged_or_defective,neutral,"Lamp and sound are okay, but remote control did not work even with new batteries.",f,SP
2017-06-13,3,poor_quality,neutral,"Arrived early and well, but noticed flaws while using it, expected better for a new product.",f,MG
2017-06-13,1,seller_or_service,negative,"Bought original, received generic which printer rejects. Refund requested with no response.",f,SC
2017-06-15,3,other,neutral,Placeholder text.,f,RJ
2017-06-15,3,seller_or_service,neutral,"Out of stock, but they contacted me. I just do not remember if I got refunded.",,SP
2017-06-15,1,not_received,negative,"I didn't receive the bag, can someone help me?",f,SP
2017-06-15,1,seller_or_service,negative,They put the perfume on sale and after approval said they were out of stock.,,SP
2017-06-16,5,positive,positive,Rating 10.,t,SC
2017-06-16,1,wrong_or_missing_item,negative,Bought a cartridge with original Canon specifications and received a refilled one.,f,MG
2017-06-16,1,wrong_or_missing_item,negative,"It wasn't clear it was a refilled ink cartridge. I ordered black and cyan, only black arrived.",f,SP
2017-06-17,3,positive,positive,I received it within the stipulated deadline.,f,RN
2017-06-18,1,seller_or_service,neutral,"Product was out of stock, order was cancelled, and I am waiting for my refund.",,SP
2017-06-19,2,damaged_or_defective,negative,"Table tops were damaged, they tried painting over it, terrible finish with peeling edges.",f,SP
2017-06-19,1,wrong_or_missing_item,negative,I bought 2 cartridges and received only 1.,f,RJ
2017-06-19,5,positive,positive,Great quality.,f,RS
2017-06-19,1,wrong_or_missing_item,negative,Received the wrong washing machine circuit boards and need the correct one urgently.,f,BA
2017-06-19,2,late_delivery,negative,Delivery was scheduled for 07/12 and was not delivered.,t,RJ
2017-06-19,5,positive,positive,100% satisfaction.,f,SP
2017-06-19,3,poor_quality,neutral,"The product is not that good, I thought it was a bit flimsy.",f,SP
2017-06-19,1,not_received,negative,The quick cooking bag was not delivered and the site states both were sent!,f,SP
2017-06-19,2,wrong_or_missing_item,negative,I received 2 out of the 3 desired products.,f,RS
2017-06-19,1,damaged_or_defective,negative,The product arrived defective and is of very poor quality.,f,DF
2017-06-20,1,poor_quality,negative,"Product leaks and has terrible fragrance fixation, seems suspicious.",f,BA
2017-06-20,1,not_received,negative,"Website says delivered, but I still haven't received the product.",f,SP
2017-06-20,3,damaged_or_defective,negative,It arrived dented.,f,RJ
2017-06-21,3,damaged_or_defective,neutral,Product arrived dented.,f,SP
2017-06-21,1,poor_quality,negative,"The finish in the photo looked nice, but the actual item is ugly synthetic with blurry finish.",f,MG
2017-06-21,1,seller_or_service,negative,Delay in issuing the invoice and no updates on the purchase status!,t,SP
2017-06-22,5,positive,positive,I had no problems at all.,f,SP
2017-06-22,1,poor_quality,negative,"Product quality much lower than usual, would only recommend buying in physical store.",f,SP
2017-06-22,5,positive,positive,Worth the purchase. Looks very nice on the bed.,f,SP
2017-06-23,2,wrong_or_missing_item,negative,I could not contact the supplier to request an exchange. The wrong watch model arrived.,f,MG
2017-06-23,3,wrong_or_missing_item,negative,"The Wolverine action figure was missing its claws. If I knew, I wouldn't have bought it.",f,SP
2017-06-23,4,positive,positive,Great.,f,MT
2017-06-23,2,late_delivery,negative,"Waited all day at home, then status said recipient not available, now I have to pick it up.",f,SP
2017-06-24,1,not_received,negative,Waited 30 days and product was not delivered. Good offers that are not fulfilled.,t,GO
2017-06-24,3,positive,positive,I received the product.,f,RJ
2017-06-25,4,poor_quality,neutral,"I liked the rug, it is very pretty, but I found the pile too low.",f,MG
2017-06-25,5,positive,positive,Delivered 1 female perfume 100ml. Very fast delivery.,f,SP
2017-06-26,1,damaged_or_defective,negative,The delivered product did not last a week and became defective.,f,PR
2017-06-27,1,wrong_or_missing_item,negative,Wrong voltage delivered and took too long to arrive.,f,BA
2017-06-27,3,poor_quality,neutral,"Expected one thing and received another, but it is okay, hoping for success.",f,RJ
2017-06-27,1,not_received,negative,"Marked as delivered yesterday afternoon, but nothing was actually received.",f,SP
2017-06-27,5,positive,positive,It was what I needed.,f,SP
2017-06-27,1,other,negative,Crap.,t,SP
2017-06-28,1,seller_or_service,negative,Not received because I requested a refund and nothing has been resolved yet.,,RJ
2017-06-28,1,not_received,negative,"Have not received the product expected by 08/28/2017, unsatisfied.",t,AL
2017-06-29,1,seller_or_service,negative,"Made the purchase normally, but close to delivery they marked the product as unavailable.",,ES
2017-06-29,5,positive,positive,Great customer service in every way.,f,SP
2017-06-29,1,not_received,negative,"Did not receive the product, delivery deadline expired, likely a post office issue.",t,SP
2017-06-30,1,late_delivery,negative,"Not received yet, tracking says it is at the post office. Waiting for instructions.",t,SP
2017-06-30,1,late_delivery,negative,This is the second time I have delivery problems with this partner store.,,PE
2017-07-01,3,seller_or_service,negative,You should inform at the time of purchase that you do not deliver to this location.,,RJ
2017-07-01,3,wrong_or_missing_item,neutral,I think the color came wrong.,f,SP
2017-07-02,1,seller_or_service,negative,I want my money back.,,PR
2017-07-02,2,wrong_or_missing_item,negative,"It came completely wrong, I need you to reply to my return email.",f,SP
2017-07-03,2,wrong_or_missing_item,negative,I bought 2 pans and only received one.,f,SC
2017-07-03,1,seller_or_service,negative,"Dissatisfied, made five purchases, four delivered as agreed, but this seller failed.",,PR
2017-07-03,1,damaged_or_defective,negative,Defective product.,f,RJ
2017-07-03,3,seller_or_service,neutral,It was cancelled. How do I make another order with the paid amount?,,SP
2017-07-03,1,damaged_or_defective,negative,The product arrived broken.,f,GO
2017-07-03,5,positive,positive,Perfect.,,BA
2017-07-04,1,not_received,negative,"I did not receive these items, though others arrived. Waiting for a response.",f,RS
2017-07-04,3,wrong_or_missing_item,neutral,"Fast delivery, but the product arrived different from the website specification.",f,MG
2017-07-04,1,not_received,negative,Bought a guitar bag and haven't received it yet due to an unexpected issue.,t,ES
2017-07-04,5,positive,positive,Quality material and easy to install.,f,RS
2017-07-05,1,positive,positive,I received the product perfect. Thank you.,f,BA
2017-07-05,1,seller_or_service,negative,"I received the wrong item, requested a refund, but haven't heard back yet.",f,SP
2017-07-05,1,wrong_or_missing_item,negative,Received the wrong bed cover. Tried to contact support and Ombudsman without success.,f,SP
2017-07-05,1,seller_or_service,negative,Not even the fiscal invoice was issued.,,SC
2017-07-05,1,wrong_or_missing_item,negative,"Only one product was delivered, another is missing, and tracking says closed.",f,RS
2017-07-06,2,damaged_or_defective,negative,One curtain was defective and the other's color was very different.,f,SP
2017-07-06,3,wrong_or_missing_item,negative,Bought multiple pans together but only one arrived.,f,RJ
2017-07-06,1,not_received,negative,I did not receive it.,,RJ
2017-07-07,5,positive,positive,The product is very good.,f,SP
2017-07-07,4,positive,positive,"No complaints, received on time and the product was what I ordered.",f,RJ
2017-07-07,1,wrong_or_missing_item,negative,One unit was missing from the package. I would like to receive the missing unit.,f,RJ
2017-07-08,1,seller_or_service,negative,"They claimed the product was in stock, but canceled it after purchase causing trouble.",,RJ
2017-07-08,3,other,neutral,Shipping costs are too high.,f,MG
2017-07-08,5,positive,positive,Met my expectations.,f,RJ
2017-07-09,1,not_received,negative,Delivery was not made and I had great difficulty getting help. Still not resolved.,t,SP
2017-07-10,5,positive,positive,"Satin bedding set, excellent price, multiple color options, very pretty.",f,RJ
2017-07-10,5,positive,positive,"Well packaged, correct color, easy to apply with two people, adhesive sticks fast.",f,SP
2017-07-10,1,not_received,negative,I did not receive the product.,t,SP
2017-07-10,1,wrong_or_missing_item,negative,The product sent does not match what was ordered.,f,MG
2017-07-10,5,positive,positive,I am always satisfied with the products I buy from this company.,f,CE
2017-07-10,5,positive,positive,"The product was delivered in 4 days, the supplier inspires my trust and I recommend them.",f,SP
2017-07-10,5,positive,positive,Delivery before expected.,f,ES
2017-07-11,1,seller_or_service,negative,Had to pick up at post office only to find an empty envelope with an invoice.,f,ES
2017-07-11,3,poor_quality,neutral,"Product came in a good box, but the battery was loose inside without protection.",f,RS
2017-07-11,1,wrong_or_missing_item,negative,"Received only the hammock, hooks were not sent. Please contact me.",f,SP
2017-07-12,1,not_received,negative,I did not receive the product.,t,PB
2017-07-12,2,wrong_or_missing_item,negative,Only the red bed sheet set arrived; missing the black set and towels.,f,CE
2017-07-12,3,poor_quality,negative,The product is very weak. The fit is poor and it detaches easily.,f,SC
2017-07-12,1,not_received,negative,What I bought did not arrive and nobody called to explain.,f,SP
2017-07-12,3,positive,positive,Arrived ahead of schedule. The material is good.,f,RJ
2017-07-13,3,wrong_or_missing_item,negative,"The store is fine, but the site let me down because they did not send an item.",f,SP
2017-07-13,1,seller_or_service,negative,I want my money back. Upset with customer service and lack of delivery solutions.,,MA
2017-07-13,5,positive,positive,Received exactly what I bought and before the informed deadline.,f,SP
2017-07-13,1,poor_quality,negative,"Product did not meet expectations, very different from the website.",f,SP
2017-07-13,5,positive,positive,"Product delivered in 2 business days, nice and made of resistant material.",f,SP
2017-07-14,1,poor_quality,negative,"Needs more details. Thought rug was traditional, looks like a blanket. No back photo.",f,SP
2017-07-14,5,positive,positive,Exactly what I needed.,f,SP
2017-07-14,3,positive,positive,It arrived quickly.,f,SP
2017-07-14,3,poor_quality,neutral,"The store delivered on time, but I confess I expected more from the product.",f,RS
2017-07-14,3,other,neutral,It is just difficult to buy because the shipping is expensive.,f,PE
2017-07-14,3,positive,positive,Great.,f,SP
2017-07-14,3,positive,positive,"Very practical, from choosing the product on the website to the fast delivery.",f,SE
2017-07-15,1,wrong_or_missing_item,negative,I received the wrong product.,f,SP
2017-07-16,1,not_received,negative,I received nothing!,,RJ
2017-07-16,2,poor_quality,negative,"However, the product is difficult to install.",f,MG
2017-07-16,1,late_delivery,negative,"Still waiting for delivery, deadline expired, urgent need for resolution.",t,PI
2017-07-17,1,wrong_or_missing_item,negative,Ordered two makeup kits and only one arrived; first issue with this store.,f,PR
2017-07-17,1,wrong_or_missing_item,negative,"I only received the curtain, but the sofa cover should have come with it. Hoping to receive it soon.",f,RS
2017-07-17,2,wrong_or_missing_item,negative,"Bought a stroller and baby comfort set, but the baby comfort was missing.",f,DF
2017-07-17,1,late_delivery,negative,There was a delivery problem and nothing so far.,t,PE
2017-07-17,1,other,negative,The shipping cost is too high.,f,SP
2017-07-18,2,poor_quality,negative,Paid an absurd price and hated it; the rod kept falling and only the support was usable.,f,RS
2017-07-18,1,damaged_or_defective,negative,Could not contact support and received a defective product.,f,SP
2017-07-18,5,positive,positive,"Very satisfied with my purchase, delivered earlier than expected.",f,SP
2017-07-18,1,wrong_or_missing_item,negative,"I received only the quilt set, but not the curtain.",t,MG
2017-07-18,1,not_received,negative,I want my product.,f,SP
2017-07-18,1,poor_quality,negative,The bracelet is very difficult to open.,f,SP
2017-07-18,1,seller_or_service,negative,Second time buying and still not received. Store partner fails to inform customers about status.,t,SP
2017-07-19,1,poor_quality,negative,Manual is entirely in English making it unusable; I will return it.,f,RJ
2017-07-19,2,wrong_or_missing_item,negative,Bought the advertised product and received another. Waiting for store correction.,f,MG
2017-07-19,2,positive,positive,Speed is the soul of business.,f,MS
2017-07-19,3,wrong_or_missing_item,neutral,I just think everything should have been delivered together.,f,PA
2017-07-20,5,positive,positive,"Great from purchase to delivery, super fast and you can track everything!",f,RS
2017-07-20,3,positive,positive,Good product.,f,SP
2017-07-20,3,positive,neutral,Hard to evaluate properly since I haven't used it yet.,f,SP
2017-07-20,3,not_received,negative,I did not receive it.,f,GO
2017-07-20,3,positive,positive,"It was good, thank you.",f,SP
2017-07-20,1,not_received,negative,Product not delivered; after 16 days they said they won't deliver due to lack of stock.,,RJ
2017-07-20,1,wrong_or_missing_item,negative,"I received the wrong brand. Terrible site and even worse delivery, I will not buy again.",f,PB
2017-07-21,2,damaged_or_defective,negative,The product arrived on time but was broken.,f,SP
2017-07-21,1,poor_quality,negative,"Product does not match description, impossible to use the watch. Want a refund.",f,ES
2017-07-21,3,poor_quality,negative,Measurements do not match description. External perches do not fit properly.,f,SP
2017-07-21,1,poor_quality,negative,It's total crap and not worth the price.,f,ES
2017-07-22,1,poor_quality,negative,This is one of the worst products I have bought; it does not stay on the head.,f,MG
2017-07-22,1,not_received,negative,"The product was not delivered to my house, I had to pick it up at the agency despite paying for shipping.",f,RJ
2017-07-22,1,wrong_or_missing_item,negative,I want you to send the missing part of the device.,f,SP
2017-07-22,3,positive,positive,Arrived very quickly. Reasonable product.,f,RJ
2017-07-23,1,poor_quality,negative,"Delivered on time, but poor quality. Not in original packaging and blade differs.",f,RJ
2017-07-24,1,late_delivery,negative,"I have not received the product yet, it is already past the maximum delivery date.",t,RS
2017-07-24,2,poor_quality,negative,Product quality has dropped compared to older ones.,f,RJ
2017-07-25,1,not_received,negative,"It has been over a month since I ordered and paid, but received nothing. Do not buy.",t,SP
2017-07-25,2,not_received,negative,Still waiting.,f,SP
2017-07-25,4,late_delivery,neutral,It just took a little while.,f,BA
2017-07-25,1,damaged_or_defective,negative,Received a broken product and is waiting for a response from the store.,f,RJ
2017-07-25,1,seller_or_service,negative,"Did not receive products or invoice, and cannot reach customer service by phone.",f,RJ
2017-07-25,3,wrong_or_missing_item,neutral,The controls are missing.,f,CE
2017-07-26,3,poor_quality,negative,Internal lining is fragile and stained with paint; the remote holder has major internal paint flaws.,f,SP
2017-07-26,1,wrong_or_missing_item,negative,"I bought 2 items but only 1 arrived, and I'm paying for 2!",f,ES
2017-07-26,1,late_delivery,negative,Not delivering on the scheduled date without justification is disrespectful.,,SP
2017-07-27,4,positive,positive,Very good.,f,RJ
2017-07-27,1,damaged_or_defective,negative,The screen protector arrived completely destroyed.,f,MT
2017-07-27,5,positive,positive,Excellent shopping site!,f,PE
2017-07-27,5,positive,positive,The product arrived in perfect condition.,f,RJ
2017-07-28,5,positive,positive,Very satisfied with customer service and receiving the product.,f,SP
2017-07-28,2,wrong_or_missing_item,negative,One tire is missing from the delivery.,f,PR
2017-07-29,1,wrong_or_missing_item,negative,"Product arrived different from original order, sent a different model, unsatisfied.",f,MG
2017-07-29,3,not_received,neutral,I haven't received my product yet.,f,SP
2017-07-29,2,not_received,negative,I haven't received my product yet.,t,SP
2017-07-29,1,damaged_or_defective,negative,Product came with a defect.,f,RJ
2017-07-30,1,poor_quality,negative,"Thought it was firmer, but besides being fragile it has poor grip.",f,MG
2017-07-30,1,poor_quality,neutral,"Good product and price, but came with scratches on the case and screen, looking used.",f,ES
2017-07-31,3,wrong_or_missing_item,negative,The kit was incomplete. Bottom and top sheets are missing. Please send them.,f,SP
2017-07-31,1,poor_quality,negative,"Product arrived crooked, pieces wobble and it feels unstable. Hated it.",f,SP
2017-07-31,1,wrong_or_missing_item,neutral,"Super fast delivery, products are good, but they all came identical which is useless.",f,MG
2017-07-31,2,not_received,negative,Have not received the product yet.,f,PR
2017-08-01,3,damaged_or_defective,neutral,"One headphone's FM radio won't tune, otherwise seems good.",f,SP
2017-08-01,1,wrong_or_missing_item,negative,"Received screen protector larger than the screen, still have not received the case.",f,SP
2017-08-01,1,not_received,negative,"My product did not arrive, causing stress, and I cannot process the return.",,RJ
2017-08-01,1,damaged_or_defective,negative,The product case is of very poor quality and arrived broken.,f,SP
2017-08-02,1,seller_or_service,negative,"Product arrived quickly, but was charged expensive shipping despite fast delivery.",f,SP
2017-08-02,2,poor_quality,negative,"Bad and very strong smell, shipping cost more than the product.",f,SP
2017-08-02,3,poor_quality,neutral,"Fast delivery, but the beige rug I bought came in a shade close to yellow.",f,MG
2017-08-02,1,wrong_or_missing_item,negative,Waiting for the rest of my order since I only received a part of it.,f,RJ
2017-08-02,1,wrong_or_missing_item,negative,I bought a 1-liter product and received a 300 ml one. No invoice was included.,f,SP
2017-08-02,1,wrong_or_missing_item,negative,Wrong item arrived causing trouble for an exchange.,f,RS
2017-08-03,3,damaged_or_defective,neutral,"I recommend it, but my product arrived damaged with a dented basin.",f,RJ
2017-08-03,1,wrong_or_missing_item,negative,I bought a battery for Samsung Galaxy A5 and received something else.,f,RJ
2017-08-03,1,poor_quality,negative,"Disliked action figure, thought it was original, badly painted and smudged, very poor quality.",f,SP
2017-08-03,1,poor_quality,neutral,"Fast delivery, but expected better quality from the rug for the price.",f,GO
2017-08-04,1,seller_or_service,negative,I wouldn't recommend it; paid for the order and later received an email saying partners don't deliver to my region.,,RJ
2017-08-05,3,positive,positive,I recommend.,f,PB
2017-08-05,5,positive,positive,Product super comfortable and very beautiful.,f,PA
2017-08-05,1,late_delivery,negative,"Delivery deadline is very long, and when the expected date arrives, it is not delivered.",,SP
2017-08-05,5,positive,positive,I love shopping here. Super fast delivery. I recommend.,f,MG
2017-08-05,1,damaged_or_defective,negative,"Cartridge does not work in my HP printer, chip size is incompatible.",f,DF
2017-08-05,5,positive,positive,"Delivered before the scheduled date and the product is very good, I recommend.",f,BA
2017-08-06,2,damaged_or_defective,neutral,"The box was slightly damp and the watch had rust, but cleaning it fixed it.",f,DF
2017-08-06,1,seller_or_service,negative,Product arrived defective. Requested exchange but received no response.,f,SC
2017-08-06,5,positive,positive,"Product received properly, within expectations, great quality. I recommend it.",f,SP
2017-08-06,4,positive,positive,"Received exactly as expected on time, very satisfied.",f,RJ
2017-08-06,1,damaged_or_defective,negative,"Glasses arrived all broken due to poor packaging, and customer service is not responding.",f,SP
2017-08-07,5,positive,positive,Very good.,f,SP
2017-08-07,2,poor_quality,negative,"The company hid the brand, resulting in a Chinese product of dubious quality.",f,MT
2017-08-07,1,not_received,negative,I regret to inform I haven't received the product yet. Disappointed with the store.,t,PE
2017-08-07,2,wrong_or_missing_item,negative,"Order arrived missing one toner, and the store lacks a complaint channel.",f,RJ
2017-08-07,4,poor_quality,neutral,It should have been a little more reinforced.,f,MG
2017-08-07,5,positive,positive,Received in excellent condition and well before the estimated deadline!,f,SP
2017-08-07,1,not_received,negative,"I cannot review a product that did not arrive, which is the fault of the post office.",t,RJ
2017-08-07,1,not_received,negative,One of the products marked as delivered was not received.,f,SC
2017-08-07,4,wrong_or_missing_item,neutral,Only the invoice was not sent.,f,BA
2017-08-08,1,late_delivery,negative,Product not yet delivered by the post office. The long deadline was not met.,t,RS
2017-08-08,2,poor_quality,negative,Very thin.,f,SP
2017-08-08,2,wrong_or_missing_item,negative,"I ordered two rugs, but only received one.",f,MS
2017-08-09,3,poor_quality,negative,"The toy was misrepresented, has fewer functions than advertised, and broke within an hour.",f,SP
2017-08-10,2,damaged_or_defective,neutral,"Store and delivery were fine, but the product didn't work. I will return it.",f,SP
2017-08-10,1,seller_or_service,negative,"Ordered 3 cameras, received 1. Tried contacting support 7 times by phone with no success.",f,ES
2017-08-10,5,positive,positive,Everything perfect.,f,SP
2017-08-10,3,damaged_or_defective,negative,"Product arrived defective, delayed, had to pick up at post office, no response from support.",t,PE
2017-08-11,1,other,neutral,First time having an issue with this site. I hope it gets resolved soon as I need the item.,t,SP
2017-08-11,2,wrong_or_missing_item,negative,The product arrived different from the advertisement.,f,MG
2017-08-11,5,positive,positive,Top product.,f,RJ
2017-08-13,1,seller_or_service,negative,The product was returned and they did not even call to figure out how to resend it.,,SP
2017-08-14,5,positive,positive,"Beautiful product and delivered before the date, I was very satisfied.",f,SP
2017-08-14,2,poor_quality,negative,The product is of very low quality.,f,SP
2017-08-14,3,positive,positive,"Great product, good cost-benefit, and nice for a gift.",f,SP
2017-08-14,1,wrong_or_missing_item,negative,I clicked pink and blue arrived. Money wasted as I am expecting a baby girl.,f,RS
2017-08-15,1,not_received,negative,Merchandise did not arrive! Want my money back.,,SP
2017-08-15,4,positive,positive,"Very good product, arrived on time.",f,SP
2017-08-15,3,late_delivery,neutral,The delivery of the products was very confusing and late.,f,SP
2017-08-15,5,positive,positive,"Very good, I recommend it.",f,RJ
2017-08-15,1,wrong_or_missing_item,negative,Ordered a Super King quilt but received a King size instead.,f,GO
2017-08-15,5,positive,positive,Received on time! Original kit!,f,RJ
2017-08-15,1,damaged_or_defective,negative,"Product is terrible, arrived damaged with an inverted emblem, and no one answers emails.",f,SP
2017-08-15,2,seller_or_service,negative,Very bad at refunding money.,,RJ
2017-08-16,1,poor_quality,negative,Bodysuits are synthetic fabric instead of cotton with poor print quality. Do not recommend.,f,RJ
2017-08-16,4,positive,positive,Excellent!,f,CE
2017-08-17,5,positive,positive,The product arrived ahead of schedule and exactly as described.,f,MG
2017-08-17,1,not_received,negative,How can I review a product I haven't received yet?,t,SP
2017-08-17,2,poor_quality,negative,"Store delivered on time, but the product was not what I expected from the website.",f,ES
2017-08-17,1,seller_or_service,negative,After thirty days they warn that they cannot deliver the product because it is out of stock. Absurd.,,DF
2017-08-18,1,wrong_or_missing_item,negative,"Received wrong, damaged, and opened product. Wanted number 49, received 176.",f,RJ
2017-08-18,5,positive,positive,"The website is very reliable and the product is exactly like the photos, beautiful game.",f,MG
2017-08-19,1,not_received,negative,"Very upset, didn't receive the item but store marked it as delivered, and contact is difficult.",t,AL
2017-08-19,2,poor_quality,negative,"The curtain is very thin, transparent, and all in one piece. Would not buy again.",f,MG
2017-08-19,1,not_received,negative,I have not received my product yet.,f,SP
2017-08-19,1,seller_or_service,negative,Purchased cartridge was defective. I emailed the site requesting sale cancellation and return.,f,RJ
2017-08-20,2,wrong_or_missing_item,negative,Only received part of my order. Still waiting for the other bedspread.,f,ES
2017-08-20,1,poor_quality,negative,Thought they were original figures but they are cheap Chinese replicas.,f,SP
2017-08-20,1,wrong_or_missing_item,negative,Received only 1 of 2 ordered products. No response from store. Site says delivered.,f,RJ
2017-08-21,1,wrong_or_missing_item,negative,I bought two curtains and received only one. It was meant to be a gift.,f,SP
2017-08-21,3,wrong_or_missing_item,negative,"Description says 3 pieces, received 2. Pillow cushion was missing from the sets.",f,SP
2017-08-21,5,positive,positive,Product arrived on time as always! Loved my document holder.,f,SP
2017-08-22,5,positive,positive,Arrived way ahead of schedule. I recommend.,f,AC
2017-08-22,1,seller_or_service,negative,"Company offered the product but did not have it available. Much trouble, do not recommend!",,GO
2017-08-22,1,damaged_or_defective,negative,Does not work. Requested a return.,f,SP
2017-08-22,1,damaged_or_defective,negative,"Did not receive the cone support; received a wrong, broken item and want a refund.",f,MG
2017-08-23,1,seller_or_service,neutral,"For now, I am waiting for the product exchange.",f,MG
2017-08-23,1,poor_quality,negative,"The perfume has no hold and smells like alcohol, does not seem original.",f,SP
2017-08-24,1,seller_or_service,neutral,Product was out of stock despite being listed; money was refunded.,,RJ
2017-08-25,2,poor_quality,negative,I did not really like the quality of the product.,f,RJ
2017-08-25,1,seller_or_service,negative,"Terrible store with no customer support, order not received claiming incorrect address.",,RJ
2017-08-25,5,positive,positive,"Deadline met, good quality, delivers what it sells.",f,RJ
2017-08-25,2,damaged_or_defective,negative,"Product has rust signs, battery won't charge, missing engraving. Requesting return and refund.",f,CE
2017-08-25,1,not_received,negative,"They should hire a carrier and not the post office, I haven't received my order yet.",t,RS
2017-08-25,5,positive,positive,"Pretty and easy to apply wallpaper, but the glue is hard to dilute.",f,RJ
2017-08-26,5,positive,positive,"Arrived very fast, excellent product, top notch.",f,TO
2017-08-27,2,not_received,neutral,"Good morning, I still haven't received the stroller yet. Still waiting.",f,MG
2017-08-27,1,poor_quality,negative,"I bought the cartridge expecting it to be original, but lacked info that it was compatible.",f,SP
2017-08-27,1,seller_or_service,negative,"Paid with shipping, waited for delivery deadline, only to find out it was out of stock.",,SC
2017-08-28,4,positive,positive,"Great quality product, though less fluffy than pictured online. Recommended.",f,SP
2017-08-28,1,not_received,negative,The product has not been delivered yet.,f,RJ
2017-08-28,3,positive,positive,Delivery was made very quickly.,f,RS
2017-08-28,5,wrong_or_missing_item,positive,"Should have delivered both products together, but otherwise very good and early.",f,SP
2017-08-28,4,poor_quality,neutral,"Received correct item, but website photos and features do not show the product clearly.",f,SP
2017-08-29,1,seller_or_service,negative,Order cancelled twice for lack of stock despite being available on the site.,,SP
2017-08-29,3,positive,positive,"I really liked it, it arrived very fast.",f,RJ
2017-08-30,5,positive,positive,Arrived before deadline. Great.,f,RJ
2017-08-31,4,positive,positive,Product as expected.,f,SP
2017-08-31,3,seller_or_service,neutral,"Arrived on time, but lacked tracking information until I canceled the purchase.",f,ES
2017-08-31,1,poor_quality,negative,"Not worth it, product falls well short of expectations.",f,MA
2017-08-31,1,poor_quality,negative,"Received a fake product, incomplete delivery, and poor quality. Do not want it anymore.",f,RJ
2017-09-01,3,wrong_or_missing_item,neutral,"Ordered pearl color, received beige.",f,DF
2017-09-01,5,positive,positive,"Items arrived separately, but everything is okay and I am satisfied.",f,RJ
2017-09-02,3,poor_quality,neutral,"No tracking info, product arrived disassembled and without a manual.",f,CE
2017-09-02,5,positive,positive,Excellent customer service.,f,SP
2017-09-02,3,wrong_or_missing_item,neutral,"Delivery was fast, but the flavor came wrong. Haven't tried the product yet.",f,SP
2017-09-02,2,damaged_or_defective,negative,"The water filter was delivered perfectly, but one of the included filter candles was defective.",f,PA
2017-09-03,5,positive,positive,"Delivered before the scheduled deadline, I recommend it.",f,SP
2017-09-04,1,seller_or_service,negative,Bad store.,,SP
2017-09-04,3,other,neutral,No comment provided.,f,SP
2017-09-04,4,positive,positive,"Loved the baby monitor, it arrived before the deadline and in perfect condition.",f,CE
2017-09-04,1,not_received,negative,Received neither the product nor any email informing about the situation.,t,SP
2017-09-04,3,poor_quality,neutral,The product looks much more resistant in the photos than when I saw it in my hands.,f,MT
2017-09-05,1,wrong_or_missing_item,negative,"Ordered a razor and scissors kit, but only received the razor. I want an explanation.",f,PR
2017-09-05,3,positive,positive,"First time buying and the order arrived correctly, working, and on time.",f,SP
2017-09-05,3,positive,positive,Good quality and comfortable.,f,RJ
2017-09-05,1,positive,positive,"Thank you, will recommend to more people, top-notch material.",f,RS
2017-09-06,1,not_received,negative,"My product has not arrived yet, even though it was scheduled for September 27th.",t,RJ
2017-09-08,1,wrong_or_missing_item,negative,The shipped product is not what was purchased. I want my money back.,f,PE
2017-09-08,1,poor_quality,negative,Terrible quality product!,f,SP
2017-09-08,3,not_received,neutral,"I believe I haven't received it due to the postal strike, so I cannot review the product.",t,BA
2017-09-08,5,positive,positive,Great product. Fast delivery.,f,SC
2017-09-09,3,damaged_or_defective,negative,The cellphone arrived with a screen defect and very bad processor.,f,SP
2017-09-09,1,wrong_or_missing_item,negative,A curtain is missing; I ordered beige and they delivered green.,f,PR
2017-09-09,1,not_received,negative,Already paid the installments and still have not received my product. Going to Procon!,,RJ
2017-09-09,3,late_delivery,neutral,I did not receive the product within the promised deadline.,t,MA
2017-09-09,1,not_received,negative,Did not receive product and did not realize it was fulfilled by a third-party store.,,PE
2017-09-09,1,poor_quality,negative,"The curtain rod parts are loose when connected, making the curtain hang crookedly.",f,SP
2017-09-09,5,positive,positive,On-time delivery. Very good product.,f,SP
2017-09-09,2,wrong_or_missing_item,negative,"Good, but my last order arrived wrong!",f,GO
2017-09-10,1,wrong_or_missing_item,negative,Bought isolated protein and received concentrated protein instead. I was cheated!,f,RO
2017-09-10,3,positive,positive,I liked it.,f,SP
2017-09-10,3,wrong_or_missing_item,neutral,"Only the filter arrived, still waiting for the diffuser.",f,SP
2017-09-11,1,wrong_or_missing_item,negative,"Ordered two units, received only one plus a wrong item. Nobody answers messages.",f,SP
2017-09-11,5,positive,positive,Very good.,f,MS
2017-09-11,1,wrong_or_missing_item,negative,"Received the filter incomplete, missing the collector siphon. Waiting for action.",f,SP
2017-09-11,5,positive,positive,Shelf size was ideal as I expected.,f,SP
2017-09-12,3,poor_quality,neutral,"Delivery was fast and well packaged, but the acrylic mirror distorts the image terribly.",f,SP
2017-09-12,1,not_received,negative,I want my product or a refund!,,SP
2017-09-12,5,positive,positive,Excellent.,f,MG
2017-09-12,5,positive,positive,"Product exceeded expectations, great quality. Shipping a bit pricey but arrived 10 days early.",f,SP
2017-09-12,1,poor_quality,negative,"The site description did not clearly state it was a compatible cartridge, not original.",f,MG
2017-09-13,1,wrong_or_missing_item,negative,Only 6 little books arrived instead of 18 as stated in the ad. Felt cheated.,f,SP
2017-09-13,1,damaged_or_defective,negative,"Does not work, does not sync.",f,SP
2017-09-13,3,poor_quality,negative,"Product different from photo and manufacturer, worse quality.",f,SP
2017-09-13,4,positive,positive,Everything is perfect.,f,SP
2017-09-13,1,seller_or_service,negative,Product did not arrive but was billed to my credit card. Waiting for refund!,,DF
2017-09-13,1,seller_or_service,negative,"I want the correct products, but the website does not allow me to process a return and refund.",f,SP
2017-09-13,2,positive,positive,I am super satisfied and highly recommend.,f,SP
2017-09-13,5,positive,positive,"As far as I've observed, it works as advertised.",t,MG
2017-09-14,4,positive,positive,"Great quality product, arrived ahead of schedule.",f,PE
2017-09-14,2,damaged_or_defective,negative,"Good morning, the product arrived damaged, how do I exchange it?",f,SP
2017-09-14,1,not_received,negative,It has been almost a month since I ordered and the product has not arrived yet.,f,CE
2017-09-15,5,positive,positive,Satisfactory.,f,MG
2017-09-15,3,not_received,neutral,I haven't received the product yet.,,RJ
2017-09-15,1,damaged_or_defective,negative,"Does not turn on, turns on the light.",f,PR
2017-09-15,1,wrong_or_missing_item,negative,Ordered two sets of towels and only one set arrived!,f,GO
2017-09-15,3,wrong_or_missing_item,negative,"Only one rectangular platter arrived, and I bought two.",f,RJ
2017-09-16,4,poor_quality,negative,"Product is not good, toothpaste does not come out easily when pressing the brush.",f,PE
2017-09-16,1,not_received,negative,DID NOT RECEIVE and NO ONE from the STORE CONTACTED ME BY EMAIL as promised.,t,RJ
2017-09-16,1,poor_quality,negative,The product received is not the one advertised and is of low quality.,f,SP
2017-09-16,3,positive,positive,The mattress is of great quality.,f,SP
2017-09-16,2,late_delivery,neutral,"It took a while, but it was delivered!",f,RJ
2017-09-16,3,positive,positive,"It does little, but the product is good!",f,SP
2017-09-17,3,wrong_or_missing_item,negative,"Bought 2 items and received only 1, but the invoice lists both.",f,SP
2017-09-17,2,positive,positive,Order and delivery without any issues.,f,SP
2017-09-18,2,wrong_or_missing_item,negative,How can they send the wrong product? Faulty store with no quality check.,f,SP
2017-09-18,1,wrong_or_missing_item,negative,They only delivered a beige curtain and not the blue one.,f,SP
2017-09-18,5,positive,positive,"Very beautiful product, I loved it.",f,SP
2017-09-18,1,not_received,negative,"Hello, I would like to report that the product was not delivered.",t,RJ
2017-09-18,1,not_received,negative,"Product was not delivered, waiting for a reply.",t,SP
2017-09-18,2,late_delivery,negative,"Post office is on strike, no delay notice, but company should respond about the delay.",t,SP
2017-09-18,2,wrong_or_missing_item,negative,The product I received was not what I bought on the website.,f,MG
2017-09-18,1,seller_or_service,negative,I want a refund.,f,MG
2017-09-19,2,damaged_or_defective,negative,The watch arrived with a scratched front black plastic part.,f,PR
2017-09-20,1,poor_quality,negative,"Product does not match the photo, has very poor quality and a strange appearance.",f,SP
2017-09-20,1,poor_quality,negative,"Poor quality, wrong size and print, trying to exchange.",f,SP
2017-09-20,5,positive,positive,Top-tier product. I liked it!,f,SP
2017-09-21,3,damaged_or_defective,negative,"The product is very noisy, speed fluctuates and it freezes. Either I do not recommend it or mine is defective.",f,SP
2017-09-21,2,not_received,negative,"Did not receive another order, waiting for both proteins.",f,MT
2017-09-21,3,positive,positive,I recommend.,f,SP
2017-09-21,2,late_delivery,negative,"TV and cable bought together arrived separately, cable took 4 extra days.",f,MG
2017-09-22,1,seller_or_service,negative,Stickers not received and refund email notification received earlier.,,SC
2017-09-22,2,not_received,neutral,"I haven't received the product yet, so reviewing it is pointless.",f,SP
2017-09-22,1,late_delivery,negative,My purchase is very late.,,PB
2017-09-22,1,poor_quality,negative,I was not satisfied with the product's material.,f,RJ
2017-09-22,2,poor_quality,negative,Good appearance but low quality; it is not lined and the strap fastener is plastic.,f,SP
2017-09-23,5,positive,positive,Products sold are very good and always of high quality.,f,PR
2017-09-25,4,positive,positive,Arrived before the final deadline.,f,SP
2017-09-25,2,wrong_or_missing_item,negative,"Bought three bed sets, only two arrived. Automated support blocked contact and emails.",f,GO
2017-09-25,1,poor_quality,negative,Expected more from the product; suitcase handle is stiff and lunchbox was empty.,f,SP
2017-09-25,1,not_received,negative,I still do not know where my product ended up.,f,RJ
2017-09-26,1,wrong_or_missing_item,negative,"I ordered a black sling and received a blue one. Waiting over a month, now I have to wait more to exchange.",f,SP
2017-09-26,5,positive,positive,"Received well before the deadline, quality product and well delivered.",f,SC
2017-09-26,1,poor_quality,negative,Product quality leaves a lot to be desired. Do not recommend buying it.,f,SP
2017-09-26,2,poor_quality,negative,Material is lighter and has less foam than shown in the picture.,f,MG
2017-09-26,1,seller_or_service,negative,I've been waiting over a month for a solution. Should I seek help from consumer protection?,,SP
2017-09-27,5,positive,positive,"Very big backpack, my daughter loved it.",f,RJ
2017-09-27,1,wrong_or_missing_item,negative,"Bought 5, received 3, and company gives no response.",f,CE
2017-09-28,1,wrong_or_missing_item,negative,"Ordered 4 units of subwoofers, but only received 2 units.",f,CE
2017-09-28,1,other,negative,Believes the purchase was cancelled.,,SP
2017-09-28,3,seller_or_service,neutral,"Product did not meet needs. Cancelled, but it arrived anyway. Oh well...",f,BA
2017-09-29,1,seller_or_service,negative,"I bought the product, but the seller didn't have it in stock. Absurd!",,SP
2017-09-29,2,damaged_or_defective,negative,Both trackers failed. Returned and waiting for refund.,,SP
2017-09-29,1,poor_quality,negative,Product is junk. Too small and some parts do not fix to each other.,f,SP
2017-09-29,1,poor_quality,negative,The product arrived different from advertised.,f,DF
2017-09-29,2,positive,neutral,Fair!,t,RN
2017-09-30,5,positive,positive,"I really liked it, everything arrived correctly and even before the delivery deadline.",f,MG
2017-10-01,1,seller_or_service,negative,Status changed to unavailable and nobody contacts me for a refund. Will contact PROCON.,,MG
2017-10-01,2,wrong_or_missing_item,negative,"The product arrived but one is missing, I paid for two and only got one.",f,SP
2017-10-01,2,poor_quality,negative,"The case doesn't fit right, blocks music jack, and the screen protector is too short.",f,DF
2017-10-01,5,positive,positive,"Multiple purchases made, always perfect conditions and early deliveries. Total trust.",f,RS
2017-10-02,1,poor_quality,negative,Fragile material. I am not satisfied and expected it to be better.,f,RJ
2017-10-02,1,wrong_or_missing_item,negative,Bought the curtain but the rod was missing despite being specified. I felt cheated.,f,SP
2017-10-03,2,seller_or_service,neutral,"Bought as a gift, missed first delivery attempt, and had to pick it up at the central post office.",t,SP
2017-10-03,1,damaged_or_defective,negative,The glass screen protector arrived defective and I cannot resolve the issue.,f,RS
2017-10-03,4,wrong_or_missing_item,negative,I would not recommend this store because I ordered 2 bracelets and only 1 arrived.,f,SP
2017-10-03,1,seller_or_service,negative,Received a different product and was unable to contact the store through any means.,f,RJ
2017-10-03,3,late_delivery,neutral,"Everything arrived correctly as described, the only bad part was the delivery time.",f,SP
2017-10-03,3,positive,positive,Very good!,f,SP
2017-10-03,3,wrong_or_missing_item,neutral,"The ad showed a different size than what appeared at checkout, though it still fits my window.",f,ES
2017-10-03,1,damaged_or_defective,negative,"Hose arrived scratched, dead parts, and protruding wires. Waiting for replacement.",f,CE
2017-10-04,1,wrong_or_missing_item,negative,"Terrible! Bought 3 wallpaper rolls, only 1 arrived, without invoice, broken seal, and no label.",f,SP
2017-10-04,5,positive,positive,"Arrived way before the deadline! Perfect, beautiful, great material, loved it.",f,MT
2017-10-04,3,late_delivery,negative,Did not like the delay.,f,PI
2017-10-04,3,positive,positive,"Always liked buying from this store, I trust their reliability!",f,ES
2017-10-05,2,wrong_or_missing_item,negative,"Wrong color, missing parts, and no response from the seller.",f,PE
2017-10-05,1,not_received,negative,I did not receive the product.,,CE
2017-10-05,1,poor_quality,negative,I hated the curtain. It is completely different from the photo.,f,SP
2017-10-05,1,late_delivery,negative,Bought several products for the wedding and they still haven't arrived.,t,MG
2017-10-05,1,damaged_or_defective,negative,The store delivered a defective watch. It loses time and stops. I want my money back.,f,SP
2017-10-05,1,poor_quality,negative,"Terrible quality brush, bristles keep falling out. Do not recommend.",f,RS
2017-10-05,1,damaged_or_defective,negative,The product is not working.,f,DF
2017-10-06,4,poor_quality,neutral,Voltage was not identified on the packaging or invoice; found only on a small motor sticker.,f,SP
2017-10-06,1,not_received,negative,Did not receive the product.,,SP
2017-10-06,1,wrong_or_missing_item,negative,"The product came in the wrong color, I need an exchange as it was a birthday gift.",f,MG
2017-10-08,3,wrong_or_missing_item,negative,"Two orders from the same store, but only one arrived.",f,DF
2017-10-08,1,damaged_or_defective,negative,Product arrived broken and I cannot process the exchange on the website.,f,SP
2017-10-08,1,wrong_or_missing_item,negative,"Split delivery order, still haven't received the other item and paid two shipping fees.",f,DF
2017-10-08,2,wrong_or_missing_item,negative,"I bought three pendant lights, I received only two.",f,RS
2017-10-09,1,seller_or_service,negative,"Purchase was charged to credit card, then cancelled without refund.",,MG
2017-10-09,1,not_received,negative,Did not receive the product as it was cancelled due to out-of-stock.,,MG
2017-10-09,5,positive,positive,I always buy and receive everything properly and ahead of schedule. Great.,f,SP
2017-10-09,2,wrong_or_missing_item,negative,I bought a bed sheet set and received a bedspread instead.,f,SP
2017-10-10,1,not_received,negative,I did not receive any notification about the product's destination. Lack of respect for the customer.,,DF
2017-10-10,1,wrong_or_missing_item,negative,Trying to contact support for days. Only half of the order was delivered.,f,SP
2017-10-10,5,positive,positive,"Great quality product, loved it, I recommend.",f,RJ
2017-10-10,1,not_received,negative,Did not receive the product.,t,DF
2017-10-10,3,late_delivery,negative,Took way too long.,f,SP
2017-10-11,3,positive,positive,"Putting aside some past issues, I still recommend them.",f,SP
2017-10-11,1,wrong_or_missing_item,negative,"Incomplete delivery, received only the cheapest item of the order.",f,BA
2017-10-11,1,wrong_or_missing_item,negative,Received items partially with missing parts and incorrect invoices.,f,RJ
2017-10-12,1,wrong_or_missing_item,negative,"Delivery is not complete, a tire is missing.",f,SP
2017-10-12,1,wrong_or_missing_item,negative,Received only 1 item from the order.,f,SE
2017-10-12,1,wrong_or_missing_item,negative,The purchase did not arrive complete; the crib kit is still missing.,f,PA
2017-10-12,3,positive,positive,Everything is fine.,f,RJ
2017-10-12,2,wrong_or_missing_item,negative,"Received the wrong product, capsules instead of liquid, need an urgent exchange.",f,SP
2017-10-12,1,poor_quality,negative,"Product is flimsy, very weak resistance, completely worthless.",f,PE
2017-10-13,5,positive,positive,"Excellent product and seller, I recommend to everyone.",f,SC
2017-10-13,5,positive,positive,"Products of excellent quality, and arrived before the scheduled date.",f,MT
2017-10-13,5,positive,positive,"Excellent partners, congratulations and thank you for the great service.",f,SP
2017-10-13,1,late_delivery,negative,Package stuck in transit since October 16th and has not arrived yet.,t,BA
2017-10-13,2,wrong_or_missing_item,negative,"I did not receive the baby car seat, only the base. Why was it not delivered completely?",f,GO
2017-10-13,1,seller_or_service,negative,Want a refund as soon as possible or delivery of my product.,,MG
2017-10-13,1,damaged_or_defective,negative,"Item arrived missing parts with defects, and customer service did not reply.",f,DF
2017-10-13,3,damaged_or_defective,positive,"Product arrived as requested on time, but the velvet box was damaged during transport.",f,RS
2017-10-13,3,poor_quality,neutral,This phone case does not protect the camera properly.,f,SP
2017-10-14,5,positive,positive,The order was delivered so fast I couldn't believe it! Excellent!,f,RJ
2017-10-14,1,wrong_or_missing_item,negative,Received another customer's product totally different from what I bought.,f,PR
2017-10-15,1,not_received,negative,Have not received my product until now.,t,SP
2017-10-15,4,positive,positive,Everything from purchase to delivery was perfect. Thank you.,f,SP
2017-10-15,2,poor_quality,neutral,"Considering the low price, I knew it wasn't high quality. Reasonable product.",t,RJ
2017-10-15,1,not_received,negative,I have not received the product yet.,f,SP
2017-10-16,2,poor_quality,negative,"The product did not meet my quality expectations, so I am going to return it to the store.",f,RS
2017-10-16,5,positive,positive,Great product and very fast delivery. Congratulations.,f,SP
2017-10-16,1,not_received,negative,Terrible. It did not arrive by the promised date and now they say it is out of stock.,,RO
2017-10-16,1,damaged_or_defective,negative,Product arrived with broken parts preventing assembly. Waiting for an exchange.,f,SP
2017-10-16,5,positive,positive,Very good,f,MS
2017-10-16,1,seller_or_service,negative,"Seller called saying product was out of stock and asked to cancel, but cannot cancel.",,SP
2017-10-17,1,wrong_or_missing_item,negative,A diffuser is missing.,f,SP
2017-10-17,2,wrong_or_missing_item,negative,"Only received the protective cover, the white sheet did not arrive. Also, poor expectations.",f,DF
2017-10-17,3,late_delivery,negative,"Still haven't received it, it's late. This never happened before as it always arrives on time.",,SP
2017-10-17,3,wrong_or_missing_item,neutral,Received only the screen protector; seller sent a letter explaining supplier issues and will send the case later.,t,SP
2017-10-18,4,positive,positive,Just like the photo.,f,ES
2017-10-18,1,damaged_or_defective,negative,"Glass screen protector arrived scratched and missing plastic, and case is too loose.",f,SP
2017-10-18,5,positive,positive,"Loved the product, great price, met my expectations.",f,MA
2017-10-18,1,not_received,negative,"Still selling units online showing stock available, but failing to deliver.",,SP
2017-10-18,1,other,neutral,"Delivery for jewelry was great, but this paper was not.",f,RJ
2017-10-18,5,positive,positive,The product was delivered on time and in perfect condition.,f,RJ
2017-10-18,4,positive,positive,It was delivered on time.,t,SP
2017-10-18,1,wrong_or_missing_item,negative,"Ordered two items including a phone, one is missing and still not received.",f,SP
2017-10-19,1,wrong_or_missing_item,negative,"I did not receive what I bought, products were missing from the order.",f,SP
2017-10-19,1,seller_or_service,negative,The product was delivered to a neighbor I don't know. How can they deliver to another house?,f,SP
2017-10-19,3,wrong_or_missing_item,negative,Received the wrong size rug and want to return it for the correct one.,f,PR
2017-10-19,1,not_received,negative,"Still haven't received the product, despite the website showing it as delivered.",f,RJ
2017-10-19,3,wrong_or_missing_item,neutral,"I don't know what happened, but my product was developed backwards.",f,SP
2017-10-19,5,positive,positive,Very fast and everything is okay.,f,RJ
2017-10-19,1,seller_or_service,negative,Supplier lacked the paid product and cancelled. Disrespectful to the consumer.,,SP
2017-10-20,1,seller_or_service,negative,I want an answer about my order.,,SP
2017-10-21,1,poor_quality,negative,Crap cartridge.,f,SP
2017-10-21,4,positive,positive,"Good customer service by phone, suggested cash payment discounts.",f,RJ
2017-10-21,3,poor_quality,negative,The chair has smaller dimensions than the standard size.,f,CE
2017-10-21,1,other,negative,A shame.,f,SP
2017-10-21,5,positive,positive,"Great service, I will recommend it.",f,MG
2017-10-21,3,wrong_or_missing_item,neutral,"Not sure what happened, the rest of the items arrived.",f,MG
2017-10-22,1,poor_quality,negative,Wasted my money on awful wallpaper that does not stick despite the ad claims.,f,RS
2017-10-22,1,poor_quality,negative,"These towels are of very poor quality, unlike previous purchases. I will donate them.",f,MG
2017-10-23,1,seller_or_service,negative,Invoice has not been issued yet despite weeks passing since payment.,,SP
2017-10-23,5,positive,positive,Everything went as communicated. Satisfied with the company's service and customer care.,f,SP
2017-10-23,2,seller_or_service,negative,I received a defective product a month ago and they still have not exchanged it.,f,RJ
2017-10-23,3,positive,positive,All okay.,f,AL
2017-10-23,3,positive,positive,"Arrived before the deadline. Very happy, thank you!",f,SP
2017-10-23,1,wrong_or_missing_item,negative,Product arrived with missing items.,f,SP
2017-10-24,5,positive,positive,"Super fast delivery before the deadline, very satisfied.",f,SP
2017-10-24,5,positive,positive,"Excellent seller, product arrived ahead of schedule.",f,MG
2017-10-24,1,wrong_or_missing_item,negative,"Bought decorative plant pots, but the plant did not come.",f,RJ
2017-10-24,1,wrong_or_missing_item,negative,I bought 2 units and only 1 arrived.,f,RJ
2017-10-24,5,positive,positive,Good product and delivery ahead of schedule.,f,SP
2017-10-25,1,wrong_or_missing_item,negative,A completely different chandelier from the one requested was sent.,f,SC
2017-10-25,2,damaged_or_defective,negative,"The chair base arrived broken. Can you send another? Annoyed, I do not want to buy online again.",f,SP
2017-10-25,3,late_delivery,neutral,I thought it took too long.,f,GO
2017-10-26,3,wrong_or_missing_item,neutral,"Received a different product than shown on the site, contacted support hoping for a quick exchange.",f,SP
2017-10-26,3,positive,neutral,I am waiting to see if it truly exceeds expectations.,f,SP
2017-10-26,2,damaged_or_defective,neutral,"The store is good, but my HDMI cable came defective. I want to know how to exchange it.",f,RS
2017-10-26,4,wrong_or_missing_item,neutral,"Received the pillow but not the blanket, waiting for an explanation.",f,SP
2017-10-27,3,poor_quality,negative,"Poor finishing, paint bubbling in several spots, and very thin metal.",f,RJ
2017-10-27,3,positive,positive,Product delivered in good condition.,f,SE
2017-10-27,1,seller_or_service,negative,Allowed me to buy an out-of-stock item. The site should block unavailable purchases.,,SP
2017-10-27,3,wrong_or_missing_item,neutral,"Bought 2 products and only received 1, waiting for the other one.",f,RJ
2017-10-27,3,seller_or_service,neutral,The post office returned the product to the supplier. Asking how to get it resent.,t,RJ
2017-10-29,1,wrong_or_missing_item,negative,Ordered 100 meters of cable but received 92. Issue unresolved.,f,SP
2017-10-29,1,damaged_or_defective,negative,"Please reply, the thinning scissors arrived defective and I need to exchange them.",f,SP
2017-10-29,1,not_received,negative,Still have not received the product bought on 10/22. I want my product or money back.,t,SP
2017-10-29,1,not_received,negative,"Sold an out-of-stock item, charged for it, and after a month failed to deliver or explain.",,SP
2017-10-29,1,wrong_or_missing_item,negative,"Part of the order was delivered, missing a watch despite the email saying all three arrived.",f,SP
2017-10-30,1,late_delivery,negative,"Product not as shown on site, delayed communication about alternatives, and not yet delivered.",t,CE
2017-10-30,1,wrong_or_missing_item,negative,"I only received the mats, missing the gutters. Let's solve this quickly.",,SP
2017-10-30,5,positive,positive,Ten out of ten store.,f,MG
2017-10-31,1,late_delivery,negative,"Delivery was claimed to be attempted, but I was home and no notice was left.",t,SP
2017-10-31,1,poor_quality,negative,"The item on the site looks like fabric, but it is actually vinyl.",f,MG
2017-10-31,3,not_received,negative,I have not received the product yet!,f,SP
2017-11-01,2,other,neutral,"Good quality merchandise, but shipping should be more affordable.",f,BA
2017-11-01,5,positive,positive,Very good.,f,SP
2017-11-01,2,wrong_or_missing_item,negative,I hope they deliver the towel set that was missing.,f,RJ
2017-11-01,5,positive,positive,Delivered ahead of schedule. Congratulations to the team.,f,DF
2017-11-01,1,late_delivery,negative,I am unsatisfied with the delayed delivery and poor communication by phone and internet.,t,CE
2017-11-02,5,positive,positive,Did not expect to receive it so soon. Very happy. Thank you very much.,f,SP
2017-11-02,1,not_received,negative,I bought it and did not receive the product.,,SP
2017-11-02,2,positive,positive,I always buy from this store and I like it.,f,SP
2017-11-02,1,seller_or_service,negative,It seems an unavailable product was sold by the store.,,SP
2017-11-02,5,positive,positive,Very good watch and delivered on time.,f,MG
2017-11-02,5,positive,positive,It is beautiful.,f,SP
2017-11-03,4,late_delivery,positive,"Despite the trouble, I recommend and keep buying here. Mishaps happen, still waiting for delivery.",f,SP
2017-11-03,3,positive,positive,I recommend.,f,SP
2017-11-03,3,poor_quality,neutral,"Very fast delivery, but the product quality is not very good.",f,SP
2017-11-03,1,seller_or_service,negative,Sent a message three days ago with no reply. Received one damaged sticker and no second sticker. No cancellation reply.,f,MG
2017-11-04,3,damaged_or_defective,neutral,"Delivered early, but the lid was slightly dented and less sturdy than expected.",f,SP
2017-11-04,1,not_received,negative,Did not receive.,f,PR
2017-11-04,1,seller_or_service,negative,Doll arrived stained. Opened a support request but haven't received a response.,f,RS
2017-11-04,1,seller_or_service,negative,"Delivered a wrong product, sent an email and no response until today.",f,RO
2017-11-05,1,not_received,negative,"They did not deliver, gave no explanation, and already charged my credit card.",,MG
2017-11-05,2,wrong_or_missing_item,negative,They did not deliver the complete product.,f,CE
2017-11-05,2,positive,positive,Good product.,f,RJ
2017-11-05,1,poor_quality,negative,"Product is very different from the photo, material is extremely thin and without lining.",f,SP
2017-11-05,1,damaged_or_defective,negative,My doll arrived with a defect.,f,RS
2017-11-05,1,seller_or_service,negative,I tried to get a response about the delay from the supplier and got nothing.,t,CE
2017-11-05,1,damaged_or_defective,negative,The zipper arrived defective.,f,RJ
2017-11-05,5,positive,positive,This store is reliable.,f,CE
2017-11-06,5,positive,positive,Good quality material and arrived before the deadline.,f,BA
2017-11-06,3,positive,positive,I liked the product.,f,RJ
2017-11-06,1,wrong_or_missing_item,negative,"Did not receive the red maternity outfit I bought; received a different, ugly colored one instead.",f,MA
2017-11-06,3,positive,positive,Cool.,f,PR
2017-11-06,1,poor_quality,negative,Products arrived loose in an envelope and were identified as a fake batch.,f,SP
2017-11-07,1,not_received,negative,"I bought the product and haven't received it in a month. Very bad, do not recommend.",t,CE
2017-11-07,3,seller_or_service,neutral,I paid for shipping and still had to pick up the product at the post office.,f,SP
2017-11-07,2,poor_quality,negative,The print colors are not as vibrant as in the website photo. It is faded and blurry.,f,RJ
2017-11-07,5,positive,positive,"Arrived in perfect condition, on time, and quality meets expectations.",f,SP
2017-11-07,2,seller_or_service,neutral,"Product works as promised and arrived on time, but the store did not issue the invoice.",f,DF
2017-11-07,1,not_received,negative,"Still haven't received it, and it was already charged to my credit card.",,RJ
2017-11-07,2,seller_or_service,negative,"The site validates the purchase and after payment, I am informed the product is unavailable.",,SP
2017-11-08,1,wrong_or_missing_item,negative,"Out of 2 products ordered, only one was delivered, the other is still missing.",f,PR
2017-11-08,2,wrong_or_missing_item,negative,Only the cosmetic bag arrived out of two ordered items; the necklace hasn't arrived.,f,SP
2017-11-08,2,late_delivery,negative,Charged for shipping but have to pick up the order myself.,f,SP
2017-11-08,5,positive,positive,"Everything correct, smooth, and delivered on time.",f,MG
2017-11-08,5,positive,positive,Great store.,f,SP
2017-11-08,1,late_delivery,negative,Had to pick up at post office due to a false claim that no one was home.,f,RJ
2017-11-09,1,not_received,negative,Did not receive one product and customer service was terrible.,f,SP
2017-11-09,2,damaged_or_defective,negative,"Bought two lamps, one box was crushed but lamp was fine, the other lamp was broken.",f,RJ
2017-11-09,1,wrong_or_missing_item,negative,"Bought makeup brush set, store delivered hair cutting scissors. Terrible.",f,SP
2017-11-09,1,not_received,negative,"Still have not received my product, it has been a month since purchase.",t,BA
2017-11-10,1,not_received,negative,I have not received anything yet.,,DF
2017-11-10,5,positive,positive,Found the product to be of great quality.,f,CE
2017-11-10,1,seller_or_service,negative,The company canceled the product without notice and the amount has not been refunded yet.,,PR
2017-11-11,1,seller_or_service,negative,"Received delivery error message, post office showed no receipt, and seller didn't reply.",t,SP
2017-11-11,1,wrong_or_missing_item,negative,"Bedding set is missing, I only received two pillowcases.",f,RJ
2017-11-12,1,wrong_or_missing_item,negative,Bought 2 bases and only received 1. Waiting for contact.,f,RJ
2017-11-12,3,positive,neutral,Good product.,f,SP
2017-11-12,1,damaged_or_defective,negative,Product came with a missing part preventing use. Want a new product or refund.,f,SP
2017-11-13,1,seller_or_service,negative,"Terrible service, trays were supposed to arrive by Dec 6, but have not arrived or received replies.",,SP
2017-11-13,1,wrong_or_missing_item,negative,Still waiting for the third unit. Only two arrived tied with string.,f,RJ
2017-11-13,5,positive,positive,"The purchase was smooth, as always!",f,SC
2017-11-13,2,damaged_or_defective,neutral,"Delivered on time, product is good, but packaging was badly crushed during transit.",f,SP
2017-11-13,4,damaged_or_defective,positive,"Delivered early, good cutting board, but the bottom tray material is poor and slightly dented.",f,SP
2017-11-14,1,other,negative,Never again.,,RJ
2017-11-14,5,positive,positive,"Excellent product, already using it, arrived ahead of schedule.",f,MG
2017-11-14,4,poor_quality,neutral,Product is too big for a 15.6 inch laptop and has little foam protection.,f,ES
2017-11-14,1,wrong_or_missing_item,negative,I bought 3 niches and have only received two so far.,f,RS
2017-11-14,1,late_delivery,negative,Two days have passed past the delivery date and I still have not received it.,t,SP
2017-11-14,1,seller_or_service,negative,Being ignored by customer service when trying to exchange or return the product.,f,RJ
2017-11-14,1,late_delivery,negative,Delay in delivery without notifying the customer. Lack of consideration.,t,MG
2017-11-15,2,wrong_or_missing_item,negative,I bought a roadstar module and they sent a different brand instead.,f,BA
2017-11-15,3,damaged_or_defective,neutral,"Fast delivery, but came with two stains on the doll's face.",f,RJ
2017-11-15,1,poor_quality,negative,"The store used to be good, now it is terrible. I am seriously thinking about not buying anymore.",t,RJ
2017-11-15,1,seller_or_service,negative,Partner company failed to communicate out-of-stock item and cancelled the sale.,,RJ
2017-11-15,3,late_delivery,negative,"Every time I bought it delivered, now that the carrier was the post office it did not deliver.",,SP
2017-11-16,3,poor_quality,neutral,It is good but not original and not all buttons work.,f,MG
2017-11-16,1,late_delivery,neutral,Waiting for the product.,t,MT
2017-11-16,2,wrong_or_missing_item,negative,Received the wrong medication which was also expired. Requesting urgent repair.,f,SP
2017-11-17,4,positive,positive,The pieces arrived correctly and very well packaged! Congratulations!,f,SP
2017-11-17,1,not_received,negative,The product was not delivered and no explanation was given despite numerous contact attempts.,,DF
2017-11-17,1,seller_or_service,negative,This product was cancelled.,,SP
2017-11-17,1,seller_or_service,negative,Car Seat arrived wrong and no one has contacted me with a solution yet.,f,MG
2017-11-17,1,late_delivery,negative,Bought a speaker on Nov 17 and still haven't received it or explanations by Dec 9.,,RJ
2017-11-17,1,wrong_or_missing_item,negative,Did not receive all the products.,f,SP
2017-11-17,1,wrong_or_missing_item,negative,"I need to solve a problem, I bought two products but only received one.",f,RS
2017-11-17,1,seller_or_service,negative,I received an email saying it couldn't be delivered due to lack of stock. Waiting for store credit.,,SP
2017-11-18,5,positive,positive,"Loved it, perfect, beautiful.",f,RJ
2017-11-18,3,positive,positive,It arrived on time and as expected. I highly recommend it.,f,SP
2017-11-18,1,wrong_or_missing_item,negative,I bought two units of the product and they delivered only one.,f,RS
2017-11-18,3,seller_or_service,neutral,Other stores provide faster communication support and quicker delivery.,f,CE
2017-11-18,1,wrong_or_missing_item,negative,Ordered 2 tubes and only one arrived. Want the complete order.,t,MA
2017-11-18,1,damaged_or_defective,negative,"Received product with open box, no seal, no invoice, and want a refund.",f,SP
2017-11-19,3,positive,positive,Delivered within the agreed deadline.,f,MG
2017-11-20,2,poor_quality,negative,The product has a different size than advertised on the website.,f,SP
2017-11-20,1,wrong_or_missing_item,negative,"Purchase status shows delivered, but delivery was incomplete and toner was missing.",f,SP
2017-11-20,1,wrong_or_missing_item,negative,I ordered 3 lamps and received only 2. The missing one hasn't arrived yet.,f,PR
2017-11-20,3,damaged_or_defective,neutral,"Arrived early, but brushes were bent and some had mismatched bristles.",f,SP
2017-11-20,5,positive,positive,Very good.,f,RJ
2017-11-20,1,late_delivery,negative,"Not satisfied, products did not arrive on time, upset with the site, need urgent reply.",,DF
2017-11-20,1,not_received,negative,I have not received the product yet.,t,RJ
2017-11-20,2,wrong_or_missing_item,negative,"Bought a bracelet and charm together. The charm arrived, but the bracelet was missing.",f,GO
2017-11-20,2,poor_quality,neutral,"Product loose in box with no padding. Fortunately undamaged, but poor packaging.",f,SP
2017-11-20,3,late_delivery,negative,I felt this took longer than my other orders.,t,SP
2017-11-20,1,not_received,negative,Have not received the product yet and want to know how to get a refund.,,SP
2017-11-20,1,late_delivery,negative,I would like to know when it will arrive.,,CE
2017-11-21,2,wrong_or_missing_item,negative,Ordered two toners and received only one. Contacted the issuer and waiting for a reply.,f,MS
2017-11-21,4,positive,positive,"Haven't used it yet, but it looks good.",f,SP
2017-11-21,3,poor_quality,neutral,"Store and delivery were great, but the product is not as good as it seems.",f,SP
2017-11-22,1,seller_or_service,negative,"Payment pending 10 days, no email reply, had to call customer service.",t,GO
2017-11-22,3,positive,positive,The product is good.,f,SP
2017-11-22,3,wrong_or_missing_item,negative,"I bought 2 pendants, but only 1 arrived.",f,MG
2017-11-22,1,wrong_or_missing_item,negative,I bought a desk fan and received a tower fan with a broken base.,f,RJ
2017-11-22,1,wrong_or_missing_item,negative,I did not receive the baby comfort base. I bought the complete set as a baby shower gift and need a reply.,f,SC
2017-11-22,1,not_received,negative,Product never arrived.,,GO
2017-11-23,1,not_received,negative,"Did not receive and will not receive my purchase, want to cancel and refund.",,SP
2017-11-23,1,positive,positive,"Trusted store, delivery on time.",f,PI
2017-11-23,1,wrong_or_missing_item,negative,Bought 2 lamps and only one arrived. Awaiting explanation.,f,MG
2017-11-23,1,not_received,negative,My product has not arrived at my home yet.,,RJ
2017-11-23,1,seller_or_service,negative,I bought the wrong product and am trying to contact the seller to exchange for store credit.,f,SP
2017-11-23,1,wrong_or_missing_item,negative,Material is not leather as described and wrong model sent.,f,RS
2017-11-23,1,seller_or_service,negative,Delayed invoice and takes forever to refund money after cancellation.,,SP
2017-11-23,1,late_delivery,negative,Deliveries are taking too long.,t,BA
2017-11-23,1,other,negative,do not buy,,MG
2017-11-23,1,not_received,negative,I have been without my product for over 20 days. I will never buy from you again.,,BA
2017-11-23,3,late_delivery,neutral,"Haven't received it yet, but delivery deadline is still in the future.",f,SP
2017-11-24,1,seller_or_service,negative,It has been 30 days and the invoice has not even been issued yet.,,SC
2017-11-24,3,late_delivery,neutral,"Delayed delivery made me buy another, but everything arrived fine. Maybe earlier next time.",t,MT
2017-11-24,3,late_delivery,neutral,The delivery time is too long.,f,BA
2017-11-24,1,wrong_or_missing_item,negative,Two units were ordered and we only received one.,f,SP
2017-11-24,3,late_delivery,negative,"Product hasn't arrived. It was a Christmas gift, need it by Dec 23 or want a refund.",f,GO
2017-11-24,2,seller_or_service,negative,"Asked to cancel before shipment, but invoice was issued. Waiting for stuck delivery to return.",t,SC
2017-11-24,2,poor_quality,negative,Low quality product compared to price and description.,f,RS
2017-11-24,1,late_delivery,negative,"Very indignant, delivery deadline expired yesterday and no explanation given.",,MA
2017-11-24,1,poor_quality,negative,Paraguay counterfeit product.,f,SC
2017-11-24,1,late_delivery,negative,"Haven't received the product yet, unlike other sites. No explanation for the delay.",t,SP
2017-11-24,2,wrong_or_missing_item,negative,The futon seats were missing from the delivery and only the kits arrived.,f,SP
2017-11-24,1,not_received,negative,The product hasn't arrived at my house yet and the store won't get in touch.,t,SE
2017-11-24,1,damaged_or_defective,negative,Product arrived broken and poorly made. I request an exchange for a perfect one.,t,RJ
2017-11-24,4,damaged_or_defective,neutral,"Delivered in protected packaging, but presented small scratches.",f,MG
2017-11-24,4,positive,positive,Very good.,f,BA
2017-11-24,1,positive,negative,I do not recommend this store because I was not satisfied with my purchase.,f,SP
2017-11-24,1,late_delivery,negative,I am still waiting until today.,t,SC
2017-11-24,1,late_delivery,negative,They do not deliver on time!,t,SP
2017-11-24,3,not_received,negative,My product has not arrived yet.,t,SP
2017-11-24,2,not_received,negative,It was not delivered.,f,PR
2017-11-24,3,poor_quality,neutral,"Fast and efficient store. Sofa cover is okay for the price, but a bit small.",f,MG
2017-11-24,3,positive,positive,Within the deadline.,t,MG
2017-11-24,5,late_delivery,neutral,"Very good product, but the delivery deadline was not met.",t,SP
2017-11-24,3,positive,positive,Good product.,f,PB
2017-11-24,1,not_received,negative,I haven't received the product yet. I am dissatisfied as I expected it on time.,t,CE
2017-11-24,1,not_received,negative,I still have not received my product.,t,SC
2017-11-24,1,seller_or_service,negative,"Terrible customer service, hung up on me and sent mocking follow-up emails.",t,RJ
2017-11-24,5,positive,positive,"Very good product, arrived ahead of schedule, highly recommend.",f,ES
2017-11-24,1,poor_quality,negative,"Tray is unstable, poorly packaged, missing manual, and difficult to assemble.",f,SP
2017-11-24,2,late_delivery,negative,Delivery deadline passed and I still haven't received the product.,t,BA
2017-11-24,2,late_delivery,neutral,Requests more agility in delivery.,t,BA
2017-11-24,1,not_received,negative,The product left Curitiba and never arrived in Rio. No explanation given.,t,RJ
2017-11-24,3,late_delivery,neutral,"It took a while, but everything arrived fine.",f,RJ
2017-11-24,1,wrong_or_missing_item,negative,"Bought three roller blinds but only two were delivered, and no response from store.",f,RJ
2017-11-24,2,late_delivery,negative,"Extremely delayed, outdated tracking, waiting for over 30 days.",t,SC
2017-11-24,1,not_received,negative,"Did not receive product, hate postal deliveries, terrible.",t,RS
2017-11-24,5,positive,positive,"Great tires, I recommend them!",f,RJ
2017-11-24,3,seller_or_service,neutral,Shipping has been outsourced multiple times and now we do not know where products come from.,f,MG
2017-11-24,2,wrong_or_missing_item,negative,"Only one item arrived out of three, and customer got no response after emailing.",f,MG
2017-11-24,5,positive,positive,"Very good customer service, as always.",f,SP
2017-11-24,2,late_delivery,negative,"Product differs from photo, high shipping cost, and delivery took over 10 days.",f,SP
2017-11-24,3,wrong_or_missing_item,neutral,"The product itself is good, but the fixing screws were missing.",f,MG
2017-11-24,5,positive,positive,Too good.,t,RJ
2017-11-24,3,wrong_or_missing_item,neutral,Received the curtain but not the rod promised in the ad. The curtain is pretty.,f,SP
2017-11-24,1,seller_or_service,negative,The invoice has not even been generated yet.,,SP
2017-11-24,1,not_received,negative,I did not receive my product.,,PB
2017-11-24,1,late_delivery,negative,Late delivery.,t,SE
2017-11-24,2,damaged_or_defective,negative,"Did not like the package, it arrived all crushed and poorly packaged.",f,SP
2017-11-24,2,wrong_or_missing_item,negative,Incomplete order received; ordered three items but only two arrived.,f,GO
2017-11-24,1,wrong_or_missing_item,negative,My product was delivered incomplete. I bought two shampoos and only received one.,f,MG
2017-11-24,1,late_delivery,negative,"Products did not arrive on time, cannot be tracked, and I am still waiting.",t,RJ
2017-11-24,3,poor_quality,neutral,"Wallet size was not properly described, not what I imagined.",f,RS
2017-11-24,1,late_delivery,negative,Product was not delivered on the scheduled date yesterday.,t,MG
2017-11-24,1,positive,positive,Excellent.,f,SP
2017-11-24,1,late_delivery,negative,"Delivery not made, zero helpful support, complete disregard and unanswered protocols.",,SP
2017-11-24,3,wrong_or_missing_item,negative,The product does not fit my phone; it is too big. Can I exchange it?,f,RS
2017-11-24,1,late_delivery,negative,Order is delayed and I might cancel if it does not arrive by Thursday.,,DF
2017-11-25,1,not_received,negative,"Did not receive the product, and refund voucher was a lie. Store keeps stalling.",f,SP
2017-11-25,3,wrong_or_missing_item,neutral,A part was missing from the assembly manual. Can you provide it?,f,SP
2017-11-25,1,late_delivery,negative,We are waiting for the delivery of my game to be used at Christmas as agreed!,t,RJ
2017-11-25,1,not_received,negative,My merchandise has not arrived yet.,f,MG
2017-11-25,1,seller_or_service,negative,"Product simply didn't arrive, and messages to support have been ignored.",t,SC
2017-11-25,2,wrong_or_missing_item,negative,Only one item was delivered missing the other two without any explanation.,f,SP
2017-11-25,2,wrong_or_missing_item,negative,"Out of 4 products bought together, only 1 arrived. Waiting for contact.",f,RJ
2017-11-25,1,seller_or_service,negative,"Did not receive the product or any explanation, and customer service is unhelpful.",t,PA
2017-11-25,1,not_received,negative,Product not delivered.,t,RJ
2017-11-25,1,wrong_or_missing_item,negative,"I bought 4 units according to the invoice, but only received 1. Three units are missing and I need an urgent return.",f,SC
2017-11-25,3,poor_quality,negative,The fabric is terrible.,f,SP
2017-11-25,1,not_received,negative,I have not received my product and would like to know why!,t,RJ
2017-11-25,1,late_delivery,negative,"Ordered a month ago, tracking failure, still nothing.",t,DF
2017-11-25,5,positive,positive,Delivery made perfectly. I recommend!,f,RJ
2017-11-25,2,late_delivery,negative,I think it is taking too long.,t,GO
2017-11-25,5,positive,positive,Everything according to the announcement.,f,RS
2017-11-25,1,late_delivery,negative,I want to know when my product will arrive; it hasn't been delivered and the date passed.,t,RJ
2017-11-25,1,not_received,negative,I did not receive my product and want to know why.,f,RJ
2017-11-25,5,positive,positive,I recommend as I've never had problems with this good store.,,RJ
2017-11-25,1,poor_quality,negative,Terrible.,t,RJ
2017-11-25,2,late_delivery,negative,"Delivery deadline ends Jan 3, 2018. I will not buy when the delivery time is too long.",f,PE
2017-11-25,1,wrong_or_missing_item,negative,"The order arrived, but an item was missing.",t,SP
2017-11-25,2,wrong_or_missing_item,negative,"Received the 2 fans, but didn't receive the pendant light.",t,RJ
2017-11-25,2,poor_quality,negative,Iron pan description did not match the product received.,f,RS
2017-11-25,1,seller_or_service,negative,Sent multiple emails asking about delivery and got no response.,,SP
2017-11-25,1,wrong_or_missing_item,negative,Only one unit was delivered instead of two. I sent an email and await a response.,f,RS
2017-11-25,1,wrong_or_missing_item,negative,Paid for two towels and only received one. Waiting for a refund.,f,MG
2017-11-25,3,poor_quality,neutral,"The product is good, but the size is a bit small.",f,SP
2017-11-26,3,wrong_or_missing_item,negative,Received the wrong rug and I am concerned about the return process.,t,SP
2017-11-26,5,positive,positive,I recommend.,f,SP
2017-11-26,3,poor_quality,neutral,"Received on time, fragile material, but serves the purpose.",f,SP
2017-11-26,1,wrong_or_missing_item,negative,"I bought two products, but received only one.",f,SP
2017-11-26,1,not_received,negative,Have not received the paid product yet.,t,RJ
2017-11-26,2,poor_quality,negative,"At first, we receive the product in a plastic bag tied up and full of adhesive tape. Terrible.",f,SP
2017-11-26,3,positive,positive,"I cannot comment on the product since it was a gift, but I liked the design and price.",f,MG
2017-11-26,3,late_delivery,neutral,"Very good store, but unfortunately takes too long to deliver.",t,MA
2017-11-26,2,late_delivery,negative,"Waited past the delivery deadline, but the product never arrived.",t,RJ
2017-11-26,1,late_delivery,negative,"Still waiting for undelivered product, harming my work. Might sue.",,RJ
2017-11-26,1,wrong_or_missing_item,negative,Want to return because everything sent was different and looked very ugly for a child.,f,CE
2017-11-26,1,late_delivery,negative,Order was for Christmas and did not arrive on time.,t,RJ
2017-11-27,1,not_received,negative,I want to know what happened since I bought two watches and haven't received them.,f,MG
2017-11-27,1,not_received,negative,The product has not been delivered yet.,t,PA
2017-11-27,1,wrong_or_missing_item,negative,Ordered two rugs but only received one.,f,PA
2017-11-27,2,late_delivery,negative,"Previously arrived on time, but now taking over 20 days and hasn't arrived.",f,SP
2017-11-27,1,wrong_or_missing_item,negative,Only one piece arrived while the invoice lists two. Awaiting a solution.,f,SC
2017-11-27,1,late_delivery,negative,"Bought 4 products a month ago, only 2 arrived. Please expedite.",t,BA
2017-11-27,1,wrong_or_missing_item,negative,"Product arrived without the calendar shown on site, and returning it is difficult.",f,SP
2017-11-27,3,positive,positive,The product was delivered on the correct date.,t,SP
2017-11-27,1,not_received,negative,I did not receive my product nor any explanation. I had to investigate myself.,,PR
2017-11-27,1,wrong_or_missing_item,negative,"Only 1 was delivered and I bought 2, according to the invoice.",f,SP
2017-11-27,1,wrong_or_missing_item,negative,"Received a completely wrong product, ruining holiday plans.",f,RS
2017-11-27,1,late_delivery,negative,Very dissatisfied with recent purchases. Too much delay in delivering merchandise.,t,RN
2017-11-27,1,wrong_or_missing_item,negative,"Bought two of the same item, received only one, incomplete delivery.",f,MG
2017-11-27,1,late_delivery,negative,"Bought for Christmas, promised for the 22nd, but arrived late so I had to buy another.",t,PR
2017-11-27,1,not_received,negative,Have not received my product and nobody contacted me to explain.,t,RJ
2017-11-27,1,late_delivery,negative,I would like to know when my product will arrive.,t,SP
2017-11-27,3,positive,positive,Product delivered on time.,t,RJ
2017-11-27,1,damaged_or_defective,negative,Damaged product with dried paint spilled over it. Lamentable. No replacement or refund yet.,f,SP
2017-11-27,5,positive,positive,Received the product two days after ordering. Very satisfied with delivery and product.,f,SC
2017-11-28,1,not_received,negative,Over 30 days and order not received. Customer service is unreachable.,t,RS
2017-11-28,1,not_received,negative,"I haven't received the product yet, I am waiting.",t,RJ
2017-11-28,1,late_delivery,negative,I didn't like the delay because it was a Christmas gift.,t,MS
2017-11-28,2,wrong_or_missing_item,negative,"Bought two towers, received only one, despite invoice stating two units.",f,RJ
2017-11-28,3,seller_or_service,neutral,"Delivery issues were reported vaguely, causing stress, although it arrived early.",f,SP
2017-11-28,3,seller_or_service,neutral,"Good products, reasonable prices, but order tracking is completely inefficient.",t,RJ
2017-11-28,1,late_delivery,negative,Terrible store and delivery has not happened yet past the deadline.,t,RJ
2017-11-28,1,not_received,negative,"Did not receive order, emails ignored, cancelled due to lack of commitment.",t,CE
2017-11-28,1,not_received,negative,Cannot review yet because I still have not received it.,t,RJ
2017-11-28,3,other,neutral,"It arrived, but it won't work in my house, I will exchange it.",f,PR
2017-11-28,1,not_received,negative,I have not received the product yet.,,SP
2017-11-29,3,damaged_or_defective,neutral,The glass screen protector arrived scratched and the wallet case does not look like leather.,f,RN
2017-11-29,2,late_delivery,negative,"I would still like to receive my order. It was meant to be a gift, still need to deliver it.",t,MS
2017-11-29,1,late_delivery,negative,"I bought it for my daughter who is super excited, but it never arrives. She asks every day and I do not know what to say.",t,RS
2017-11-29,1,seller_or_service,negative,Waiting for product shipment for over a month. No response from store.,t,PE
2017-11-29,1,poor_quality,negative,Do not buy this screen protector. It does not stick and interferes with touch screen.,f,MG
2017-11-29,5,positive,positive,Great product and delivery made on time.,f,SP
2017-11-29,1,seller_or_service,negative,Do not buy from this website.,t,AL
2017-11-29,2,wrong_or_missing_item,negative,One chair is still missing from delivery.,f,PR
2017-11-29,1,damaged_or_defective,negative,"The water additive bottle arrived open, soaking instructions and staining the fountain.",f,DF
2017-11-29,5,positive,positive,My bar stools are beautiful and easy to assemble.,f,RJ
2017-11-29,1,seller_or_service,negative,"I want my money back, paid and received nothing, will file a police report.",,SP
2017-11-29,1,not_received,negative,"Paid and still haven't received a simple remote control. Terrible service, not recommended.",t,ES
2017-11-30,3,positive,positive,"Arrived on time and intact, delivery via postal service had no errors.",f,RJ
2017-11-30,1,not_received,negative,Product was not delivered and they didn't contact me. Hard to resolve the issue.,t,RJ
2017-11-30,2,wrong_or_missing_item,negative,Received something different from what was pictured on the website.,f,RS
2017-11-30,1,wrong_or_missing_item,negative,"I do not recommend it because my order came wrong, a totally different product.",f,SP
2017-11-30,1,damaged_or_defective,negative,"Medicine bottles are violated, missing the protective seal around the mouth. Waiting for a reply.",f,SP
2017-11-30,5,positive,positive,Very good!,f,PE
2017-11-30,1,wrong_or_missing_item,negative,The shipped product was different from what was requested.,f,SP
2017-11-30,5,positive,positive,"Loved the purchase, delivered on time and well packaged.",f,SP
2017-11-30,3,late_delivery,neutral,Seems to be a postal issue. Still waiting for the product.,t,RS
2017-11-30,1,not_received,negative,I still haven't received my product.,t,PI
2017-12-01,1,poor_quality,negative,"Poor quality synthetic leather, cheap pendant, wrong size. Threw it away.",f,MG
2017-12-01,3,wrong_or_missing_item,neutral,"The website stated everything was received, but one of the products was missing.",f,SP
2017-12-01,3,late_delivery,neutral,"Product took a while with delivery issues, likely due to post office, but arrived on time.",f,RS
2017-12-01,4,poor_quality,neutral,"Arrived early, but paint was wet and peeled off in places.",f,SP
2017-12-01,5,positive,positive,Delivery arrived early and the product is better than described.,f,RS
2017-12-01,1,not_received,negative,I am not satisfied because I have not received the product yet.,f,PR
2017-12-01,2,seller_or_service,negative,"Tracking option is very vague, giving no real info on where the product is.",t,RJ
2017-12-01,1,wrong_or_missing_item,negative,"Only received the bike pump, not the bike. Fix in 6 days or legal action.",f,SC
2017-12-01,1,seller_or_service,negative,We had to pick it up at the post office with much bureaucracy. Not satisfied.,f,RJ
2017-12-02,1,poor_quality,negative,"A watch like this is not worth it, completely pointless.",f,SP
2017-12-02,1,poor_quality,negative,"Terrible quality product, wrong skateboard print, weak helmet and protections.",t,RJ
2017-12-02,3,damaged_or_defective,negative,"Arrived without invoice or manual, chipped arm, scratched table top, and moldy wood.",f,SP
2017-12-02,1,poor_quality,negative,Did not like the product as it has finish flaws and signs of previous use.,f,MG
2017-12-02,1,not_received,negative,I did not receive the product.,t,RJ
2017-12-02,1,not_received,negative,Wants the product and a refund of the delivery fee.,,SC
2017-12-02,5,seller_or_service,negative,"Do not recommend store, return process is slow, bought a defective notebook and struggling to resolve.",f,SP
2017-12-02,1,not_received,negative,I haven't received the product yet.,t,MT
2017-12-02,1,not_received,negative,Post office failed to deliver and returned the item to the sender.,f,RJ
2017-12-02,1,wrong_or_missing_item,negative,"The package arrived at the post office wrong and incomplete, so I refused it.",t,RJ
2017-12-02,3,damaged_or_defective,neutral,The packaging arrived crushed.,f,SP
2017-12-02,1,late_delivery,negative,"Need this merchandise urgently, maximum deadline was the 3rd and it has not arrived.",t,PR
2017-12-03,1,wrong_or_missing_item,negative,The order shows green color and blue was delivered. It was for Christmas decoration.,f,PR
2017-12-03,2,late_delivery,negative,Delayed delivery.,f,RJ
2017-12-03,2,wrong_or_missing_item,negative,I bought the brush but it wasn't the same one I bought on the website.,f,PB
2017-12-03,1,poor_quality,negative,"Did not like it, fabric is very poor quality.",f,SP
2017-12-03,1,wrong_or_missing_item,negative,"The stroller was not delivered, only the doll. When will it arrive?",f,RS
2017-12-03,1,damaged_or_defective,negative,"After just a few days of use, it is already superheating.",f,SP
2017-12-03,1,not_received,negative,The product was ordered in December with delivery by January 6. I received neither the product nor any updates.,t,RJ
2017-12-03,2,seller_or_service,neutral,The store is good for buying but bad at resolving problems.,f,SP
2017-12-04,5,positive,positive,"Loved it, delivered well before the estimated deadline with no issues.",f,MG
2017-12-04,1,wrong_or_missing_item,negative,"Received the wrong remote control, how do I exchange it?",f,RJ
2017-12-04,5,positive,positive,Great.,f,MS
2017-12-04,1,wrong_or_missing_item,negative,I bought one thing and received another.,f,MG
2017-12-04,3,poor_quality,negative,Did not come with the 12-month warranty stated in the description.,f,SP
2017-12-04,1,seller_or_service,negative,Very slow to ship. Cancelled the sale and waiting for feedback.,,PE
2017-12-04,3,late_delivery,neutral,"Product as ordered, but late; bought 5 items on the 3rd, caused card blocking issues.",t,ES
2017-12-04,3,wrong_or_missing_item,neutral,"Ordered a sofa cover and towels, but only the cover arrived with no information about the towels.",f,SP
2017-12-04,1,seller_or_service,negative,Terrible store.,t,RJ
2017-12-04,2,not_received,negative,It has been more than 45 days since I bought the product and it has not arrived.,t,PA
2017-12-04,1,wrong_or_missing_item,negative,"Product not delivered, sent incomplete item without invoice, want to return the incorrect part.",f,RS
2017-12-05,1,seller_or_service,negative,I already called you to complain and am waiting for a response.,t,RJ
2017-12-05,1,late_delivery,negative,They did not meet the expected delivery deadline.,,SP
2017-12-05,3,positive,positive,Everything came as expected. :) ,f,SP
2017-12-05,1,wrong_or_missing_item,negative,Did not receive my complete products.,f,MT
2017-12-05,1,wrong_or_missing_item,negative,Shows picture with one measurement and delivers a different size.,f,MG
2017-12-05,4,late_delivery,positive,"Good product. Delivery a bit slow, but it finally arrived and is correct.",f,SP
2017-12-05,1,late_delivery,negative,Delivery is overdue and I still haven't received it despite being home all day.,t,RJ
2017-12-05,1,seller_or_service,neutral,"Need someone to contact me, I have questions about my purchases.",f,MG
2017-12-05,3,not_received,negative,My product has not arrived yet.,t,PE
2017-12-05,1,not_received,negative,"Very dissatisfied, want my money back, product hasn't arrived after over a month.",t,MG
2017-12-05,2,late_delivery,neutral,Had to pick up at post office despite paying for shipping; want shipping fee refunded.,f,SP
2017-12-05,2,damaged_or_defective,negative,"Delivered a different shaker than advertised, dirty and dusty, leaking during mixing.",f,SP
2017-12-05,5,positive,positive,"Exceeded my expectations, very good store, fulfilled the agreement, I recommend!",f,SP
2017-12-05,1,not_received,negative,I still haven't received my product.,t,RJ
2017-12-06,1,late_delivery,negative,"Paid 80 reals for shipping, I want this product at my door.",f,SP
2017-12-06,1,not_received,negative,I am still waiting for my product.,t,GO
2017-12-06,1,not_received,negative,There was a delivery problem and the product did not arrive.,t,PE
2017-12-06,1,other,negative,Terrible website.,,ES
2017-12-07,3,wrong_or_missing_item,negative,"I bought two sheet sets and a quilt, but only received one sheet set.",f,RJ
2017-12-07,2,late_delivery,neutral,"Good products, but delivery takes way too long compared to competitors.",t,RS
2017-12-07,1,poor_quality,negative,"Product looks very different from the picture, matte instead of shiny, and delivery was VERY slow!",t,SC
2017-12-07,1,late_delivery,negative,Delivery deadline has passed and my product has not arrived yet.,t,PR
2017-12-08,5,positive,positive,Fit my phone model perfectly.,f,SP
2017-12-08,1,damaged_or_defective,negative,"Does not work, waiting for return. Paid for express delivery, courier left it without signature.",f,SP
2017-12-08,1,seller_or_service,negative,"I bought two bags, received only one, and got no response to my emails about delivery.",f,PR
2017-12-08,2,damaged_or_defective,negative,Product arrived completely scratched.,f,DF
2017-12-08,1,seller_or_service,negative,"Order hasn't arrived, deadline ignored, customer service does not answer. Total disrespect.",t,BA
2017-12-09,2,poor_quality,negative,Expensive and of terrible quality.,f,SP
2017-12-09,2,wrong_or_missing_item,negative,"The baby car seat arrived, but the base did not.",f,MT
2017-12-09,1,late_delivery,negative,Over 20 days passed with no update or contact regarding the delivery delay.,t,RJ
2017-12-09,1,damaged_or_defective,negative,"The product arrived broken and with signs of previous use, and I cannot manage to exchange it.",f,PA
2017-12-09,4,damaged_or_defective,neutral,"The character's foot arrived peeling off, but for the price, it was worth it.",f,RJ
2017-12-09,1,wrong_or_missing_item,negative,"Bought super king size, but smaller king size was delivered. Gift recipient kept it.",f,PR
2017-12-09,1,wrong_or_missing_item,negative,The product does not fulfill its purpose and the delivered specifications differ from the proposed ones.,f,MG
2017-12-09,1,wrong_or_missing_item,negative,They did not deliver the complete merchandise.,f,PE
2017-12-09,1,seller_or_service,negative,"It is not the product I wanted, I tried to return it and they do not reply.",f,SP
2017-12-10,1,other,neutral,No comments.,,BA
2017-12-10,3,poor_quality,neutral,The product has fragile characteristics.,f,CE
2017-12-10,2,wrong_or_missing_item,negative,"Ordered 4 items split into two shipments, but only received 3 items.",f,SP
2017-12-10,5,positive,positive,Top quality product and the store is awesome.,f,SP
2017-12-10,1,late_delivery,negative,Product arrived late and missing items. Customer is angry.,f,MA
2017-12-10,3,positive,positive,I loved buying here because the product arrived well ahead of schedule and is great quality.,f,SP
2017-12-10,1,not_received,neutral,I cannot review yet because I have not received the product.,f,SP
2017-12-10,1,late_delivery,negative,Product has not been delivered yet. Very late and disrupts our plans.,t,BA
2017-12-11,1,poor_quality,negative,"The product is completely different from the ad, looks dirty and horrible.",f,BA
2017-12-11,3,positive,positive,Very good.,f,PE
2017-12-11,1,late_delivery,negative,Cannot track the shipment since 12/26 and the post office gives no updates.,t,RJ
2017-12-11,1,damaged_or_defective,negative,"All mirrors arrived scratched. Horrible, terrible quality material.",f,RJ
2017-12-11,3,late_delivery,neutral,Too long to receive.,f,RJ
2017-12-11,1,poor_quality,negative,Headset is not original LG and came missing components. Would give zero stars if possible.,f,BA
2017-12-12,1,seller_or_service,negative,"Lack of respect for the consumer, untrustworthy, might need to sue for my rights.",t,RJ
2017-12-12,3,late_delivery,neutral,Product delivered past the deadline but arrived correctly.,f,SP
2017-12-12,1,wrong_or_missing_item,negative,"Ordered 2 units, only 1 arrived with no invoice. Waiting for the other.",f,RJ
2017-12-12,1,wrong_or_missing_item,negative,"Order arrived wrong with a missing item, paid for two rearview mirrors and received one.",f,MG
2017-12-12,4,positive,positive,The fiberglass cascade meets expectations and delivery was fast.,f,PE
2017-12-12,5,positive,positive,Product delivered on time without any complaints.,f,MG
2017-12-12,1,seller_or_service,negative,The product offered on the website was out of stock. I was only notified days later after paying for it.,,RJ
2017-12-12,1,wrong_or_missing_item,negative,"Invoice listed 2 toners, but only 1 was delivered. Waiting for the second one.",f,SP
2017-12-12,1,wrong_or_missing_item,negative,"Paid shipping, picked up at post office, and received only 1 item instead of 2.",f,SP
2017-12-12,2,other,neutral,I will review again after it arrives.,f,SP
2017-12-12,3,late_delivery,neutral,"Took very long to arrive, but unsure if it was the seller's fault.",f,RJ
2017-12-12,1,not_received,negative,Did not receive the merchandise!,,SP
2017-12-13,3,other,neutral,Gibberish review text.,f,PR
2017-12-13,5,positive,positive,It arrived well ahead of schedule.,f,SP
2017-12-13,4,positive,positive,"Delivered piece is identical to photos, immediate impression very good, still evaluating.",f,AM
2017-12-13,1,other,neutral,"The keychain is nice, but the shipping cost was almost as expensive as the product.",f,RJ
2017-12-14,1,wrong_or_missing_item,negative,Wrong delivery!,f,SP
2017-12-14,2,late_delivery,negative,We are still waiting for the delivery of our products.,,MG
2017-12-14,1,wrong_or_missing_item,negative,"Product arrived incomplete, still waiting for this to be resolved.",f,RJ
2017-12-14,2,damaged_or_defective,negative,"Imported product, mine arrived defective.",f,CE
2017-12-14,1,wrong_or_missing_item,negative,"I received one product (a bear), but I ordered a frog.",f,SP
2017-12-15,3,poor_quality,negative,"Very bad product, tiny and fragile parts. Much inferior quality, horrible.",f,MG
2017-12-15,4,positive,positive,Product delivered in perfect condition.,f,SP
2017-12-15,1,late_delivery,neutral,"I am waiting for the delivery, which was scheduled for January 4, 2018.",,SP
2017-12-15,1,not_received,negative,I did not receive the product.,f,PA
2017-12-15,1,not_received,negative,I did not receive the product.,f,PA
2017-12-15,1,not_received,negative,My product has not arrived to this day and I am waiting for an explanation.,t,GO
2017-12-15,1,late_delivery,negative,"Still haven't received my product, which was supposed to be delivered by January 12, 2018.",t,SP
2017-12-15,1,late_delivery,negative,Correios deliveries always delay or get lost. This tracking hasn't updated since 01/08.,t,RJ
2017-12-15,1,not_received,negative,Still have not received the product.,t,RJ
2017-12-16,3,seller_or_service,negative,"The store listed glasses as available, but after buying I was told they were out of stock.",f,DF
2017-12-16,2,damaged_or_defective,neutral,"Tablet case was perfect, but the stand had a broken slot and felt very fragile.",f,SP
2017-12-16,1,not_received,negative,My product was not delivered!,f,BA
2017-12-16,3,positive,neutral,"Haven't assembled the product yet, but everything looks fine.",f,MG
2017-12-16,1,poor_quality,negative,Product does not match the sales image.,f,SP
2017-12-17,2,positive,neutral,"Did not like it, thought it was ugly, but it works as promised and delivery was on time.",f,SP
2017-12-17,3,poor_quality,neutral,"They are pretty, but too thin. Should be better.",f,SP
2017-12-17,2,poor_quality,negative,"Terrible quality. Irregular size and shine, looks like cheap fashion jewelry.",f,MS
2017-12-18,1,not_received,negative,Disrespect to the consumer! The product has not been delivered by today.,t,MA
2017-12-18,2,poor_quality,negative,The screen protector does not fit and is not shaped for the Xperia XA1 model.,f,MG
2017-12-18,1,seller_or_service,negative,I request the return of the product.,f,RS
2017-12-18,3,late_delivery,neutral,"Everything was fine, just delayed in shipping, but they answered fairly quickly on Facebook.",f,BA
2017-12-18,1,damaged_or_defective,negative,"Charger works, but the cable is defective. Need to exchange the cable.",f,SP
2017-12-18,5,wrong_or_missing_item,negative,I bought one product but received another.,f,DF
2017-12-18,1,wrong_or_missing_item,negative,Ordered a watch with three specific strap colors and received completely different colors. Want a refund.,f,PE
2017-12-18,2,positive,positive,Great quality.,f,RJ
2017-12-18,3,wrong_or_missing_item,negative,"Liked the watch, but it didn't arrive with the traditional box or warranty certificate.",f,RJ
2017-12-18,1,seller_or_service,negative,"Wanted to cancel the day after, but customer service told me to wait and return it.",f,DF
2017-12-18,1,seller_or_service,negative,"Cancelled a duplicate order, but both were sent anyway. Unfortunate.",f,SP
2017-12-19,4,positive,positive,"Product arrived with a torn small box, but everything else was okay.",f,SP
2017-12-19,1,seller_or_service,negative,The store does not reply and tracking shows no update from the carrier.,t,SP
2017-12-19,2,positive,positive,"Highly recommend, it arrived ahead of schedule.",f,SP
2017-12-19,1,damaged_or_defective,negative,"I bought 6 thermometers, but 4 arrived broken. How do I proceed for an exchange?",f,RJ
2017-12-20,1,late_delivery,negative,It was very delayed.,f,MG
2017-12-20,5,positive,positive,Inspires transparency in transactions and a huge sense of honesty. Thank you.,f,RJ
2017-12-20,5,positive,positive,Good product and very fast delivery!,f,SP
2017-12-20,3,other,neutral,Waiting for the installer.,f,SE
2017-12-20,1,not_received,negative,"So far, I have received no information about the product.",t,RJ
2017-12-20,1,late_delivery,negative,"Don't know why delivery is difficult, my retired parents are always home and it hasn't arrived.",t,PE
2017-12-21,5,positive,positive,The product is perfect.,f,BA
2017-12-21,1,wrong_or_missing_item,negative,"I bought two products, only one arrived.",f,SP
2017-12-21,2,late_delivery,negative,"Delivery was 3 days late, taking 30 days total. The wait was too long.",t,SP
2017-12-21,2,wrong_or_missing_item,negative,"There are two products, I only received one and without an invoice.",f,MG
2017-12-21,1,not_received,negative,This is the second purchase I have not received.,f,SP
2017-12-21,1,not_received,negative,Non-receipt of the order.,t,PA
2017-12-21,1,damaged_or_defective,negative,"Product arrived broken and in the wrong color, waiting for exchange.",f,SP
2017-12-22,5,positive,positive,"Really liked the product, gorgeous dish cloths.",f,CE
2017-12-22,3,poor_quality,negative,The screen protector is of terrible quality and does not fit the phone size.,f,MG
2017-12-22,1,not_received,negative,Nothing arrived.,,SP
2017-12-22,1,not_received,negative,I haven't received the product and the tracking site is broken.,t,RJ
2017-12-23,5,positive,positive,Very good to buy on this site.,f,RJ
2017-12-23,1,seller_or_service,negative,"Great dissatisfaction. Bought over a month ago, not received, seller unresponsive.",t,RJ
2017-12-23,1,not_received,negative,Have not received the product yet and got no explanation.,t,BA
2017-12-24,2,late_delivery,negative,Product arrived in perfect condition but with a huge delay and no communication.,f,RJ
2017-12-24,1,seller_or_service,negative,Order cancelled due to stockout and refund not issued yet.,,SP
2017-12-24,3,positive,positive,Very good store and the delivery was on time.,f,CE
2017-12-25,3,late_delivery,negative,Delivery took very long despite paying expensive shipping fees.,f,SP
2017-12-26,1,not_received,negative,"The brush kit didn't arrive, though tracking incorrectly states the products were delivered.",f,RJ
2017-12-26,1,poor_quality,negative,"Pretty product, but poor quality with dark stains on the chain.",f,PR
2017-12-26,1,late_delivery,negative,The store sets extremely long delivery deadlines and still fails to meet them.,t,RS
2017-12-26,2,not_received,negative,"I did not receive the merchandise, so I am not satisfied.",t,MG
2017-12-26,1,not_received,negative,My product has not been delivered to date and I have no response! Will have to sue.,,RJ
2017-12-27,1,wrong_or_missing_item,negative,I bought a Duosat Trent remote and received a parallel one.,f,SP
2017-12-27,1,poor_quality,negative,The product is counterfeit.,f,RJ
2017-12-27,1,poor_quality,negative,"Terrible watch, feels like a counterfeit product compared to the advertised photos.",f,SP
2017-12-28,2,damaged_or_defective,negative,"Product arrived intact, but the packaging was torn and the product exposed.",f,RJ
2017-12-28,1,poor_quality,negative,"The sent product is fake, not an original LG. Requesting exchange for an original.",f,SP
2017-12-29,3,damaged_or_defective,negative,The perfume atomizer straw doesn't reach the bottom. Both I bought came with this defect.,f,DF
2017-12-29,2,damaged_or_defective,negative,The corkscrew arrived scratched due to poor packaging.,f,RJ
2017-12-29,2,poor_quality,negative,"Poor quality, smaller than pictured, scratched, returning it.",f,CE
2017-12-29,1,poor_quality,negative,"Very poor quality product, material is very bad.",f,BA
2017-12-29,1,poor_quality,negative,Unacceptable to sell cheap fake replica watches on the official page. I will take legal action.,f,SP
2017-12-29,5,positive,positive,My son loved the quality freebies and the backpack is beautiful and the right size.,f,SP
2017-12-30,1,poor_quality,negative,"The watch is a fake, lacks proper packaging, has no manual, and looks used.",f,RJ
2017-12-31,1,wrong_or_missing_item,negative,"One product arrived, but the second one did not and was not in the box.",f,SP
2018-01-01,3,wrong_or_missing_item,negative,I only received one shoe brand; the silicone shoe did not come with it.,f,DF
2018-01-01,1,not_received,negative,I did not receive the product and have no news about it.,t,RJ
2018-01-01,1,damaged_or_defective,negative,Product different from offered and full of defects.,f,PR
2018-01-02,1,wrong_or_missing_item,negative,"Bought 2 items, only the support arrived. The rug hasn't arrived yet despite system saying it did.",f,SP
2018-01-02,2,wrong_or_missing_item,negative,I ordered one product and they delivered another. I do not recommend this store.,f,MG
2018-01-02,1,wrong_or_missing_item,negative,4 bottles were missing!,f,RJ
2018-01-02,5,positive,positive,"Delivery arrived well ahead of schedule, well packaged. Thank you!",f,RJ
2018-01-03,1,not_received,negative,I have not received the product yet.,t,RJ
2018-01-03,1,wrong_or_missing_item,negative,"Out of two purchased products, only one was delivered.",f,SP
2018-01-03,1,wrong_or_missing_item,negative,Phone case and screen protector are too large for the described model.,t,PR
2018-01-03,1,seller_or_service,negative,I complained that my product came wrong and no one has replied yet.,f,SP
2018-01-03,2,late_delivery,negative,"Product took almost a month to arrive, missing the event I bought it for.",f,PR
2018-01-03,5,positive,positive,Wonderful product. Store gets a 10 out of 10.,f,ES
2018-01-03,1,wrong_or_missing_item,negative,"Ordered two products, only one arrived.",f,PR
2018-01-03,1,damaged_or_defective,negative,"The expensive pool float arrived defective, crooked, and burst at the seam quickly.",f,SC
2018-01-03,1,late_delivery,negative,The delivery deadline was the 19th and nothing has arrived yet.,t,SP
2018-01-03,2,late_delivery,negative,"Bought two items of the same product, but they arrived in separate deliveries a week apart.",f,SC
2018-01-03,4,positive,positive,Very good!,f,SP
2018-01-04,5,positive,positive,Great product.,f,SP
2018-01-04,1,seller_or_service,negative,They gave me no satisfaction at all.,,BA
2018-01-04,1,wrong_or_missing_item,negative,Bought one product and received an inferior one. Waiting for a reply to my complaint.,f,RJ
2018-01-04,3,late_delivery,neutral,"The shipment had transit issues, however, the product was delivered within the long given deadline.",f,RJ
2018-01-04,1,late_delivery,negative,Order placed on 04/01 is still awaiting invoice and has not been delivered by 31/01.,,RJ
2018-01-04,4,positive,positive,Product arrived on time. Great product.,f,AL
2018-01-05,1,positive,positive,"I loved the product, it is exactly what I wanted and looks great in my laundry room.",f,MG
2018-01-05,1,wrong_or_missing_item,negative,"Only 1 unit was delivered out of 6 purchased, how to proceed?",f,RJ
2018-01-05,2,seller_or_service,negative,"Paid for home delivery, but had to pick it up at the post office.",f,RJ
2018-01-05,2,late_delivery,negative,"Delivery is delayed (20 days). Bought two items, sent separately, only received one.",f,RJ
2018-01-05,2,wrong_or_missing_item,negative,"The problem wasn't the delay, but ordering red and receiving black.",f,SP
2018-01-05,1,seller_or_service,negative,"Delivery was delayed, then seller said it was out of stock and cancelled. Now struggling for a refund.",,SP
2018-01-06,1,not_received,negative,"Never received my product, which was meant to be a wedding gift.",t,RJ
2018-01-06,3,poor_quality,negative,"The material feels cheap, for the price it is not worth it.",f,RJ
2018-01-06,1,wrong_or_missing_item,negative,I received only half of the material.,f,RS
2018-01-06,3,seller_or_service,neutral,I did not receive the invoice. Please provide it.,f,SP
2018-01-06,1,seller_or_service,negative,"Cancelled the order within 15 minutes of purchase because it was the wrong item, but they shipped it anyway.",f,SP
2018-01-06,2,poor_quality,neutral,"Good curtain, but size was smaller than described.",f,MT
2018-01-06,5,positive,positive,Highly recommend...,f,SP
2018-01-06,1,wrong_or_missing_item,negative,I bought 3 toners but only received 2.,f,RS
2018-01-06,3,damaged_or_defective,neutral,"The received product has minor manufacturing defects, nothing major. Delivery was on time.",f,SP
2018-01-07,3,wrong_or_missing_item,negative,Ordered 2 units and received only 1. Waiting for a response about the second.,f,SP
2018-01-07,5,positive,positive,"Excellent store, everything went well and I received the product ahead of schedule.",f,PB
2018-01-07,1,seller_or_service,negative,Requested a return days ago and still haven't received instructions.,f,SP
2018-01-07,3,poor_quality,negative,I did not like it as it is much smaller and the top is loose.,f,PE
2018-01-07,2,wrong_or_missing_item,negative,"Bought two identical memory sticks, but one delivered was the wrong model.",f,SP
2018-01-08,2,wrong_or_missing_item,negative,"I bought 2 kits of 5, but only one arrived. Please don't leave me at a loss.",f,MG
2018-01-08,3,positive,positive,I appreciated the fast delivery and the product's price.,f,MG
2018-01-08,1,seller_or_service,negative,Do not buy.,,BA
2018-01-08,4,positive,positive,Received well in advance. Quality product matching the advertisement.,f,SP
2018-01-08,2,poor_quality,negative,Store is great but the product is disposable junk that broke on assembly.,f,CE
2018-01-08,1,seller_or_service,negative,Piano arrived with broken volume button and unable to exchange it since Jan 27.,f,SP
2018-01-08,1,seller_or_service,negative,I didn't like it because it took too long to get approved.,f,SP
2018-01-08,1,wrong_or_missing_item,negative,Order arrived missing an item. Did not meet my expectations.,f,MG
2018-01-08,1,wrong_or_missing_item,negative,I bought two Heineken signs and received completely different items.,f,BA
2018-01-09,1,wrong_or_missing_item,negative,The natural remedy product ordered came wrong.,f,RJ
2018-01-09,2,damaged_or_defective,neutral,"Received the product on time, but it was defective. Hoping for a fast exchange.",f,SP
2018-01-09,1,seller_or_service,negative,Frustrated with third-party marketplace sellers.,t,RJ
2018-01-09,2,late_delivery,negative,"Delayed notice of delivery issues, not received, and the first installment was already charged.",t,RS
2018-01-09,5,positive,positive,Loved it.,f,RJ
2018-01-09,3,late_delivery,neutral,"It was delivered late, but it was the postal service's fault, not the store's.",f,SP
2018-01-09,1,wrong_or_missing_item,negative,I ordered one product and received another!,f,MT
2018-01-09,1,seller_or_service,negative,Store did not track the product and gave no response to my non-delivery complaint.,t,SP
2018-01-09,1,wrong_or_missing_item,negative,"I hate this purchase. I received the case, much later the lunchbox, and still no backpack. Terrible hassle!",f,MA
2018-01-09,5,positive,positive,"Company branch in the delivery state helped shorten delivery time, satisfied!",f,MG
2018-01-09,3,positive,positive,Good product.,f,MG
2018-01-09,3,poor_quality,neutral,"Received the product, but found the backpack misaligned and wobbly.",f,DF
2018-01-09,4,positive,positive,Great purchase.,f,BA
2018-01-10,1,seller_or_service,negative,"Cancelled order because item was out of stock, and after a month no refund yet.",,SP
2018-01-10,3,late_delivery,neutral,"I bought it because I am not in a hurry, as the delivery time is very long.",f,SP
2018-01-10,1,seller_or_service,negative,They informed me out of stock 2 days before delivery and haven't refunded me in 2 months.,,SP
2018-01-10,1,seller_or_service,negative,Trying to return a wrongly ordered item for over 30 days with no success.,f,SP
2018-01-10,3,poor_quality,neutral,The product does not seem to have much resistance.,f,PE
2018-01-10,1,not_received,negative,Product was not delivered.,t,RJ
2018-01-10,1,wrong_or_missing_item,negative,"Received wrong products, contacted support and it was not resolved. Unreliable site.",f,SC
2018-01-10,1,late_delivery,negative,Ordered with a 12-day deadline and it still hasn't arrived.,t,SP
2018-01-11,2,late_delivery,neutral,"It took quite a while to arrive at my house, but despite the delay, I am satisfied.",f,AL
2018-01-11,1,wrong_or_missing_item,negative,"Ordered a black and a color cartridge, but the color one did not arrive.",f,SP
2018-01-11,5,positive,positive,I really liked the purchase.,f,PA
2018-01-11,2,wrong_or_missing_item,negative,"Order arrived missing a CD and unplasticized, unlike previous purchases.",f,SP
2018-01-11,3,wrong_or_missing_item,negative,"I bought two products, only one arrived, I want my cap.",f,SP
2018-01-11,3,poor_quality,negative,"Product is not original, not as advertised, and has the wrong wire type.",f,MG
2018-01-12,1,not_received,negative,I have not received the goods to date nor any explanation for the delivery delay.,t,RJ
2018-01-12,3,poor_quality,neutral,"Fabric is a bit inferior, but acceptable for the price.",f,SP
2018-01-12,2,poor_quality,negative,"Thought the ink cartridge was original, but it was not.",f,SP
2018-01-12,1,wrong_or_missing_item,negative,"Item arrived without the power cable, making it useless. Ad was unclear. Do not recommend.",f,RJ
2018-01-12,2,seller_or_service,neutral,Customers should be contacted to inform them of any changes in order shipping.,f,SP
2018-01-13,2,wrong_or_missing_item,negative,"Bought baby comfort seat and car support, but support was missing.",f,BA
2018-01-13,1,late_delivery,negative,Delay in delivery.,,MG
2018-01-13,5,positive,positive,"Highly recommend, arrived just right.",f,MG
2018-01-13,1,wrong_or_missing_item,negative,"Ordered 2 phone kits, paid for both, and only received one.",f,RJ
2018-01-13,1,late_delivery,negative,This time I was disappointed with the delay.,f,SP
2018-01-14,1,seller_or_service,negative,"No comments, already said what I think in previous email, gave 1 star just to answer survey.",t,SP
2018-01-14,1,not_received,negative,"Product not received due to delivery failure, and no one contacted me about delivery or refund.",t,RJ
2018-01-14,1,not_received,negative,Still haven't managed to receive the product at my house.,t,ES
2018-01-15,1,wrong_or_missing_item,negative,"One of the purchased pieces came missing in an empty box, but the other was correct.",f,SP
2018-01-15,1,late_delivery,negative,Huge delivery time of 16 business days was not met. Need delivery or refund!,t,SP
2018-01-15,3,late_delivery,negative,Slow delivery and very high shipping costs.,t,RJ
2018-01-15,1,seller_or_service,negative,I would like a response as soon as possible regarding the status of my purchase. Thank you.,,SP
2018-01-15,1,wrong_or_missing_item,negative,"Only the home theater was missing. Deadline passed, needed it urgently for a school.",,SP
2018-01-15,1,poor_quality,negative,Very ugly watch! Nothing like the photo. Looks like a toy. Threw my money away.,f,SP
2018-01-16,2,late_delivery,negative,I thought the delivery took too long.,t,GO
2018-01-16,2,poor_quality,negative,"Delivered within the deadline, but product failed expectations: bad sound, blurry focus, dizziness.",f,SP
2018-01-16,2,damaged_or_defective,negative,"Could not get the device to work, does not recognize anything.",f,SP
2018-01-16,1,not_received,negative,Have not received the transmission kit yet.,f,SP
2018-01-16,2,not_received,neutral,I still haven't received the product.,f,SP
2018-01-16,1,seller_or_service,negative,"Terrible, they don't deliver and don't issue a refund. Will sue.",,SP
2018-01-16,1,not_received,negative,"Wasted time searching, paid for merchandise, but it was not delivered as requested.",f,PR
2018-01-16,3,wrong_or_missing_item,neutral,"The product photo shows a rug set with a tunnel, but the sent item lacked the tunnel.",f,SP
2018-01-16,3,seller_or_service,neutral,Paid double shipping for items from the same store. Package went to post office.,f,SP
2018-01-16,1,seller_or_service,negative,"Wrong product delivered, exchange requested over a week ago with no response from the company.",f,MG
2018-01-16,3,damaged_or_defective,neutral,"Delivery went according to protocol, but unfortunately the product arrived damaged.",f,MA
2018-01-16,5,positive,positive,"The product is very good, but it doesn't state where to buy glue refills, otherwise perfect.",f,RJ
2018-01-16,3,wrong_or_missing_item,neutral,"Lack of delivery control, ordered 6 lamps and only 5 arrived.",f,MG
2018-01-16,4,positive,positive,Great.,f,SP
2018-01-16,1,wrong_or_missing_item,negative,Only the yellow toner has arrived so far.,f,SP
2018-01-17,5,positive,positive,Received the merchandise very well packaged and on time.,f,RS
2018-01-17,2,late_delivery,neutral,I had already given up waiting when the product finally arrived.,f,MG
2018-01-17,1,not_received,negative,I did not receive the product.,,SP
2018-01-17,1,seller_or_service,negative,Had to pay extra shipping and go to the post office because delivery was not made to my home.,f,RJ
2018-01-17,1,wrong_or_missing_item,negative,"Wrong item delivered, a pilates ball instead of a trampoline. No response to complaints yet.",f,SP
2018-01-17,1,wrong_or_missing_item,negative,Bought universal AC remotes and unfortunately received Samsung 3D TV remotes.,f,SP
2018-01-18,3,wrong_or_missing_item,neutral,Bought two identical products and received only one. What should I do?,f,SP
2018-01-18,1,damaged_or_defective,negative,"The product is not recognized by the printer, so I could not use it and requested a return.",f,SP
2018-01-18,4,positive,positive,Great.,f,BA
2018-01-18,2,damaged_or_defective,negative,"The packaging arrived completely damaged, both the wrapping and the product box.",f,SP
2018-01-18,1,wrong_or_missing_item,negative,My order arrived missing 1 controller out of 2 ordered.,f,SP
2018-01-18,1,wrong_or_missing_item,negative,Received a pink product instead of red and the refund is taking too long.,f,SP
2018-01-19,5,positive,positive,"I liked the customer service, fast delivery, and the merchandise. Thank you.",f,SP
2018-01-19,1,wrong_or_missing_item,negative,"Ordered and paid for two units, but only received one despite invoice stating two.",f,RJ
2018-01-19,1,seller_or_service,negative,"Requested order cancellation but was ignored, now I want to return the arrived product.",f,ES
2018-01-19,1,positive,positive,Highly recommend. Always delivers on time.,f,SP
2018-01-19,1,seller_or_service,negative,"Terrible product. I tried to cancel at the time of purchase, but couldn't.",f,SP
2018-01-19,1,not_received,negative,"Vichy serum is missing, I still haven't received it.",f,DF
2018-01-19,1,poor_quality,negative,"Did not like the product. Very weak, lost its scent by the next day.",f,DF
2018-01-19,1,poor_quality,negative,Poor quality and dangerous knife joint; hard to open and close without cutting oneself.,f,RJ
2018-01-19,1,wrong_or_missing_item,negative,"I bought the product from the photo and received an inferior one, feeling cheated with no support for returns.",f,MG
2018-01-19,1,poor_quality,negative,Expected an original product but received a second-rate replica.,f,SP
2018-01-20,3,late_delivery,negative,"Goods were delivered late, nearly a month after purchase. Would not recommend.",t,RJ
2018-01-20,5,positive,positive,Arrived within the deadline in perfect condition.,f,RJ
2018-01-20,1,not_received,negative,Waiting for product delivery.,t,RJ
2018-01-20,1,seller_or_service,negative,"Returning product, waiting for return request process.",f,SP
2018-01-20,1,late_delivery,negative,Cancelled the order because delivery was too late and would arrive after the holiday.,f,SP
2018-01-20,5,positive,positive,Product was delivered as expected.,f,RJ
2018-01-21,1,wrong_or_missing_item,negative,"I bought 2 identical transformers, but only one arrived. How to proceed now?",f,SP
2018-01-21,5,positive,positive,"Delivered on time, product matched the description. Loved it.",f,RS
2018-01-21,1,not_received,negative,Delivery was not completed and I am still waiting for a response from the store.,t,SP
2018-01-21,3,late_delivery,neutral,"I have not received the product yet, but I am waiting for it by Friday.",,CE
2018-01-21,5,positive,positive,I recommend it.,f,ES
2018-01-21,2,wrong_or_missing_item,negative,"Bought 2 tires but only 1 arrived so far, deadline was February 20.",f,SC
2018-01-22,1,seller_or_service,negative,"Received only the baby bottles, emailed about the mattress cover but got no reply.",f,SC
2018-01-22,1,late_delivery,negative,"Delivery is late and I need it for Feb 20. If it passes, I will not want it!",t,RJ
2018-01-22,1,poor_quality,negative,Received a fake watch of the worst quality with someone else's invoice.,f,SP
2018-01-22,3,wrong_or_missing_item,neutral,"Great price, but long delivery. Ordered 2 cartridges, only 1 arrived, but missing one was sent later.",f,PR
2018-01-22,5,positive,positive,I loved the product.,f,MG
2018-01-22,1,not_received,negative,I did not receive the product.,,RJ
2018-01-22,1,seller_or_service,negative,Store is unresponsive to emails regarding delivery delays and poor customer attention.,t,AL
2018-01-22,1,other,neutral,Small space to report the problem.,,MG
2018-01-23,5,positive,positive,Happy with on-time delivery and correct product.,f,SP
2018-01-23,1,late_delivery,negative,The invoice was issued on the delivery deadline day. Product still hasn't arrived!,t,RJ
2018-01-23,5,positive,positive,"I loved my order, it arrived well before expected. Highly approved.",f,SP
2018-01-23,1,not_received,negative,I did not receive the product and no return calls for my messages. Regrettable.,,SP
2018-01-23,3,late_delivery,neutral,Improve the accuracy of the delivery date; the expected date was much later.,f,SP
2018-01-23,2,wrong_or_missing_item,negative,Received the stopwatch clock but not the Olympic ring.,f,SP
2018-01-23,3,seller_or_service,positive,Employee Josiane deserves respect for her promptness and ethical professional behavior.,,RJ
2018-01-23,1,seller_or_service,negative,No return yet on how to receive my product stuck in customs.,f,SP
2018-01-24,1,late_delivery,negative,Still waiting for my order delivery after 40 days.,,CE
2018-01-24,2,other,neutral,I will review truthfully once I receive the item.,f,SP
2018-01-24,2,late_delivery,neutral,Cannot evaluate product condition or store yet. Will make a fair review when it arrives.,t,SC
2018-01-24,1,late_delivery,negative,"Store claims delivery failed, but customer stayed home all day. Still waiting after a month.",t,RJ
2018-01-24,4,poor_quality,neutral,"Kettle heats water fast and is good, but the whistle feature never worked.",f,SP
2018-01-24,3,late_delivery,negative,Should have received it at home instead of having to go to the post office.,t,RJ
2018-01-25,3,late_delivery,neutral,Product took a very long time to arrive.,f,RJ
2018-01-25,1,late_delivery,negative,Very slow delivery.,f,RS
2018-01-25,1,poor_quality,negative,"I thought it was beautiful, but it is too small and does not fit a rice package. I want to return it.",f,SP
2018-01-25,2,late_delivery,negative,Delivery delay is very bad.,f,PR
2018-01-25,1,late_delivery,negative,"The deadline expired on February 22, 2018, and I still have not received my order.",t,SC
2018-01-25,5,positive,positive,"No problems executing the order, satisfaction.",f,MG
2018-01-25,5,positive,positive,Very beautiful.,f,RS
2018-01-25,1,poor_quality,negative,The cartridge sent is not original and the printer is not accepting it. I want my money back.,f,BA
2018-01-25,2,late_delivery,neutral,Still waiting for the ink cartridge delivery. Never had problems before.,f,RJ
2018-01-25,3,late_delivery,neutral,"Took a very long time to arrive, but I believe it was the post office's fault.",f,MG
2018-01-25,2,late_delivery,negative,"Attractive price, but delivery takes too long and no tracking emails are sent.",f,SP
2018-01-25,3,seller_or_service,negative,Sad that my cancellation request to switch models was ignored. Will hesitate before ordering again.,f,BA
2018-01-26,5,positive,positive,Product complies with expectations and quality.,f,SP
2018-01-26,3,damaged_or_defective,neutral,"Arrived well before the deadline, but it was very crushed.",f,ES
2018-01-26,1,not_received,negative,Waiting a month without receiving my product or getting any explanation.,,RN
2018-01-26,1,damaged_or_defective,negative,"Product delivered with defects. Complained immediately and 72 hours later, no solution.",f,MG
2018-01-26,2,not_received,negative,"Unfortunately, I have not received the merchandise yet.",t,MA
2018-01-26,1,not_received,negative,Expecting a solution because I did not receive the two bed sheets.,f,RJ
2018-01-26,1,wrong_or_missing_item,negative,Did not deliver the product in the requested color!,f,BA
2018-01-26,3,poor_quality,neutral,"Arrived on time, but mosquito net has elastic when it shouldn't and is yellowish instead of white.",f,SP
2018-01-26,1,not_received,negative,I was very disappointed with the loss of my order.,,RN
2018-01-26,3,damaged_or_defective,negative,"The device arrived defective, digital display is not showing all functions.",f,ES
2018-01-27,2,wrong_or_missing_item,negative,The delivered product is different from the ad. I want a refund and return.,f,SP
2018-01-28,1,seller_or_service,negative,I sent a message to try to solve the problem and have received no response.,f,SP
2018-01-28,1,wrong_or_missing_item,negative,"I only received two packages, even though I bought five.",f,SP
2018-01-28,1,wrong_or_missing_item,negative,Dissatisfied. Bought a specific charger but the cables sent do not fit my phone.,f,SP
2018-01-28,2,wrong_or_missing_item,negative,I paid for 24 candy dispensers and only 21 arrived.,f,RJ
2018-01-29,3,wrong_or_missing_item,neutral,It came in brown instead of black. Quite simple and light.,f,ES
2018-01-29,3,positive,positive,Very good.,f,SP
2018-01-29,1,wrong_or_missing_item,negative,Bought three bedspreads and received only one so far.,f,SP
2018-01-29,2,damaged_or_defective,negative,"Poor packaging for a delicate item, and the screen arrived scratched.",f,SP
2018-01-29,1,wrong_or_missing_item,negative,I ordered two products but only received one.,f,PR
2018-01-29,1,damaged_or_defective,negative,"Product does not work, shipping takes too long and return process is slow.",f,SP
2018-01-30,5,positive,positive,Product delivered ahead of schedule.,f,SP
2018-01-30,1,late_delivery,negative,"Waiting for my product, provided the correct address after a mistake, still not received.",,SP
2018-01-30,1,late_delivery,negative,"Purchase made on 01/30, invoice issued 02/05, still no merchandise received by 03/16.",t,PR
2018-01-30,3,late_delivery,negative,"Great store, it is a pity that my product has not arrived yet!",t,MG
2018-01-30,2,seller_or_service,negative,"Received the product, but it came without an invoice.",f,SP
2018-01-30,3,damaged_or_defective,negative,"Product didn't work, could not be installed, and is leaking.",f,MG
2018-01-30,1,not_received,negative,I did not receive the product.,f,SP
2018-01-30,1,poor_quality,negative,Received inferior adapters of much lower quality compared to what was purchased.,f,SP
2018-01-31,1,seller_or_service,negative,Terrible customer service with no complaint channel provided by the supplier.,t,RJ
2018-01-31,3,poor_quality,negative,"Bought a white voil curtain with blackout, but the voil is transparent white and blackout is grey. Ugly!",f,RJ
2018-01-31,5,positive,positive,Great.,f,PR
2018-01-31,3,poor_quality,negative,The quality of the product was not satisfactory.,f,RJ
2018-01-31,2,wrong_or_missing_item,negative,The product came out of specification; the hubcap was sold with a Citroën logo but came without it.,f,SP
2018-01-31,3,late_delivery,neutral,It took a while to deliver.,f,SP
2018-02-01,4,poor_quality,neutral,"Very fragile, but works just fine.",f,MG
2018-02-01,1,damaged_or_defective,negative,"Received damaged product, with great difficulty to complain and no response after 3 days.",f,SP
2018-02-02,1,not_received,negative,Cannot recommend the store because I haven't received the product yet.,f,DF
2018-02-02,3,seller_or_service,neutral,"Delivered on time, but two printer cartridges arrived separately with only one tracking code.",f,SP
2018-02-02,2,wrong_or_missing_item,neutral,Ordered red balls but received orange ones. Kept them due to urgency.,f,RS
2018-02-02,1,not_received,negative,Have not received my merchandise yet and want an update on the delivery.,t,BA
2018-02-02,1,seller_or_service,negative,I want to cancel and get no response in all protocols I opened.,,RJ
2018-02-02,1,not_received,negative,I did not receive the product.,f,MG
2018-02-02,1,seller_or_service,negative,I requested the cancellation of this product and need the return label.,f,RJ
2018-02-02,4,positive,positive,Arrived ahead of schedule.,f,SP
2018-02-02,1,not_received,negative,Will not review yet because I have not received the product.,t,RJ
2018-02-02,2,seller_or_service,negative,"Bought 2 mops, requested return same day, no response yet, and only 1 arrived.",f,MG
2018-02-03,1,not_received,negative,"Delayed delivery, product was not delivered!",,RS
2018-02-03,2,wrong_or_missing_item,negative,Only the pillowcases were delivered; I am still waiting for the pillows.,f,SP
2018-02-03,3,poor_quality,neutral,"Reasonable product, low price, but it will do the job.",f,RJ
2018-02-03,1,poor_quality,negative,Poor quality product missing screws. I have to buy them myself. Not recommended.,f,RJ
2018-02-03,3,wrong_or_missing_item,neutral,The item arrived in a completely different color than advertised.,f,SP
2018-02-03,5,positive,positive,Product as desired and fast delivery.,f,RS
2018-02-03,3,positive,positive,"This store is great, I buy a lot of products here, deserves a gift.",t,CE
2018-02-03,1,wrong_or_missing_item,negative,"A product was shown at purchase and another was delivered, total neglect when trying to return.",f,MG
2018-02-04,2,late_delivery,negative,"The delivery time is way too long, it takes forever.",f,RS
2018-02-04,3,poor_quality,negative,"Product does not match image or description, falls very short. Definitely not worth it.",f,PE
2018-02-04,1,damaged_or_defective,negative,"Leaks after installation, waste of money.",f,RJ
2018-02-04,1,damaged_or_defective,negative,The product was all smeared and messy inside the box.,f,SC
2018-02-04,3,positive,positive,"I really liked it, very good.",f,CE
2018-02-04,5,positive,positive,Arrived well ahead of schedule and in perfect condition.,f,SP
2018-02-04,2,seller_or_service,negative,"Lamp was fine, but the small bag was torn and exchanges are bureaucratic.",f,SP
2018-02-04,3,poor_quality,neutral,"Product is less resistant than the previous one I had, but I am satisfied.",f,MG
2018-02-05,3,wrong_or_missing_item,negative,The product arrived missing the syringe to refill the cartridge.,f,SP
2018-02-05,1,not_received,neutral,I am still waiting for the product.,t,SP
2018-02-05,2,not_received,negative,My scissors kit has not been delivered yet and I need it for work.,f,CE
2018-02-05,1,wrong_or_missing_item,negative,Did not deliver all products.,f,SP
2018-02-05,1,late_delivery,neutral,"Still hoping to receive the product, issue seems to be with the post office.",t,MG
2018-02-05,3,poor_quality,negative,Product did not meet expectations and failed to match specifications.,f,RS
2018-02-05,1,seller_or_service,negative,Package caught in post office fire and seller has not addressed replacement or refund.,t,CE
2018-02-05,5,positive,positive,I recommend this store.,f,MG
2018-02-05,2,poor_quality,negative,"The product does not work as expected, including audio issues.",f,SC
2018-02-05,2,seller_or_service,negative,"Delivery marked as completed by post office but not received, impossible to contact store or support.",f,SP
2018-02-05,1,late_delivery,negative,"Bought in early February, still haven't received it and no position from the store.",t,PR
2018-02-05,1,wrong_or_missing_item,negative,"I bought 2 baby pillows in the shape of an elephant, but received only one.",f,RS
2018-02-06,3,poor_quality,neutral,Product is rustic and large with dark leaves as described. Store should offer delivery discounts.,f,SP
2018-02-06,1,not_received,negative,Still haven't received it.,f,MG
2018-02-06,1,wrong_or_missing_item,negative,I bought two kits but only one was complete. The other had only black paint.,f,RJ
2018-02-06,1,late_delivery,negative,The delivery deadline has passed and I still have not received my product.,,PR
2018-02-06,1,wrong_or_missing_item,negative,"Bought 2 chairs, but only one arrived despite the invoice stating two.",f,GO
2018-02-06,2,poor_quality,negative,"The product looked like metal without proper description, but it was actually rubber.",f,SP
2018-02-06,3,damaged_or_defective,neutral,"Product arrived broken, do not know how to proceed as I believe it broke during transport.",f,RS
2018-02-06,5,positive,positive,The medicines are good and arrived well packaged. I recommend.,f,DF
2018-02-06,3,poor_quality,negative,"Poorly finished product, leaves much to be desired, bad fabric quality.",f,SP
2018-02-06,1,damaged_or_defective,negative,Defective product printed 30 copies then broke down completely.,f,SP
2018-02-06,1,seller_or_service,negative,I think this is a lack of respect for the customer.,t,RJ
2018-02-06,5,positive,positive,Great.,f,SP
2018-02-06,4,late_delivery,neutral,It only delayed because of the post office.,f,RS
2018-02-06,2,seller_or_service,negative,The store took an unacceptable amount of time just to ship the product.,f,SP
2018-02-07,3,late_delivery,neutral,"The delivery took 30 days, much longer than advertised.",f,DF
2018-02-07,1,seller_or_service,negative,I want my money back.,,SP
2018-02-07,1,wrong_or_missing_item,negative,The received color tone does not match the website; received dark pink instead of light pink.,f,SP
2018-02-07,3,late_delivery,negative,Unhappy because delivery missed the deadline and took almost 40 days.,t,MG
2018-02-07,1,seller_or_service,negative,"Very sad, will pursue my legal rights.",t,SP
2018-02-08,1,seller_or_service,negative,An item was missing from delivery and customer service ignored cancellation requests.,f,SP
2018-02-08,1,not_received,negative,I have no news about the purchased product.,f,DF
2018-02-08,3,positive,positive,Product appears to be good.,f,SP
2018-02-08,1,not_received,negative,I have not received it yet.,t,RJ
2018-02-08,1,wrong_or_missing_item,negative,I bought a consul air conditioner remote and received a television remote.,f,SP
2018-02-08,1,wrong_or_missing_item,negative,"Waiting for a reply from the store, bought a two-piece kit and received only one.",f,SP
2018-02-09,3,late_delivery,neutral,Still waiting for an update as the status has been stuck before the expected delivery date.,,SP
2018-02-09,1,wrong_or_missing_item,negative,"Bedspread set should have 3 pieces but came with only 2, missing the pillow sham.",f,PE
2018-02-09,1,late_delivery,negative,I need an update on my product and delivery as soon as possible.,t,TO
2018-02-09,5,late_delivery,positive,"There was a transport issue causing a big delay, but it's the first time.",f,SC
2018-02-09,3,wrong_or_missing_item,neutral,I bought 2 curtains and only one arrived in the package.,f,PA
2018-02-09,1,not_received,negative,Terrible deal. Bought and until today gave no satisfaction. Just did not deliver.,,RJ
2018-02-09,5,seller_or_service,neutral,"No one was home for delivery, received an email and contacted them so a relative could pick it up.",f,MG
2018-02-10,3,positive,positive,I love shopping at baratheon.,f,MG
2018-02-10,2,wrong_or_missing_item,negative,Received only one product and company did not contact me.,f,BA
2018-02-10,3,late_delivery,neutral,"Store is not to blame, but it is depressing not to receive the order due to the post office.",t,RJ
2018-02-10,1,wrong_or_missing_item,negative,"Ordered case and screen protector for Redmi Note 4X, but received incompatible Redmi Note 4 items.",f,SP
2018-02-10,3,late_delivery,negative,The delivery time is very slow.,f,SP
2018-02-10,1,wrong_or_missing_item,negative,Received only one lamp instead of three and no grill.,f,RJ
2018-02-11,1,wrong_or_missing_item,negative,"Bought a plush monkey and received a bear, causing a school project issue.",f,MG
2018-02-11,1,wrong_or_missing_item,negative,"Two supports were ordered, but only one has been delivered so far.",f,PR
2018-02-11,3,positive,positive,Product delivered before deadline. Satisfied and recommend the store.,f,MG
2018-02-11,1,not_received,negative,Still have not received the product or any explanation from the store.,t,SC
2018-02-11,1,wrong_or_missing_item,negative,I bought one product and an inferior one was delivered.,f,SP
2018-02-11,1,wrong_or_missing_item,negative,I did not receive the purchase correctly. So far I only received incomplete products.,f,SP
2018-02-11,1,seller_or_service,negative,Very bad store.,t,SP
2018-02-11,1,wrong_or_missing_item,negative,"An advertised product was ordered but an inferior one arrived, and emailing support didn't help.",f,SP
2018-02-11,5,positive,positive,"Loved it, arrived before the deadline, fits two people, great merchandise.",f,SP
2018-02-12,1,not_received,neutral,Waiting for the store's position regarding the delivery.,t,SP
2018-02-12,1,not_received,negative,"Did not receive my products yet, paid delivery fee and got nothing.",t,RJ
2018-02-12,1,late_delivery,negative,Delivery breach on a food product.,t,SP
2018-02-12,1,wrong_or_missing_item,negative,The delivered product does not match what I ordered.,f,BA
2018-02-12,1,late_delivery,negative,Still waiting for the delivery.,t,RS
2018-02-12,1,wrong_or_missing_item,negative,"Wrong item delivered, customer service unhelpful, need a return and correct item.",f,MG
2018-02-12,1,wrong_or_missing_item,negative,Sent wrong product color with unravelling seams. Will not buy from them again.,f,GO
2018-02-12,2,damaged_or_defective,negative,Product did not work on my PC.,f,RJ
2018-02-13,1,not_received,negative,"Cannot rate the product yet as I haven't received it. Regret buying, do not recommend.",,SP
2018-02-13,1,other,negative,Impossible to evaluate a service that was not completed.,t,RJ
2018-02-13,2,late_delivery,negative,The store does not respect the stipulated deadline.,t,RJ
2018-02-13,1,seller_or_service,negative,"Terrible customer service, I do not recommend it.",t,RJ
2018-02-13,1,wrong_or_missing_item,negative,The quantity purchased was not delivered.,f,MS
2018-02-13,1,not_received,negative,I still haven't received my order.,t,RJ
2018-02-13,1,not_received,negative,"Tracking showed it was posted on time but never arrived. Possibly lost, so I filed a claim.",t,BA
2018-02-13,3,late_delivery,neutral,"Product arrived in perfect condition on time without tracking updates, but experienced delivery delay issues.",f,RS
2018-02-13,1,seller_or_service,negative,"I paid for shipping and should receive it at home, I will not pick it up at the post office.",t,SP
2018-02-13,1,seller_or_service,negative,"The store does not let me talk directly to support, making things very difficult.",,RJ
2018-02-13,1,late_delivery,negative,Unfortunately haven't received my product yet and cannot evaluate! Store needs better partners.,t,RJ
2018-02-13,5,positive,positive,Delivers what it promises.,f,SP
2018-02-13,1,wrong_or_missing_item,negative,"Good promotion, but only part of the order arrived. Who will solve this?",f,SP
2018-02-13,1,wrong_or_missing_item,negative,The product they sent me doesn't even look like what I bought.,f,DF
2018-02-13,1,not_received,negative,Paid for the product and did not receive it.,t,RJ
2018-02-13,1,late_delivery,negative,"Terrible delivery, ordered on Feb 13 and still haven't received it by Mar 18.",t,GO
2018-02-14,1,poor_quality,negative,Screen protector does not cover the whole screen as specified; misleading product.,f,PB
2018-02-14,5,positive,positive,"Reliable site, products of great quality, highly recommend.",f,MG
2018-02-14,1,late_delivery,negative,1 month delivery time and they cannot meet it? No need to say more.,,RJ
2018-02-14,3,wrong_or_missing_item,neutral,A table runner that comes with the bedspread is missing from the delivery.,f,SP
2018-02-14,1,not_received,negative,I expect an explanation because it has not been delivered until today.,t,RJ
2018-02-14,1,poor_quality,negative,"Expensive, poor quality, horrible soft plastic. Not worth the price.",f,MG
2018-02-14,2,wrong_or_missing_item,negative,I ordered 4 controllers and received only 3. Waiting for the missing one.,f,PR
2018-02-14,5,positive,positive,Delivered ahead of schedule.,f,SP
2018-02-14,1,poor_quality,negative,Poorly made product with aluminum burrs and bad paint finish. I do not recommend.,f,SP
2018-02-15,5,positive,positive,Received before the deadline in perfect condition.,f,SP
2018-02-15,1,seller_or_service,negative,Waited over 30 days for a gift that never arrived. Cancellation was refused.,,CE
2018-02-15,2,wrong_or_missing_item,negative,One pendant kit is missing! Waiting for a solution. I ordered and paid for two kits.,f,SP
2018-02-15,2,late_delivery,negative,Terrible delivery.,t,SC
2018-02-15,2,late_delivery,negative,Terrible delivery.,t,SC
2018-02-15,1,late_delivery,negative,Did not meet the deadline and the product did not arrive.,,PI
2018-02-15,3,other,neutral,Cannot comment on quality yet as there is no forecast for use.,f,CE
2018-02-15,1,wrong_or_missing_item,negative,Product delivered in supplier packaging without assembly screws.,f,SP
2018-02-16,3,poor_quality,neutral,"Arrived fast, but without any protective packaging inside the box to prevent damage.",f,SP
2018-02-16,1,not_received,negative,Bought this crap almost a month ago and it has not arrived.,t,SP
2018-02-16,1,seller_or_service,negative,"Invoice wasn't even issued within the delivery period, I want to cancel my order!",,MG
2018-02-16,1,wrong_or_missing_item,negative,Bought a 12v xb 1270 battery and received an xb 12AL with lower amperage.,f,DF
2018-02-16,5,positive,positive,"Very well packaged, great.",f,DF
2018-02-16,2,poor_quality,negative,"It was not what I expected, I want to return the product.",f,PE
2018-02-16,1,seller_or_service,negative,I will never buy from this trash again!,t,BA
2018-02-16,4,positive,positive,Very good.,t,PE
2018-02-16,3,poor_quality,neutral,"It looks beautiful in the photo, but in person it is nothing alike.",f,RJ
2018-02-17,1,not_received,negative,Curtain has not arrived and seller is not responding to messages.,t,BA
2018-02-17,1,poor_quality,negative,Screen protector did not fit the phone properly and peeled off on the first day.,f,MG
2018-02-17,1,damaged_or_defective,negative,"The mirror arrived broken and scratched, going to return it and waiting for instructions.",f,SP
2018-02-17,1,wrong_or_missing_item,negative,Up to this moment only the base of the baby car seat was received.,f,MG
2018-02-17,2,damaged_or_defective,negative,Casio watch arrived scratched and expensive shipping was annoying.,f,SP
2018-02-17,2,late_delivery,negative,The product was not delivered on time and the seller did not explain the delay.,t,MA
2018-02-17,1,late_delivery,negative,"The product is good, but almost 2 months to receive it!",f,RJ
2018-02-17,2,late_delivery,negative,Taking almost a month to deliver just two printer cartridges is way too slow.,f,MG
2018-02-17,2,poor_quality,negative,I thought it would be more resistant.,f,MG
2018-02-17,1,not_received,negative,"I bought 2 printer cartridges which I really need, and have not received them yet.",t,RJ
2018-02-17,1,wrong_or_missing_item,negative,"Bought two products, received only one, and nobody responds to emails.",f,RJ
2018-02-18,3,wrong_or_missing_item,neutral,"Ordered one black and one color cartridge, but received two black ones.",f,SP
2018-02-18,1,not_received,negative,I did not receive the product.,t,RJ
2018-02-18,5,positive,positive,The watch met my expectations.,f,CE
2018-02-18,2,late_delivery,negative,The problem was that it arrived after the deadline.,f,MG
2018-02-18,4,late_delivery,neutral,The product arrived one day after the delivery deadline.,t,MG
2018-02-18,1,wrong_or_missing_item,negative,Ordered two memory sticks and received only one. Do not recommend the store.,f,SP
2018-02-18,3,positive,neutral,Product picked up at the post office.,f,RJ
2018-02-18,1,wrong_or_missing_item,negative,"Site says delivered, but I only received the black cartridges and not the color one.",f,PR
2018-02-19,1,other,negative,Invoice value is lower than the website price; questioning why.,f,SP
2018-02-19,2,wrong_or_missing_item,neutral,Waiting for the rest of the order; it was delivered only partially.,f,AM
2018-02-19,1,not_received,negative,Still hasn't arrived! I am dissatisfied.,t,RJ
2018-02-19,3,poor_quality,negative,"Watch strap came loose and water got in easily, very fragile.",f,RJ
2018-02-19,1,seller_or_service,negative,I want to know when my order arrives. Cannot contact support. Hope for a quick reply.,t,RJ
2018-02-19,1,not_received,negative,"The product simply did not arrive, I am going to cancel the purchase.",t,SP
2018-02-19,1,late_delivery,negative,"Waiting for delivery since the 21st, no updates provided by the store.",t,AL
2018-02-20,1,not_received,negative,"Did not receive the product, deadline ended yesterday.",t,RJ
2018-02-20,5,positive,positive,I loved the product.,f,SP
2018-02-20,1,poor_quality,negative,"Product quality is terrible, poorly finished, does not match photos, returning it.",f,SP
2018-02-20,1,wrong_or_missing_item,negative,I bought two bottles of vitamins and received only one.,f,SP
2018-02-20,1,seller_or_service,negative,"Terrible, asked several times about delivery and nobody positions themselves.",,SP
2018-02-21,1,not_received,negative,I did not receive the product.,t,RJ
2018-02-21,1,not_received,negative,"They reported delivery on March 24, which I deny! Please provide location, time, and recipient.",t,RJ
2018-02-21,5,positive,positive,"Very fast and everything is fine, I recommend.",f,ES
2018-02-21,2,late_delivery,negative,Deadline exceeded by a lot.,t,RJ
2018-02-21,1,not_received,negative,Product not received. Please send urgent information.,t,RS
2018-02-21,3,poor_quality,neutral,The only problem is the scissors came unsharpened and chew the customer's hair.,f,SP
2018-02-21,1,not_received,negative,"Huge delivery time, product not delivered and no contact with explanation.",t,RJ
2018-02-21,1,not_received,negative,Product was marked as delivered but never received. I want a refund.,t,MG
2018-02-21,3,wrong_or_missing_item,negative,"Bought two pendant lamps, only one was sent. Complaint opened, no response yet.",f,RJ
2018-02-21,1,late_delivery,negative,Delivery was due on March 8th. Still haven't received it and no one contacted me.,,SP
2018-02-22,1,seller_or_service,negative,"Trying to cancel, no response, and unable to return.",f,PR
2018-02-22,5,positive,positive,Shopping on this site is always satisfactory.,f,PE
2018-02-22,1,not_received,negative,Order not delivered yet.,t,RJ
2018-02-22,1,not_received,negative,The product was not delivered.,,MG
2018-02-22,1,other,negative,It is getting worse and worse.,t,RJ
2018-02-22,1,wrong_or_missing_item,negative,"I did not receive the complete order, they only delivered the rod and the curtain was missing.",f,SP
2018-02-22,1,late_delivery,negative,"Product was shipped quickly, but the postal service has not delivered it yet.",t,RJ
2018-02-22,1,late_delivery,neutral,"I liked it, only it took too long to arrive.",f,MG
2018-02-22,1,damaged_or_defective,negative,"When starting to use the product, it presented a defect.",f,AL
2018-02-22,1,not_received,negative,The product did not arrive.,t,BA
2018-02-22,1,late_delivery,negative,The product takes too long to arrive.,t,SP
2018-02-22,1,wrong_or_missing_item,negative,Received a hand cream instead of the product I actually bought.,f,SP
2018-02-23,1,wrong_or_missing_item,negative,I bought two products and they only delivered one.,f,MG
2018-02-23,2,wrong_or_missing_item,negative,"Ordered 2 pendant lamps, received only 1. Fast delivery, but useless with half an order.",f,SP
2018-02-23,2,late_delivery,negative,"Delivery was supposed to take 15 business days, it has been almost 30 and I haven't received it.",t,ES
2018-02-23,1,wrong_or_missing_item,negative,Only one product was delivered when I bought two. Where is the other?,f,BA
2018-02-23,5,positive,positive,Very good. I liked it.,f,RN
2018-02-24,1,poor_quality,negative,The stool is cracking after less than 6 months of use. Poor quality product!,f,SP
2018-02-24,1,late_delivery,negative,"Do not recommend. Paid, but order hasn't arrived and is past the delivery deadline.",,PR
2018-02-24,5,positive,positive,Great product.,f,MG
2018-02-24,1,not_received,negative,I have not received anything yet.,,RJ
2018-02-25,2,not_received,negative,Ordered two cartridges and have not received them yet.,t,SC
2018-02-25,1,not_received,negative,I did not receive the product I bought!,f,GO
2018-02-25,1,wrong_or_missing_item,negative,Product arrived missing the controller. Only the console and cables were delivered.,f,SP
2018-02-25,2,late_delivery,negative,"Delivery deadline was 03/27/2018, today is 03/29/2018 and I still haven't received it!",t,RS
2018-02-25,5,positive,positive,Excellent. Delivered ahead of schedule.,f,GO
2018-02-25,1,not_received,neutral,"Haven't received the product yet, waiting.",t,RJ
2018-02-25,3,wrong_or_missing_item,negative,This delivery was correct but another order was incomplete and had a fake cartridge.,f,SP
2018-02-25,1,not_received,negative,I haven't received the product and have no news.,t,MG
2018-02-25,1,wrong_or_missing_item,negative,"Bought two, delivered only one.",f,DF
2018-02-25,2,seller_or_service,neutral,Please check with the post office. Thank you in advance.,t,SP
2018-02-25,5,positive,positive,"Product arrived ahead of time, paintings are beautiful as pictured. Very happy!",f,SP
2018-02-25,1,poor_quality,negative,"Felt cheated, product is not original HP, plastic packaging, terrible quality.",f,MG
2018-02-25,1,wrong_or_missing_item,negative,The shipped item differs from what was requested and has damage on the case and screen protector.,f,SP
2018-02-25,1,poor_quality,negative,"I do not recommend it, the toner is not original.",f,SP
2018-02-25,1,not_received,negative,I want my product.,t,BA
2018-02-26,1,late_delivery,negative,The product took way too long to arrive.,f,SP
2018-02-26,5,positive,positive,Very good.,f,MG
2018-02-26,1,late_delivery,negative,"First time the deadline passed and I haven't received my product, unlike orders from other stores.",t,PE
2018-02-26,1,not_received,negative,"Did not receive the product, no response from the store despite multiple complaints.",t,MG
2018-02-26,1,seller_or_service,negative,"This service is garbage, I will never buy from you again in my life.",,SP
2018-02-26,1,seller_or_service,negative,I want to cancel this purchase because it is already past the deadline.,t,RJ
2018-02-26,5,positive,positive,"Excellent product, I recommend.",f,SP
2018-02-26,1,not_received,negative,"Did not receive product, store does not know its location, terrible customer service.",t,SP
2018-02-26,3,damaged_or_defective,neutral,"Arrived on time, with a slight dent and missing 3 nuts.",f,RJ
2018-02-26,4,positive,positive,"Delivery was made before the deadline, much faster than expected!",f,RS
2018-02-26,1,late_delivery,neutral,Waiting for the product.,t,RJ
2018-02-27,1,not_received,negative,I did not receive the product and got no response to my complaint after paying over 500 reals.,t,DF
2018-02-27,1,damaged_or_defective,negative,"Product was packed only in a fragile envelope, leaving the cartridge box completely destroyed.",f,SP
2018-02-27,1,not_received,negative,"Almost 2 months and nothing. Simply terrible, do not recommend.",t,SC
2018-02-27,1,wrong_or_missing_item,negative,"The product arrived, but it was not what I bought, even though the description matched.",f,BA
2018-02-27,1,poor_quality,neutral,"Fast delivery and nice bag, but the material quality was disappointing.",f,PE
2018-02-27,1,not_received,negative,"Bought days ago, still not delivered, and contacts are ignored.",t,SP
2018-02-27,1,not_received,negative,I bought a remote control and almost thirty days later I still have not received it.,t,RJ
2018-02-27,1,damaged_or_defective,negative,Cables are different and do not work. How do I make an exchange?,f,SP
2018-02-27,3,damaged_or_defective,neutral,The printer lacked proper foam protection inside the box and the black cartridge was dry.,f,RJ
2018-02-27,1,damaged_or_defective,negative,"The product was packed only in a fragile envelope, completely destroying the cartridge box.",f,SP
2018-02-27,1,not_received,negative,"I paid a long time ago, I need the items and still haven't received them.",t,RJ
2018-02-27,1,not_received,negative,"I have not received it yet, and I am asked to review a product I have not gotten. Very unsatisfied!",f,RJ
2018-02-27,5,positive,positive,"Fast shipping, product as described.",f,SP
2018-02-27,1,seller_or_service,negative,Waiting for return instructions. Contacted seller who wrongly offered to send a replacement part.,f,SP
2018-02-27,1,late_delivery,negative,Very slow delivery with no customer support.,t,MT
2018-02-27,1,not_received,negative,"I have not received my purchase yet, causing total trouble for my son.",t,RJ
2018-02-28,1,poor_quality,negative,Terrible.,t,DF
2018-02-28,1,not_received,negative,Still haven't received my item after 3 weeks. Requesting shipping details!,t,RJ
2018-02-28,2,not_received,negative,A store that only wants customer money but doesn't deliver.,t,RJ
2018-02-28,1,not_received,negative,I did not receive the product.,t,ES
2018-02-28,2,seller_or_service,negative,"Product not delivered properly, contacted support and received no response.",f,MG
2018-02-28,2,damaged_or_defective,neutral,"Printer sometimes reports cartridge is not correctly installed, requiring reinsertion.",f,RJ
2018-02-28,1,not_received,neutral,I request the delivery of the material.,t,MA
2018-02-28,3,late_delivery,neutral,"I didn't receive my merchandise, they sent it but the post office failed to deliver.",t,PA
2018-02-28,1,late_delivery,negative,I did not receive my product by the stipulated date. Still waiting for the merchandise.,t,SP
2018-02-28,1,wrong_or_missing_item,negative,"Received a different waterfall fountain than pictured. False advertising, want a refund or exchange.",f,MG
2018-02-28,1,wrong_or_missing_item,negative,"I ordered a colored ink and a black ink, and only received the black ink.",f,SP
2018-02-28,1,late_delivery,negative,"I will rate better when my product is delivered, as it has not arrived yet.",t,RJ
2018-02-28,5,positive,positive,"Very satisfied with this specific purchase, quick delivery.",f,MS
2018-02-28,1,seller_or_service,negative,I have sent several emails complaining about delivery and no one answers me!,t,RJ
2018-02-28,1,seller_or_service,negative,Terrible store.,t,RJ
2018-02-28,1,wrong_or_missing_item,negative,Bought two units and only one arrived. No news about the other.,f,MG
2018-02-28,1,late_delivery,neutral,Is there a way to update me on when this product will be delivered?,t,RJ
2018-02-28,3,late_delivery,positive,"Everything was fine, it just took a little while.",f,RS
2018-02-28,2,not_received,negative,"I've bought from this store before without issues, but this order hasn't arrived.",f,MG
2018-02-28,2,poor_quality,negative,I thought it was of very poor quality.,f,SP
2018-02-28,1,wrong_or_missing_item,negative,"Because the order was split into multiple deliveries, a Sony and an LG remote are missing.",t,MT
2018-02-28,1,seller_or_service,negative,"Cannot contact the seller, and the delivery status hasn't updated since day 1.",,RJ
2018-03-01,1,late_delivery,negative,"I still haven't received my product, the delivery deadline was until 03/23 and it hasn't arrived yet.",t,RJ
2018-03-01,1,seller_or_service,negative,Not sure if I will receive the product as the merchant did not contact me after complaints.,t,SP
2018-03-01,3,poor_quality,neutral,"Pillow is good, but the cover fabric gets too hot and uncomfortable.",f,RJ
2018-03-01,1,late_delivery,negative,Nothing until today. Deadline was the 26th.,t,MG
2018-03-01,3,poor_quality,neutral,"This curtain adds elegance to any room, though I found it a bit too thin, it looks beautiful.",f,SP
2018-03-01,1,late_delivery,negative,The product is delayed.,t,PR
2018-03-01,1,poor_quality,negative,I did not like the quality of the cushion filling.,f,BA
2018-03-01,1,late_delivery,negative,"Would like to know when my product arrives? Past the estimated date, waiting for an answer!",,RJ
2018-03-01,1,not_received,negative,Shipped via postal service and still nothing received.,t,RJ
2018-03-01,1,not_received,negative,"Made the purchase and it was not delivered, cancelling and expecting a refund.",t,SP
2018-03-01,2,late_delivery,neutral,"Received late, but working well! The product is a bit noisy but cools quickly.",,RJ
2018-03-01,1,not_received,negative,I did not receive the product.,t,RJ
2018-03-01,2,late_delivery,neutral,"I recommend the store, unfortunately delivery is taking longer than expected!",t,RS
2018-03-01,2,not_received,negative,I have not received my delivery yet.,t,SP
2018-03-01,1,damaged_or_defective,negative,"The product arrived defective with a short end tube, causing the hammock to touch the ground.",f,PE
2018-03-01,1,not_received,negative,Did not receive the product.,f,SP
2018-03-02,1,not_received,negative,The product was not delivered. I need help solving this problem.,t,RJ
2018-03-02,1,seller_or_service,negative,"You need to stop selling what you don't have, this is fraud.",t,RJ
2018-03-02,1,late_delivery,negative,Waiting for product delivery. The deadline has already expired.,t,SP
2018-03-02,2,other,negative,Costs a lot.,t,MA
2018-03-02,1,not_received,negative,I still haven't received my product.,t,SP
2018-03-02,1,not_received,negative,My product did not arrive.,f,SP
2018-03-02,1,not_received,negative,Have not received the product yet.,t,MS
2018-03-02,2,late_delivery,negative,"Delay in invoice issuance and delivery, still haven't received it.",t,SC
2018-03-02,1,late_delivery,negative,"Bought two pendants, past the 12-day deadline and nothing. Told post office will deliver in 5 days.",t,SP
2018-03-02,1,wrong_or_missing_item,negative,Received wrong cartridges instead of what was ordered. Waiting for exchange.,f,RJ
2018-03-02,5,positive,positive,Great.,f,PR
2018-03-02,1,wrong_or_missing_item,negative,"Bought two identical items, only one arrived, and nothing has been resolved yet.",f,RJ
2018-03-03,1,not_received,negative,I haven't received anything yet.,t,PR
2018-03-03,1,late_delivery,negative,Did not meet the delivery deadline. It's already two days past the agreed date.,t,BA
2018-03-03,1,not_received,negative,Did not receive the product and have no information.,t,SP
2018-03-03,1,late_delivery,negative,Huge delivery time and they still managed to delay the shipment.,f,ES
2018-03-03,1,poor_quality,negative,"The product photo showed an Apple logo, but the item arrived and is not original.",f,SP
2018-03-03,1,seller_or_service,negative,They do not respond to service requests.,t,MA
2018-03-03,1,late_delivery,negative,Gigantic delivery time and they still managed to delay it further.,t,ES
2018-03-03,1,wrong_or_missing_item,negative,I bought an HDMI cable and received a VGA one. I need an exchange.,f,RJ
2018-03-03,1,wrong_or_missing_item,negative,"The ad showed an original HP cartridge, but they sent a counterfeit one.",f,SP
2018-03-03,1,poor_quality,negative,"Low quality product, the glass is always foggy, and it arrived without packaging.",f,SP
2018-03-03,1,not_received,negative,I cannot evaluate the store yet as I did not receive my product.,t,BA
2018-03-03,1,poor_quality,negative,"Arrived on time, but the material is inferior and not worth the price.",f,SP
2018-03-03,2,wrong_or_missing_item,negative,I bought 2 units and only received 1.,f,RJ
2018-03-03,3,positive,positive,"Good, loved that it was mobile, liked it.",f,SP
2018-03-04,1,late_delivery,negative,Still waiting for the product delivery.,f,SP
2018-03-04,1,not_received,negative,I have not received the product yet and I am still waiting.,t,CE
2018-03-04,3,poor_quality,negative,"Illustrative image exceeded expectations for the real product, making it misleading advertising.",f,SP
2018-03-04,1,not_received,negative,I ordered a laptop battery a while ago and it still hasn't arrived.,t,PA
2018-03-04,1,not_received,negative,My product was not delivered.,t,RJ
2018-03-04,1,late_delivery,negative,"Still waiting. They promised delivery this week, but I bought it in March.",t,RJ
2018-03-04,5,positive,positive,"Second purchase. First store sent wrong item, but this seller sent the correct screen!",f,SP
2018-03-04,1,damaged_or_defective,negative,Product was delivered with a broken handle missing a fixing pin.,f,SP
2018-03-04,1,seller_or_service,negative,Ruined a child's gift due to a lack of commitment from the store.,t,RJ
2018-03-05,1,late_delivery,neutral,"Not sure yet, because I haven't received the product.",,BA
2018-03-05,1,not_received,negative,"I did not receive the product, so I cannot leave a positive review.",t,SP
2018-03-05,1,wrong_or_missing_item,negative,"Did not receive the product I bought, received a different one.",f,SP
2018-03-05,1,not_received,negative,I haven't received the merchandise yet.,t,RS
2018-03-05,1,wrong_or_missing_item,negative,"I only received one chair, even though I bought two.",f,RJ
2018-03-05,1,not_received,negative,I did not receive the product.,t,MT
2018-03-05,1,not_received,negative,The product still hasn't arrived to this day.,t,SP
2018-03-05,1,late_delivery,negative,The deadline has passed and no product has arrived.,t,PR
2018-03-05,1,not_received,negative,Waited for the product and got nothing.,t,SP
2018-03-05,1,seller_or_service,negative,Lack of communication between stores and customers.,,RN
2018-03-05,1,not_received,negative,I did not receive the liquid koolbloom product.,f,SP
2018-03-05,1,seller_or_service,negative,Product is heavily delayed and I cannot get in touch with the store to know what happened.,t,PE
2018-03-05,1,late_delivery,negative,The delivery deadline is almost a month overdue and still nothing.,t,RJ
2018-03-05,1,poor_quality,negative,"These towels are very flimsy, I did not like them and do not recommend them.",f,SP
2018-03-05,1,not_received,negative,"Do not understand why it was not delivered, unsatisfied.",t,ES
2018-03-05,1,late_delivery,negative,"Brand is good, but I cannot evaluate because it hasn't arrived yet.",t,RJ
2018-03-05,1,late_delivery,negative,"Delivery was late, support did not answer my messages. Do not recommend.",t,SP
2018-03-05,3,not_received,negative,Have not received the product yet and customer service was confusing.,,RS
2018-03-05,1,not_received,negative,Bought a month ago and my product has still not been delivered.,t,RJ
2018-03-06,3,wrong_or_missing_item,negative,"I ordered two, received one, and one is missing.",t,SE
2018-03-06,2,other,neutral,No comments provided.,t,SP
2018-03-06,2,damaged_or_defective,negative,Product had paint stains inside and poor edge finishing looking like peeling.,f,SP
2018-03-06,3,wrong_or_missing_item,negative,Received wrong product and could not contact seller or partner company.,f,SC
2018-03-06,2,poor_quality,negative,The paintings are of low quality and the image resolution leaves much to be desired.,f,RJ
2018-03-06,1,damaged_or_defective,negative,"Product is damaged, the piece around the peephole is loose.",f,SP
2018-03-06,1,positive,positive,All good.,f,RS
2018-03-06,1,seller_or_service,negative,"Great website to buy, but after-sales services and exchange support do not work.",f,SP
2018-03-07,1,seller_or_service,negative,"I cancelled the order right after buying, but it was still shipped and never arrived.",,CE
2018-03-07,1,seller_or_service,negative,The partner company does not have the same commitment as the store.,t,RS
2018-03-07,4,damaged_or_defective,neutral,"The mount came with a stripped screw, but I fixed it and it is great.",f,SP
2018-03-07,5,positive,positive,Very good product.,f,RS
2018-03-07,1,wrong_or_missing_item,negative,Bought two mattress covers and only received one. Asking to confirm delivery is senseless.,f,CE
2018-03-07,1,seller_or_service,negative,"Online selling requires responsibility. Very bad seller, did not like it.",t,DF
2018-03-07,1,not_received,negative,I have not received the product yet.,,PA
2018-03-07,1,damaged_or_defective,negative,Received full of defects. Requested refund and am waiting for a response.,f,SP
2018-03-07,3,late_delivery,negative,"Delivery deadline missed. Bought over 20 days ago, no product or tracking update.",t,MG
2018-03-08,1,late_delivery,negative,I hope you send my order as soon as possible so I can review your work.,t,MT
2018-03-08,1,not_received,negative,Waiting for the store to solve the issue; I cancelled because the product did not arrive.,t,RJ
2018-03-08,1,late_delivery,negative,Customer experienced past delivery problems with the store and will not buy there again due to delays.,t,MG
2018-03-08,1,late_delivery,negative,Delivery deadline passed and I haven't received the product. Paying and not receiving.,t,RJ
2018-03-08,2,late_delivery,neutral,I am waiting.,,SP
2018-03-08,3,wrong_or_missing_item,neutral,"Not the same product I bought, but it will do.",f,SP
2018-03-08,3,late_delivery,neutral,"I always buy from you, but this time the product had a problem with the delivery time.",t,CE
2018-03-09,1,seller_or_service,negative,My cancelled product hasn't arrived yet so I can refuse it.,t,ES
2018-03-09,1,wrong_or_missing_item,negative,"Ordered two phone cases and paid for both, but only received one.",t,SE
2018-03-09,2,seller_or_service,negative,The company is falling short of expectations.,,RJ
2018-03-09,3,not_received,negative,I still haven't received the product.,,SP
2018-03-09,2,wrong_or_missing_item,negative,I bought three products and only two arrived. What are you going to do about it?,t,BA
2018-03-10,1,late_delivery,negative,"Contacted twice with no update, past the deadline, never again!",t,MG
2018-03-10,1,not_received,negative,"Still haven't received the product, no satisfaction given after contacting them 3 times.",t,RJ
2018-03-10,1,wrong_or_missing_item,negative,I bought two units and they only sent one.,f,SP
2018-03-10,2,late_delivery,neutral,I would like to know when my product will arrive.,t,PE
2018-03-11,3,seller_or_service,neutral,There needs to be responsibility.,f,BA
2018-03-11,3,positive,positive,Arrived well.,f,RJ
2018-03-11,5,positive,positive,Lannister is top.,f,MG
2018-03-11,1,seller_or_service,negative,I want my money back.,t,SE
2018-03-11,3,poor_quality,neutral,"The description said 94cm which I thought meant width, not height. How do I exchange it?",t,RS
2018-03-11,1,wrong_or_missing_item,negative,"They made my mother sign for two units, but only one was delivered.",f,MG
2018-03-11,1,wrong_or_missing_item,negative,Received a different colored product of much lower quality. Total hassle.,f,SP
2018-03-11,1,poor_quality,negative,Terrible.,t,PA
2018-03-11,1,wrong_or_missing_item,negative,I bought 2 niches but only received the black one. The travertine one was missing.,f,SP
2018-03-11,1,not_received,negative,My product has not arrived and I got no response from the store about the delay.,t,SP
2018-03-11,1,seller_or_service,negative,Product not received and messages to the seller were ignored.,t,SP
2018-03-12,1,late_delivery,negative,The postal service only delivers when they want and just go on strike.,t,SP
2018-03-12,2,other,neutral,Does not understand what is happening with a simple purchase.,t,MG
2018-03-12,3,positive,positive,"Found it strange to have hearts for being unisex, but it is beautiful and great.",f,SP
2018-03-12,1,late_delivery,negative,Product was not delivered on the agreed date.,t,SP
2018-03-12,5,positive,positive,"Super fast delivery, good quality product.",f,PR
2018-03-12,1,not_received,negative,I did not receive the product.,t,SP
2018-03-12,2,late_delivery,neutral,"Had to pick up at post office due to delivery failure, but product retrieved.",t,SP
2018-03-12,3,seller_or_service,negative,I have sent several emails and received no response.,t,MG
2018-03-12,1,late_delivery,negative,The order has not been delivered yet and the delivery deadline has passed.,t,MS
2018-03-12,5,positive,positive,Very good.,f,MG
2018-03-12,2,late_delivery,negative,"Delivery was expected by April 3, the bill is almost due and the product still hasn't arrived.",t,GO
2018-03-12,4,positive,positive,Material arrived as specified and before the delivery deadline.,f,PB
2018-03-12,1,not_received,negative,Have not received the product yet.,t,MG
2018-03-12,1,wrong_or_missing_item,negative,"Bought 3 lamps, received only 1, but order says all 3 were delivered. What now?",f,RJ
2018-03-13,2,not_received,negative,The product did not arrive.,f,AP
2018-03-13,1,not_received,negative,"Still haven't received my product, there was a delivery issue, please resolve this!",f,SP
2018-03-13,3,late_delivery,neutral,"Tracking shows the issue is with the post office, and the second delivery deadline was missed.",t,RS
2018-03-13,1,not_received,negative,Product not delivered and store gave no satisfaction after contact.,t,BA
2018-03-13,3,wrong_or_missing_item,negative,I ordered an oval white model and received a golden round one.,f,BA
2018-03-13,2,not_received,negative,Product never reached the post office and the company has not contacted me.,t,DF
2018-03-13,1,not_received,negative,Did not receive the product or any updates. Waiting for contact.,,RS
2018-03-13,1,late_delivery,negative,"Will not buy from this store again, delivery takes forever.",t,SP
2018-03-13,1,not_received,negative,Product not received.,t,SP
2018-03-14,1,seller_or_service,negative,Poorly organized store.,f,PA
2018-03-14,1,late_delivery,negative,"Ordered 37 days ago for a birthday, but still have not received it.",t,RJ
2018-03-14,1,late_delivery,negative,"Product was not delivered, is delayed, and no explanation was given.",t,RS
2018-03-14,1,late_delivery,negative,"Tracking shows delivery difficulty for nearly 20 days, messages ignored, and delivery is 5 days late.",t,RS
2018-03-14,2,wrong_or_missing_item,negative,Only 1 of the 2 purchased products arrived; the BCAA arrived but the Hemo Rage was missing.,f,SP
2018-03-14,1,not_received,negative,They did not deliver and did not contact me with any explanation.,t,RJ
2018-03-14,1,poor_quality,negative,"Terrible counterfeit product, threw it in the trash.",f,MG
2018-03-14,4,not_received,neutral,Cannot recommend the store yet as I am still waiting for delivery.,f,SP
2018-03-14,1,seller_or_service,negative,Received 1 unit instead of 2. Tried calling repeatedly with no answer or response.,f,MG
2018-03-15,1,not_received,neutral,"My product hasn't arrived at its destination yet, so I cannot review it.",t,MG
2018-03-15,1,wrong_or_missing_item,negative,We received only 1 piece.,t,SP
2018-03-15,1,wrong_or_missing_item,negative,I bought 2 products and only 1 came.,f,SP
2018-03-15,1,not_received,negative,Did not receive product or contact from supplier. Emailed via site and nothing happened.,,RS
2018-03-15,2,wrong_or_missing_item,negative,I bought two products and received only one without an invoice.,t,CE
2018-03-15,1,not_received,negative,Product was not delivered and I received no explanation. Would like help.,t,RJ
2018-03-15,2,poor_quality,negative,The product is of poor quality and very weak.,f,SP
2018-03-15,5,positive,positive,"Great store, I recommend to everyone, congratulations on efficiency.",f,SP
2018-03-15,3,poor_quality,neutral,"Product delivered on time, but came in a simple plastic bag instead of original packaging.",f,MG
2018-03-15,1,late_delivery,negative,"Product not delivered 2 days after the deadline, with no information provided.",t,PR
2018-03-15,2,wrong_or_missing_item,negative,It arrived in the wrong color.,f,RJ
2018-03-16,1,late_delivery,negative,First purchase and already having delivery issues. Partners are hurting the site's image.,t,MG
2018-03-16,4,positive,positive,"Great store, delivered before the deadline.",f,SP
2018-03-16,1,late_delivery,negative,"Other products arrived on time, but this one is late for my upcoming event.",t,RS
2018-03-16,3,seller_or_service,neutral,"Order returned because nobody was home, and now I want to know when my refund will happen.",,SC
2018-03-16,1,not_received,negative,The maximum delivery time has passed and I still have not received the product.,t,RS
2018-03-16,3,positive,positive,"Third purchase and despite unforeseen issues, highly recommend!",t,MG
2018-03-16,1,not_received,negative,Still haven't received the product because the post office lost my package.,t,RS
2018-03-16,2,late_delivery,negative,"Delivery delay, I still haven't received the product.",,RS
2018-03-16,1,wrong_or_missing_item,negative,"Books did not arrive, supplements arrived instead and keep arriving.",f,SP
2018-03-16,3,late_delivery,negative,Package is late and no new delivery date has been provided.,,SP
2018-03-16,1,seller_or_service,negative,"Chair piston was missing, return request was unjustifiably cancelled by the seller.",f,SP
2018-03-16,1,not_received,negative,Unfortunately it has not been delivered yet! Disappointing first purchase.,t,BA
2018-03-16,1,seller_or_service,negative,Waiting for an urgent reply.,t,RS
2018-03-16,1,late_delivery,negative,"Arrived past the deadline, took more than a month to receive.",f,RS
2018-03-16,1,wrong_or_missing_item,negative,"Curtain product didn't come, now what?",f,SC
2018-03-17,1,late_delivery,negative,"Product was supposed to arrive by April 5th, but it is now the 8th and still not delivered.",t,SP
2018-03-17,1,late_delivery,negative,Dissatisfied because I cannot know the reason for the delay or get updates.,t,PE
2018-03-17,1,not_received,negative,It has been almost two months and it has not arrived. Poor communication.,t,PA
2018-03-17,5,positive,positive,"Loved it, it was what I expected, great quality.",f,SP
2018-03-17,1,late_delivery,negative,The baby will be born before the bottle arrives.,t,RS
2018-03-17,1,not_received,negative,"Product was not delivered, I am unsatisfied and want my money back.",t,PB
2018-03-17,1,not_received,negative,My orders were not delivered.,f,RJ
2018-03-18,1,seller_or_service,negative,"Had to cancel most orders. Wish support team contacted me by phone, not just email.",t,RS
2018-03-18,1,late_delivery,negative,Need the supplier to contact the post office because the product is stuck.,t,RS
2018-03-18,1,damaged_or_defective,negative,Product arrived used and damaged with no exchange after 20 days. Terrible customer commitment.,f,SP
2018-03-18,3,late_delivery,neutral,"It arrived on time, but the timeframe was too long. Three weeks is excessive for delivery.",f,PB
2018-03-18,1,damaged_or_defective,negative,The chair has one leg shorter than the others.,f,SP
2018-03-18,1,not_received,negative,I want my product delivered.,t,RJ
2018-03-19,1,not_received,negative,I bought a curtain and have not received the delivery to this day.,t,RJ
2018-03-19,1,damaged_or_defective,negative,The product arrived damaged; the screen protector I bought was completely broken.,f,BA
2018-03-19,1,not_received,negative,I haven't received the product yet.,t,RJ
2018-03-19,1,late_delivery,negative,Product has not been delivered yet and the deadline given by the company has passed.,t,MA
2018-03-19,1,late_delivery,negative,"First purchase from this store and I do not recommend it, as they did not meet the delivery deadline.",t,MA
2018-03-19,2,poor_quality,negative,The product color received is completely different from the ad.,f,RS
2018-03-19,2,wrong_or_missing_item,negative,"Incomplete delivery, two pieces were missing.",f,RR
2018-03-19,5,positive,positive,"Arrived before deadline, great quality, met expectations. Recommended.",f,SP
2018-03-19,3,seller_or_service,neutral,"Received product on time but invoice was lost, would like company to provide it.",f,MG
2018-03-19,1,late_delivery,negative,Product has not been delivered yet and the deadline given by the company has expired.,t,SP
2018-03-19,1,not_received,negative,"Still have not received the product, first time this has happened.",t,PI
2018-03-19,1,poor_quality,negative,"The car cover dimensions did not fit, material is thin, and the elastic broke immediately.",f,SP
2018-03-19,1,wrong_or_missing_item,negative,Bought a platinum phone and received a gold refurbished one that looked used.,f,CE
2018-03-19,2,seller_or_service,negative,Requests are ignored by customer service.,f,SP
2018-03-19,1,late_delivery,negative,I am still waiting for the product.,t,RJ
2018-03-19,2,damaged_or_defective,negative,Product box arrived crushed and the figure's sword is bent.,f,SP
2018-03-20,1,late_delivery,negative,"Delivery deadline not met, still haven't received my product.",,SP
2018-03-20,3,late_delivery,negative,"Deadline passed and product not received, despite paying high shipping fees.",t,ES
2018-03-20,1,late_delivery,negative,I haven't received the purchased product yet and there was no communication about the delay.,t,ES
2018-03-20,1,not_received,negative,"They did not deliver, so I cannot evaluate the product.",t,RJ
2018-03-20,3,wrong_or_missing_item,negative,I bought three products and only two arrived at my house.,f,CE
2018-03-20,1,not_received,negative,"Already paid, promised by 04/26/18, but still waiting for delivery.",t,RJ
2018-03-20,1,poor_quality,negative,The technical sheet did not specify that it was 100% polyester.,f,SP
2018-03-20,3,late_delivery,negative,"Delivery took too long, site changed date to 3 weeks after purchase despite needing it fast.",f,SP
2018-03-20,2,damaged_or_defective,negative,Box was badly damaged and some coat hangers arrived broken.,t,SP
2018-03-20,5,positive,positive,"Beautiful product, very well packaged and arrived on time.",f,SP
2018-03-20,1,damaged_or_defective,negative,"Product shows signs of use, stained, marked and broken.",f,MG
2018-03-20,1,late_delivery,negative,The delivery deadline was April 11. Two days have passed and the goods have not arrived.,t,MG
2018-03-20,1,not_received,negative,Have not received the product yet and received no explanation from the store!,t,RJ
2018-03-21,1,not_received,negative,I am still waiting to receive the product.,t,RJ
2018-03-21,1,wrong_or_missing_item,negative,I ordered black and it came in silver. Will request an exchange and hope for no trouble.,f,SP
2018-03-21,4,poor_quality,neutral,"Material seems weak and assembly holes were misaligned, but works for my lightweight child.",f,PR
2018-03-21,1,not_received,negative,The product was not delivered and I received no explanation despite having already paid.,,SP
2018-03-21,1,not_received,negative,"To date, the product has not been delivered.",t,BA
2018-03-21,1,seller_or_service,negative,Would like to know how and where to complain to receive the correct product.,f,SP
2018-03-21,1,wrong_or_missing_item,negative,"Only 1 unit was delivered, even though I bought 2 units.",f,MG
2018-03-21,1,wrong_or_missing_item,negative,I received the wrong product and request an exchange.,f,SP
2018-03-21,1,seller_or_service,negative,Waiting for a solution.,f,RJ
2018-03-22,3,positive,positive,I recommend it.,f,PR
2018-03-22,1,seller_or_service,negative,"Product not delivered to home, having to pick it up at a distant post office with a baby.",t,SP
2018-03-22,3,poor_quality,neutral,"Very light pan, but the lid glass fogs up immediately making visibility impossible.",f,SP
2018-03-22,1,not_received,negative,The product did not arrive.,t,ES
2018-03-22,1,late_delivery,negative,"Delivery is very late, I need an explanation.",t,SP
2018-03-23,3,late_delivery,neutral,"Never had a delivery take this long, thought about giving up, but watch is good.",f,ES
2018-03-23,1,not_received,negative,"Product not received and post office has not received it either, causing trouble.",t,RJ
2018-03-23,5,positive,positive,"Fast delivery, everything is correct.",f,RS
2018-03-23,1,late_delivery,negative,Product was supposed to arrive yesterday and hasn't yet; waiting for a reply or voucher.,,RJ
2018-03-23,3,wrong_or_missing_item,negative,Ordered two chairs and only one arrived.,f,MG
2018-03-24,1,seller_or_service,negative,I request the cancellation.,t,RJ
2018-03-24,1,wrong_or_missing_item,negative,I bought two and received only one.,f,RJ
2018-03-24,2,poor_quality,negative,"Perfume arrived without seal, poorly packaged, and from a different store name.",t,SP
2018-03-24,2,wrong_or_missing_item,negative,The color is different from the photo.,f,PR
2018-03-24,1,wrong_or_missing_item,negative,"Bought a stroller kit with baby comfort and base, but the stroller was missing.",f,SP
2018-03-24,2,wrong_or_missing_item,negative,"Only one of two purchased products arrived, though tracking claims both were delivered.",f,BA
2018-03-24,1,seller_or_service,negative,Requested a return and have received no response so far.,f,SP
2018-03-24,1,wrong_or_missing_item,negative,Ordered multiple items but only the pressure cooker arrived so far.,f,PA
2018-03-24,1,late_delivery,negative,"This second rug I bought arrived late, unlike previous orders, and tracking was unavailable on the site.",t,MG
2018-03-25,1,wrong_or_missing_item,negative,Bought two scratchers and only one was delivered.,f,PR
2018-03-25,1,other,neutral,I have nothing to comment on!,t,RJ
2018-03-26,1,not_received,negative,Did not receive the merchandise.,,SP
2018-03-26,1,damaged_or_defective,negative,Device does not connect and technicians suspect a defect.,f,PB
2018-03-26,3,poor_quality,negative,The product received is completely different from the image shown.,f,SP
2018-03-26,1,late_delivery,negative,Stores always insist on shipping via mail and deliveries are always delayed.,,RJ
2018-03-26,2,wrong_or_missing_item,negative,"I paid for a cable and a phone charger, but only received the charger.",f,RJ
2018-03-26,1,late_delivery,negative,"Product not delivered, delivery date keeps changing.",t,GO
2018-03-26,1,seller_or_service,negative,"Did not receive the product, requested a refund, and got no response.",t,RJ
2018-03-27,1,poor_quality,negative,Cover is a thin quilt and didn't protect the sofa from pet urine.,f,SP
2018-03-27,3,late_delivery,neutral,Still waiting for delivery.,t,SP
2018-03-27,2,wrong_or_missing_item,negative,Bought 2 rugs and only received one.,f,MG
2018-03-27,1,not_received,negative,I request the delivery of the merchandise.,,AL
2018-03-27,5,positive,positive,I recommend it.,f,SP
2018-03-27,1,poor_quality,negative,"The blanket is absolute garbage, worst product I have ever bought.",f,SP
2018-03-27,3,positive,positive,"Cost versus benefit, it is worth it.",f,PE
2018-03-27,3,wrong_or_missing_item,neutral,The base that arrived was different from the picture.,f,GO
2018-03-28,1,not_received,negative,I am very upset for not having received the product I bought.,t,RJ
2018-03-28,5,positive,positive,Product arrived ahead of schedule.,,RJ
2018-03-28,5,positive,positive,Thank you for the attention and speed.,f,SP
2018-03-28,1,poor_quality,negative,"The pillow is somewhat flat with loose foam pieces inside, offering no support for the baby.",f,MG
2018-03-28,5,positive,positive,"Great product, I recommend.",f,SP
2018-03-28,1,not_received,negative,Product not received after more than a month; customer threatens legal action.,t,BA
2018-03-28,1,not_received,negative,"I have not received the product by April 12, 2018.",f,SP
2018-03-28,1,late_delivery,negative,Store failed to meet delivery deadlines. First and last purchase.,t,PE
2018-03-28,1,poor_quality,negative,Poor quality product and the color doesn't match the photo.,f,PR
2018-03-29,5,positive,positive,"Very good product, I recommend it.",f,PR
2018-03-29,1,seller_or_service,negative,"The store takes too long to issue invoices, ship, and process refunds for cancelled items.",,SP
2018-03-29,1,damaged_or_defective,negative,The chair's iron base was completely out of measure and fittings did not work. Do not recommend.,f,SP
2018-03-29,1,wrong_or_missing_item,negative,"The chair flange, which is the most important part, was missing.",f,SP
2018-03-29,3,poor_quality,neutral,"Good product, but the lace is more open and less pretty than pictured.",f,SP
2018-03-29,1,wrong_or_missing_item,negative,It came in the wrong size and I already requested a return.,f,SP
2018-03-29,1,late_delivery,negative,Delivery is late with no tracking information or updates available.,t,BA
2018-03-29,2,late_delivery,negative,"Delivery was promised by April 19th, but it is now April 23rd and nothing has arrived.",t,SC
2018-03-30,3,poor_quality,negative,It was not what I expected... I found the watch small.,f,MG
2018-03-30,2,late_delivery,negative,Better shop elsewhere. They failed on the first delivery and almost failed the second.,t,ES
2018-03-30,1,not_received,negative,The product has not arrived yet.,t,CE
2018-03-30,5,positive,positive,"First class service, I recommend it.",f,RN
2018-03-30,5,positive,positive,"Very good cost-benefit, I recommend it.",f,MG
2018-03-31,1,late_delivery,negative,"Waiting for delivery as it has not arrived yet, tracking says it is in transit.",t,SP
2018-03-31,1,seller_or_service,negative,Terrible customer service.,,SC
2018-03-31,1,not_received,neutral,Cannot give an opinion yet as I have not received it.,t,SE
2018-03-31,1,damaged_or_defective,negative,The product showed stains from prior use.,f,MG
2018-03-31,1,late_delivery,negative,"Complaining about severe delay, delivery was promised for April 23rd and nothing yet.",t,RJ
2018-03-31,1,wrong_or_missing_item,negative,"I bought 2 units. After late delivery, I only received 1, despite the invoice listing 2.",t,MA
2018-03-31,2,damaged_or_defective,negative,The hub I received does not work with my external Apple CD Player.,f,MG
2018-03-31,1,wrong_or_missing_item,negative,"Bought 3 units, received 2 incorrect ones. Negative view of the seller.",f,MG
2018-04-01,3,late_delivery,negative,Excessive delay.,t,BA
2018-04-01,1,wrong_or_missing_item,negative,"Ordered one shower model and received a cheaper, different model.",f,SP
2018-04-01,2,not_received,negative,I did not receive the Type-C USB OTG adapter.,f,SP
2018-04-01,2,seller_or_service,negative,The post office does not know where the product is and I cannot contact the store.,,RJ
2018-04-02,3,seller_or_service,neutral,I made a return because I had two identical orders.,f,PR
2018-04-02,2,poor_quality,negative,Product is of low quality for the price. Did not like it.,t,SP
2018-04-02,2,wrong_or_missing_item,negative,Chairs were missing from the order.,f,RJ
2018-04-02,1,late_delivery,negative,"Very upset, ordered last month and still not delivered past the deadline.",,RJ
2018-04-02,1,not_received,negative,Demand delivery of the product. Would not do business with this company again.,f,SP
2018-04-02,1,late_delivery,negative,Deadline expired. Product still not delivered.,t,RJ
2018-04-02,2,late_delivery,negative,They gave me two delivery deadlines and met neither!,t,SP
2018-04-02,2,damaged_or_defective,negative,"Barbecue lid is too heavy and tips over, grill handles arrived dented and weak.",t,SP
2018-04-02,5,positive,positive,Everything as expected! Thanks.,f,RJ
2018-04-02,2,poor_quality,negative,The product lacks the advertised design details. Do not buy if it is only illustrative.,f,SP
2018-04-03,1,late_delivery,negative,Wanted an update from the company regarding the delay and missing delivery.,t,SC
2018-04-03,5,positive,positive,All right.,f,SC
2018-04-03,3,other,neutral,The address is different.,f,SP
2018-04-03,3,poor_quality,neutral,"Delivered before the date, but it is too small and loose on my wrist.",f,SP
2018-04-03,5,positive,positive,Always high quality! Thank you.,f,SP
2018-04-03,5,positive,positive,Received ahead of schedule and the watch is beautiful.,f,SP
2018-04-03,3,poor_quality,neutral,The sling is a bit small and cotton material is not great for hot days.,f,SP
2018-04-04,4,seller_or_service,neutral,"Great product, but the partner store did not respond to my emails regarding shipping.",f,MG
2018-04-04,1,not_received,negative,"My product did not arrive and I needed it, I will sue!",,SP
2018-04-04,1,seller_or_service,negative,The product arrived incomplete. Complained and have not received any response yet.,f,MG
2018-04-04,3,damaged_or_defective,negative,"Great product, but the batteries were dead, preventing the child from enjoying the toy's lights and sound.",f,RJ
2018-04-04,1,seller_or_service,negative,The cancellation was solved and the product was delivered to me. Tried to contact for shipping code without success.,f,RJ
2018-04-04,2,damaged_or_defective,neutral,"Shipped on time, but the cartridge arrived defective due to transport. Requested exchange.",f,SP
2018-04-05,1,poor_quality,negative,"Terrible product, defective, won't even fit in CPU. Felt cheated and want to return.",f,PR
2018-04-05,3,positive,positive,"I really like shopping online, especially on this website.",f,SP
2018-04-05,5,positive,positive,Merchandise delivered on time.,f,SP
2018-04-05,5,positive,positive,Product is exactly as requested and delivered early. Satisfied.,f,MG
2018-04-05,2,damaged_or_defective,negative,Merchandise took too long to arrive and was damaged upon delivery.,,RJ
2018-04-06,1,wrong_or_missing_item,negative,I bought two kits and received only one.,f,SP
2018-04-06,5,positive,positive,"Great product, I will buy again.",f,RJ
2018-04-06,1,poor_quality,negative,Extremely weak plastic corkscrew broke on first use. Total waste of money.,f,SP
2018-04-06,1,poor_quality,negative,Needs to improve a lot.,t,BA
2018-04-06,1,not_received,negative,"The product was sent to another city, returned, and now shows as cancelled. I am waiting for reshipment.",t,RJ
2018-04-07,1,late_delivery,negative,Product missed the delivery date and no one contacted me. Still waiting.,t,MA
2018-04-07,4,positive,positive,"Excellent merchandise, very well packaged.",f,SP
2018-04-07,1,wrong_or_missing_item,negative,I bought 4 devices and only 2 arrived. Where are the others?,f,RJ
2018-04-07,1,wrong_or_missing_item,negative,I received only part of the items; 2 black units of the kit were missing.,f,SP
2018-04-07,1,late_delivery,negative,Still waiting for the cartridges I bought 15 days ago.,,SP
2018-04-07,5,positive,positive,Product well packaged and arrived within the established deadline.,f,SP
2018-04-07,1,not_received,negative,"I did not receive the product, nor any contact from the seller.",t,RJ
2018-04-07,1,wrong_or_missing_item,negative,The delivered product differs from the order and is inferior! I want this solved as I am unsatisfied.,f,MG
2018-04-08,5,positive,positive,"Correct product, received on time. Satisfied.",f,GO
2018-04-08,1,wrong_or_missing_item,negative,Arrived late and missing 2 units out of 3.,f,PA
2018-04-08,1,seller_or_service,negative,I need to cancel this purchase because nothing has been delivered so far.,,SE
2018-04-08,2,seller_or_service,negative,"Cancellation requested within 7 days was ignored, product not delivered and payment not refunded.",,AL
2018-04-08,1,poor_quality,negative,Color cartridge error showed it is counterfeit or used. Requested return.,f,PR
2018-04-09,5,positive,positive,Great prices and fast delivery.,f,SP
2018-04-09,2,poor_quality,negative,The product is not the best. On the first day of use it already shows signs of rust!,f,SP
2018-04-09,3,wrong_or_missing_item,neutral,"Bought three units but only two were delivered, waiting for the rest.",f,MG
2018-04-09,1,seller_or_service,negative,Do not recommend an online store that misses deadlines and provides poor customer service.,f,RJ
2018-04-09,1,wrong_or_missing_item,negative,"Incomplete order, missed delivery deadline, and unsuccessful return so far.",f,SP
2018-04-09,4,poor_quality,neutral,"Delivery was much earlier than expected, but the product is smaller than measured.",f,SC
2018-04-09,5,positive,positive,Faster than informed. Awesome.,f,RJ
2018-04-09,2,wrong_or_missing_item,neutral,Bought a white voice amplifier but received a different color. Asking for an exchange.,f,SP
2018-04-10,1,not_received,negative,Did not receive the product. Do not recommend this store.,t,AC
2018-04-10,2,wrong_or_missing_item,negative,"I only received the mobile on 2/04, the skirt was missing. How can we solve this?",f,RJ
2018-04-10,2,late_delivery,negative,The deadline was not met.,t,RJ
2018-04-10,3,late_delivery,neutral,Product arrived after the deadline. I recommend the store but not the carrier.,t,SP
2018-04-10,3,poor_quality,neutral,"Different from advertised, but acceptable considering the price.",f,MT
2018-04-10,2,other,negative,Dissatisfied.,f,PE
2018-04-10,1,seller_or_service,negative,The shipping company shows complete disregard for its customers.,,RJ
2018-04-10,5,positive,positive,"Very pretty, loved it.",f,SP
2018-04-10,5,positive,positive,"Great product, arrived ahead of schedule.",f,SP
2018-04-11,5,positive,positive,"Beautiful model, delivered early, very good!",f,PR
2018-04-11,1,wrong_or_missing_item,negative,"Ordered 5 black toothbrushes, received only 2 colored ones. Incomplete and wrong!",f,SP
2018-04-11,5,positive,positive,"I am satisfied with the product, delivery deadline was met, I recommend.",f,SP
2018-04-11,1,wrong_or_missing_item,negative,"I bought 2 blankets, the store sent only one, and complaints went unanswered so far.",f,MG
2018-04-12,3,positive,positive,The products came as ordered.,f,SP
2018-04-12,1,late_delivery,negative,Waiting over a month for this item while other same-day orders already arrived.,t,PB
2018-04-12,4,positive,positive,Satisfied with the product and delivery.,f,PB
2018-04-12,1,late_delivery,negative,Standard shipping takes too long; car parts need faster delivery options.,f,RJ
2018-04-13,4,positive,positive,"Loved it, beautiful, comfortable, and delivered on time.",f,SP
2018-04-13,1,poor_quality,negative,The product is imported from China and lacks a manual in Portuguese.,f,DF
2018-04-13,1,wrong_or_missing_item,negative,"Only received one desktop despite the invoice showing two, worried about delivery.",f,PE
2018-04-13,1,wrong_or_missing_item,negative,"Did not receive the complete order, asking someone to take action.",f,MG
2018-04-13,5,positive,positive,Product exactly as advertised.,f,BA
2018-04-13,3,seller_or_service,negative,Product was stolen at the post office and the store refused to send a new one.,,SP
2018-04-13,5,positive,positive,"Everything is fine, I liked it and will buy again. Congratulations.",f,PE
2018-04-14,1,damaged_or_defective,negative,"My product was violated so I did not receive it, please send another.",f,RJ
2018-04-14,1,poor_quality,negative,"Product is not original as advertised, requesting a return.",f,SP
2018-04-14,1,not_received,negative,Good morning. I still haven't received the product.,t,PB
2018-04-15,1,poor_quality,negative,"The mop is poor quality, misleading advertising, and the handle is too short.",f,SP
2018-04-15,1,seller_or_service,negative,"Product arrived defective, system errors when trying to exchange, and emails won't send.",f,SC
2018-04-15,1,seller_or_service,negative,How do I get a refund since I did not receive the product? Waiting.,,SP
2018-04-15,1,wrong_or_missing_item,negative,"Bought 2 bags and 2 bottles, received only 1 of each despite invoice.",f,RJ
2018-04-15,5,positive,positive,"Congratulations, a great product!",f,SP
2018-04-15,1,damaged_or_defective,negative,"Package arrived violated, waiting for refund or missing items.",f,PA
2018-04-16,5,positive,positive,Very satisfied.,f,MG
2018-04-16,1,seller_or_service,negative,"I bought two products from the same store, received only one, and got no response.",f,SP
2018-04-16,2,wrong_or_missing_item,negative,Only one watch arrived.,f,RJ
2018-04-16,5,positive,positive,Great store. On-time delivery. Correct products.,f,SP
2018-04-16,2,wrong_or_missing_item,negative,"Received only part of the order, missing a memory card and received wrong items.",f,SP
2018-04-16,1,not_received,negative,Will never buy again because the store did not have the product for delivery.,,SP
2018-04-16,1,wrong_or_missing_item,negative,Received only one umbrella while I bought and paid for two. Waiting for the rest.,f,SP
2018-04-17,1,seller_or_service,negative,"Paid for shipping to home delivery, but had to pick it up at the post office.",f,SP
2018-04-17,4,wrong_or_missing_item,neutral,"Arrived early and works, but wrong voltage sent; need to exchange.",f,SP
2018-04-17,2,wrong_or_missing_item,negative,The delivery was missing one of the products. Only one out of two was delivered.,f,MG
2018-04-17,1,late_delivery,negative,The third-party seller sent me an email blaming the post office.,t,RN
2018-04-17,1,wrong_or_missing_item,negative,I bought two lamps and only one arrived.,f,PE
2018-04-17,1,not_received,negative,"Good morning! Cannot review, haven't received the product yet.",t,CE
2018-04-18,1,wrong_or_missing_item,negative,"I bought a Shape Now abdominal shaping thermal belt, but received a regular slimming abdominal belt.",f,GO
2018-04-18,2,not_received,negative,I still have not received the product.,,CE
2018-04-18,4,positive,positive,"Product not yet used, but initial test is good. Delivery was excellent.",f,SP
2018-04-18,2,poor_quality,negative,Low quality product.,f,SP
2018-04-18,2,positive,neutral,"Very correct service, but my choice of product was wrong.",f,MG
2018-04-18,1,damaged_or_defective,negative,The product arrived wrong and defective with a bent leg making the chair unstable.,f,SP
2018-04-18,3,positive,positive,I liked the product and it arrived ahead of schedule.,f,SP
2018-04-18,1,wrong_or_missing_item,negative,"Ordered gray, received beige. Due to exchange bureaucracy, kept it. Very bad experience, primary error.",f,RJ
2018-04-18,1,wrong_or_missing_item,negative,"Received only half the products, no response from customer service.",f,SC
2018-04-18,1,not_received,negative,Disrespectful; over a month passed without receiving my product. Will never buy here again.,t,BA
2018-04-18,1,damaged_or_defective,negative,Assembly components were missing! Had to buy another harness. Arrived with several defects.,f,SP
2018-04-19,1,wrong_or_missing_item,negative,Received the wrong item and got no response from the supplier for two days.,f,SP
2018-04-19,1,wrong_or_missing_item,negative,I bought two watches but only the silver one was delivered! Tracking code was the same.,f,AL
2018-04-19,2,late_delivery,negative,Delivery delay despite sufficient time given. Cannot rate positively.,t,GO
2018-04-19,1,seller_or_service,negative,Company sells the product and understands nothing about it.,f,SP
2018-04-19,1,wrong_or_missing_item,negative,Bought 3 bottles of wine and only two arrived.,f,RS
2018-04-20,1,late_delivery,negative,"Order prepared on 04/23/2018 and still nothing, asking whether to deliver or cancel.",t,RJ
2018-04-20,3,late_delivery,neutral,"I bought three items, but the chair has not been delivered yet. Waiting for an urgent update.",f,SP
2018-04-20,5,positive,positive,Products were delivered faster than expected. Hope every purchase is like this.,f,RJ
2018-04-20,4,damaged_or_defective,negative,Unfortunately the product arrived with a defect.,f,SP
2018-04-20,1,wrong_or_missing_item,negative,"Ordered 3 scales, received only 1 after delay, altered invoice, cancelling purchase.",f,RS
2018-04-20,1,not_received,negative,"Merchandise was not delivered, I want you to review this with the seller.",f,PE
2018-04-20,2,wrong_or_missing_item,negative,"Received only 1 unit instead of 2 purchased, and cannot contact customer service.",f,SC
2018-04-20,1,seller_or_service,negative,Charged my card and now wants to cancel due to lack of stock. Terrible service.,,SP
2018-04-20,3,wrong_or_missing_item,neutral,"The order was missing two red connectors, but it still worked.",f,SP
2018-04-21,2,wrong_or_missing_item,neutral,"Ordered a 65cm gray stuffed elephant, but received a pink one.",f,RS
2018-04-21,2,poor_quality,negative,Size is completely different from the ad image! Very upset.,f,PR
2018-04-21,2,wrong_or_missing_item,negative,I received the wrong electric cookers in 220v instead of 110v. Need help exchanging them.,f,RJ
2018-04-21,5,positive,positive,Always well attended with guaranteed on-time delivery when buying through the site.,f,PR
2018-04-21,1,not_received,negative,The product has not been delivered yet.,t,BA
2018-04-21,1,seller_or_service,negative,"Requested cancellation of accidental duplicate order, but got no reply and received both.",f,MG
2018-04-22,1,damaged_or_defective,negative,"Delivered early, but the scanner is defective and will not connect to my Moto G4 phone.",f,SP
2018-04-22,1,wrong_or_missing_item,negative,"Only received one double blanket. The single one was missing, and the package was left outside.",f,PR
2018-04-22,3,damaged_or_defective,neutral,Item delivered in an open and torn paper package.,f,RS
2018-04-22,1,seller_or_service,negative,I was only informed on the delivery day that the item was defective and unavailable.,,SP
2018-04-22,2,not_received,negative,I have not received the product yet and am still waiting.,f,SP
2018-04-23,2,other,neutral,Lacks product information such as measurements.,f,SP
2018-04-23,1,not_received,negative,Did not arrive.,f,MG
2018-04-23,1,poor_quality,negative,The product did not meet expectations.,f,PR
2018-04-23,3,late_delivery,negative,Delivery took way too long using the postal service.,f,PE
2018-04-23,5,positive,positive,Great product! Fast delivery!,f,MG
2018-04-23,1,wrong_or_missing_item,negative,I bought two products and only one was delivered.,f,PR
2018-04-23,1,poor_quality,negative,The watch is smaller than it appeared in the description. I did not like it.,f,BA
2018-04-24,1,damaged_or_defective,negative,"Delivered on time, but arrived completely broken due to poor packaging.",f,PR
2018-04-24,2,not_received,negative,"Did not receive the product, website should show tracking location.",f,SP
2018-04-24,1,wrong_or_missing_item,negative,"Incomplete delivery, only received the base, missing the stroller and car seat.",f,RS
2018-04-24,1,not_received,negative,Did not receive.,f,SC
2018-04-24,1,poor_quality,negative,"The product arrived only in a shipping box with bubble wrap, looking used.",f,ES
2018-04-24,2,late_delivery,negative,Delivery took way too long.,f,BA
2018-04-24,3,not_received,negative,I did not receive it.,,SP
2018-04-24,1,wrong_or_missing_item,negative,"I bought three units, but the company only sent one.",f,SC
2018-04-24,5,positive,positive,I buy and recommend.,f,ES
2018-04-24,1,not_received,negative,The product has not been delivered yet.,f,SP
2018-04-24,4,positive,positive,Excellent store! Delivers everything on time.,f,MG
2018-04-25,2,poor_quality,negative,"Case feels flimsy and fragile, expected better quality for the price.",f,MT
2018-04-25,5,positive,positive,Very good from purchase to delivery and feedback. Grateful.,f,SP
2018-04-25,1,wrong_or_missing_item,negative,"Ordered two 3D filaments but only received one, and paid for both.",f,RJ
2018-04-25,1,not_received,negative,No evaluation because we did not receive the product.,t,BA
2018-04-26,5,positive,positive,Very fast and secure.,f,RJ
2018-04-26,3,late_delivery,neutral,Only issue was not getting home delivery and having to pick up at post office.,f,SC
2018-04-26,1,not_received,negative,"January purchase not delivered, and now replaced with a voucher, still nothing delivered.",f,SP
2018-04-26,2,poor_quality,negative,"The wig has good hair quality, but it is extremely sparse and full of holes.",f,MG
2018-04-27,2,wrong_or_missing_item,negative,"Received both items in the wrong color, returned them, and no further news.",f,RJ
2018-04-27,3,poor_quality,neutral,"Curtain arrived with different color and missing details, might return it.",f,SP
2018-04-27,1,poor_quality,negative,Product was smaller than expected and a detail broke right when unboxing. Not worth the price.,f,TO
2018-04-27,4,positive,positive,Very good.,f,SP
2018-04-27,1,poor_quality,negative,"Bought frames advertised as original brand, but received a cheap replica instead.",f,SP
2018-04-27,5,positive,positive,Everything went as planned.,f,MG
2018-04-28,1,not_received,negative,Product did not arrive and I did not get a refund.,t,SP
2018-04-28,3,wrong_or_missing_item,negative,"I did not receive the product I bought, a similar product arrived instead.",f,RJ
2018-04-28,2,poor_quality,negative,The quilt slides a lot and the filling is too hard and high to use as a pillow.,f,PI
2018-04-29,5,positive,positive,Commitment to the customer and product quality summarize this purchase.,f,PR
2018-04-29,1,poor_quality,negative,"Does not look like a rug, looks like a tiny and thin placemat.",t,RS
2018-04-30,2,wrong_or_missing_item,negative,I bought 3 pendant lights but the mail only delivered 2. Please send the missing one quickly.,f,SP
2018-04-30,5,positive,positive,"Product with a great finish, recommended.",f,MG
2018-04-30,1,not_received,negative,"Ordered and paid over a month ago, still hasn't arrived. Will take legal action.",,PB
2018-04-30,5,positive,positive,"Fast delivery, product as advertised! I recommend.",f,SP
2018-04-30,5,positive,positive,Very good store! Congratulations!,f,SP
2018-04-30,4,positive,positive,Very good.,f,RJ
2018-04-30,5,positive,positive,"Highly recommend, arrived well ahead of schedule.",f,RS
2018-04-30,1,wrong_or_missing_item,negative,"Bought Fenugreek, was delivered Ginkgo Biloba. Please exchange at my home.",f,SP
2018-05-01,4,late_delivery,neutral,"Took a while to arrive, poor packaging, untested yet, otherwise correct.",f,SP
2018-05-01,1,not_received,negative,I have not received the product yet.,f,GO
2018-05-01,1,wrong_or_missing_item,negative,Ordered a blackout fabric curtain and received a plastic one that looks nothing like the photo.,f,SP
2018-05-01,1,late_delivery,negative,Order wasn't delivered to my house; I had to pick it up. Another order is overdue.,f,RJ
2018-05-01,1,poor_quality,negative,Received fake figures with crushed packaging and no safety seal.,f,DF
2018-05-01,1,seller_or_service,negative,"Bought thinking it was from a major store, invoice still not issued. Dissatisfied.",,BA
2018-05-01,1,late_delivery,negative,Excessive delivery time and it still has not arrived.,t,MG
2018-05-01,5,positive,positive,"Hard to believe it's in Brazil, arrived before the deadline and in perfect condition!",f,RJ
2018-05-02,1,not_received,negative,Product shows as delivered but nothing arrived. Customer service told me to wait until Tuesday.,f,SP
2018-05-02,4,positive,positive,"I recommend it, it arrived on time.",f,MG
2018-05-02,5,positive,positive,"Product delivered ahead of schedule, I recommend.",f,SP
2018-05-02,1,wrong_or_missing_item,negative,I ordered one product and received another.,f,GO
2018-05-03,3,poor_quality,neutral,"Product is sturdy, but I paid extra for musical features and sound is barely audible.",f,SP
2018-05-03,2,damaged_or_defective,negative,The product arrived damaged and I refused delivery.,f,RS
2018-05-03,2,wrong_or_missing_item,negative,"Picture shows 36 pens, description says 30. Misleads the buyer.",f,SP
2018-05-04,3,wrong_or_missing_item,negative,Received only one item from the order! Where is the other item?,f,RJ
2018-05-04,1,not_received,negative,"Tracking says the order was delivered, but I have not received anything yet.",f,RS
2018-05-04,5,positive,positive,Delivered ahead of schedule! Very good!,f,SC
2018-05-04,1,wrong_or_missing_item,negative,I only received one of the products when I actually ordered two.,f,RJ
2018-05-04,2,wrong_or_missing_item,negative,Bought four bedspreads but partner company only sent one without tracking codes for the rest.,f,SP
2018-05-04,3,damaged_or_defective,negative,Product arrived broken and the material is not good.,f,RJ
2018-05-04,5,positive,positive,"Great store, great seller, keeps their promises.",f,SE
2018-05-04,1,seller_or_service,negative,"Cancelled unavailable watch order, but they sent another model anyway, requested refund.",f,SP
2018-05-04,1,wrong_or_missing_item,negative,Received completely wrong item of poor quality and could not exchange it.,f,SP
2018-05-05,1,not_received,negative,Did not receive it.,f,SP
2018-05-05,2,seller_or_service,negative,"Product arrived fine, but I want shipping refunded since I had to pick it up.",t,SP
2018-05-05,2,late_delivery,neutral,"Despite the delivery delay, everything else went well.",f,PE
2018-05-05,1,seller_or_service,negative,"Waiting for product delivery or refund, payment already charged on credit card.",,RJ
2018-05-06,3,wrong_or_missing_item,neutral,"Bought six baskets, but one lid was missing. Product quality is good.",f,SP
2018-05-06,1,wrong_or_missing_item,negative,"Delivered on time, but only one coffee grinder was sent instead of two.",f,SC
2018-05-06,1,wrong_or_missing_item,negative,"I bought 4 units, two arrived. Called support and was told the rest would come next day.",f,SP
2018-05-06,1,poor_quality,negative,Product incompatible with the Acer Aspire F 15 F5-573G74G4 notebook.,f,SP
2018-05-06,1,wrong_or_missing_item,negative,"Waiting for the rest of the order, only 1 item arrived.",f,SP
2018-05-06,1,poor_quality,negative,"Low quality protector, makes noise and heats up. Do not recommend!",f,DF
2018-05-06,1,seller_or_service,negative,"Due to lack of progress near delivery date, I cancelled and want a refund.",,SP
2018-05-06,1,late_delivery,negative,The deadline has passed and I have not received my product.,t,BA
2018-05-06,1,poor_quality,negative,Ink is poor quality and clogged the printer heads.,f,SP
2018-05-06,1,poor_quality,negative,Completely bad material and different from the photo. I want to know how to exchange.,f,SP
2018-05-06,2,not_received,negative,I have not received my order yet.,f,RJ
2018-05-06,1,wrong_or_missing_item,negative,"Invoice lists 2 units, but package has only one. Trying to charge without delivering?",f,SP
2018-05-06,2,poor_quality,negative,Microphone does not perform as expected.,f,GO
2018-05-06,1,not_received,negative,I still have not received my order yet.,t,SP
2018-05-06,1,seller_or_service,negative,"The return option on the website gives an error, so I contacted the seller and am waiting to exchange my product.",f,GO
2018-05-07,3,poor_quality,neutral,"Liked the pillow, but poor packaging squashed the unicorn's snout and horn.",f,SP
2018-05-07,4,positive,positive,"Product as indicated, arrived ahead of schedule.",f,RJ
2018-05-07,3,late_delivery,negative,I bought a crib kit over a month ago and it still hasn't been delivered.,,SP
2018-05-07,1,wrong_or_missing_item,negative,"Received the wrong product, and still haven't heard from the company.",f,RJ
2018-05-07,1,wrong_or_missing_item,negative,Still missing two pendants.,f,MG
2018-05-07,2,late_delivery,negative,The beyblade kit has not been delivered yet.,f,MA
2018-05-07,1,other,negative,I only disliked it because the delivery was made by the post office.,f,SP
2018-05-07,5,positive,positive,Very good skillet! Worth buying.,f,SP
2018-05-07,3,positive,positive,"Very good, delivered on time.",f,MG
2018-05-07,5,positive,positive,"Excellent, thank you very much!",f,PA
2018-05-08,2,wrong_or_missing_item,negative,"I bought two watches, one came correct and the other completely wrong.",f,SC
2018-05-08,2,wrong_or_missing_item,negative,"I bought black based on the site illustration, but they all arrived in tobacco color.",f,RJ
2018-05-08,4,positive,positive,Excellent product.,f,ES
2018-05-08,1,wrong_or_missing_item,negative,"Another Casio watch model arrived, different from the one I bought.",f,RS
2018-05-08,1,damaged_or_defective,negative,"Product is not working, requested a return.",f,PE
2018-05-08,3,late_delivery,neutral,"I recommend the store because I know it, but I am still waiting for the merchandise.",t,ES
2018-05-08,1,wrong_or_missing_item,negative,"Ordered two items but received only one, although invoice shows two.",f,GO
2018-05-08,1,wrong_or_missing_item,negative,"Only one tub of cream arrived, another tub was missing.",f,SP
2018-05-09,2,late_delivery,negative,"Site shows product was delivered, but it hasn't arrived yet despite past good service.",f,SP
2018-05-09,1,wrong_or_missing_item,negative,The product came different from what appeared in the picture!,f,BA
2018-05-09,1,poor_quality,negative,I am not satisfied with the product quality as the pressure cooker leaks a lot of steam and water.,f,SP
2018-05-09,3,late_delivery,neutral,I am still waiting.,t,SP
2018-05-09,4,positive,positive,Product delivered within the correct deadline.,f,RN
2018-05-09,1,wrong_or_missing_item,negative,"They were not both delivered yet, one is still missing.",f,MG
2018-05-09,1,seller_or_service,negative,"This is my fourth request to return the bag because dimensions differ from the listing, but I received no response.",f,RJ
2018-05-09,3,wrong_or_missing_item,neutral,"Received quickly, but not in the pink color chosen. Kept it anyway as it was a gift.",f,SP
2018-05-09,1,not_received,negative,I want my product.,f,BA
2018-05-09,1,late_delivery,negative,"Product is delayed, unlike other purchases from different stores.",t,BA
2018-05-09,2,not_received,negative,This gift for my wife has unfortunately not arrived yet.,t,BA
2018-05-10,2,damaged_or_defective,negative,My product came defective and is not working.,f,MT
2018-05-10,1,not_received,negative,"Order has not been delivered yet, customer asks for help.",t,MG
2018-05-10,1,seller_or_service,negative,"Cancellation deadline expired with no response. The product is fake, waiting for urgent return.",f,MG
2018-05-10,1,wrong_or_missing_item,negative,I bought a watch and a different one arrived. I want to exchange it!,f,MG
2018-05-10,3,poor_quality,neutral,"Very good, but way too small. However, it has two sides with one magnified.",f,RS
2018-05-10,3,late_delivery,neutral,Probable reason for delay: transportation strike.,t,RJ
2018-05-10,1,wrong_or_missing_item,negative,"Bought 2 products, but only 1 was delivered. Waiting for store contact.",f,RJ
2018-05-10,1,wrong_or_missing_item,negative,"Ordered one size and quantity, but received everything wrong. Now I have to return it.",f,SP
2018-05-10,5,positive,positive,Delivered the product very quickly.,f,MG
2018-05-11,5,positive,positive,Delivered ahead of schedule and arrived exactly as ordered.,f,SP
2018-05-11,1,not_received,negative,Have not received the delivery yet.,f,SP
2018-05-11,5,positive,positive,"Order arrived ahead of schedule, my son loved the backpack. Thank you.",f,SP
2018-05-11,5,positive,positive,Highly recommend.,f,PR
2018-05-11,1,poor_quality,negative,"Received a fake product unlike the advertised photos, bad third-party control.",f,SP
2018-05-11,1,seller_or_service,negative,I cancelled the order and my money was not refunded to my card. Terrible.,f,RJ
2018-05-11,4,positive,positive,"Very sharp, cut well.",t,BA
2018-05-11,1,late_delivery,negative,Product arrived with a 15-day delay.,t,SP
2018-05-11,2,seller_or_service,negative,"Product came wrong, need to return, contacted support but got no response yet.",f,SP
2018-05-12,1,wrong_or_missing_item,negative,Products arrived missing and until now nobody has answered my emails.,f,RJ
2018-05-12,2,wrong_or_missing_item,negative,Ordered a large helmet but received a medium size without asking.,f,SP
2018-05-12,1,not_received,negative,"It says my product was delivered, but it was not.",f,BA
2018-05-12,1,damaged_or_defective,negative,Product does not work.,f,SP
2018-05-12,3,positive,positive,"Liked the product and service, delivery arrived even earlier than expected. Very good.",f,BA
2018-05-12,1,not_received,negative,Tracking says delivered but order not received.,f,ES
2018-05-12,1,wrong_or_missing_item,negative,I received a cheap knockoff item instead of what I bought and am waiting for the correct product.,f,SP
2018-05-12,1,poor_quality,negative,"Requested tablet charger as advised by seller, but it did not fit my tablet.",f,SP
2018-05-12,1,not_received,negative,I did not receive my product.,t,PE
2018-05-13,1,wrong_or_missing_item,negative,"Bought 2 infuser teapots, company delivered only one. I want a refund or urgent delivery.",f,PE
2018-05-13,1,wrong_or_missing_item,negative,"The order arrived incomplete, missing the GoPro chest mount and microphone adapters.",f,MG
2018-05-13,1,not_received,negative,I want to know where my product is.,f,PR
2018-05-13,1,not_received,negative,"I haven't received the product yet, but I already paid the first credit card installment.",,RJ
2018-05-13,3,poor_quality,neutral,"The PVC part of the curtain was torn, but the product is good, would buy again.",f,SP
2018-05-14,3,poor_quality,neutral,"Very pretty and great value, but came with some loose seams.",f,RJ
2018-05-14,1,wrong_or_missing_item,negative,"I bought two pendant lights, single and double, but only the single one was delivered. Waiting for the rest.",f,PA
2018-05-14,1,poor_quality,negative,The delivered product is worth only 40% of the price paid.,f,MG
2018-05-14,1,not_received,negative,"Did not receive my goods, no information or response at all.",,RJ
2018-05-14,3,wrong_or_missing_item,neutral,"The product is great, but it came in the box of another product, a GPS.",f,SP
2018-05-14,4,damaged_or_defective,negative,Only one of the channels came without holes and I couldn't fit it right.,f,DF
2018-05-14,3,poor_quality,neutral,"Curtain material feels like plastic, but delivery was on time.",f,SP
2018-05-14,2,damaged_or_defective,negative,"Box completely torn, charger broken!",f,SP
2018-05-14,1,seller_or_service,negative,"The company did not respond to emails or contact me, so I had to cancel the purchase.",,SP
2018-05-15,2,wrong_or_missing_item,negative,"Quilt arrived but the pink blanket was missing, despite app saying delivered.",f,SP
2018-05-15,3,wrong_or_missing_item,negative,"I bought two items but only received one, even though the site says both were delivered.",f,MG
2018-05-15,3,late_delivery,neutral,I hope the delay is due to the truckers' strike.,t,BA
2018-05-15,3,seller_or_service,neutral,It is frustrating to pay for shipping and still have to go pick up the merchandise yourself.,f,RJ
2018-05-15,1,wrong_or_missing_item,negative,Only one spray was delivered although two were paid for and listed on the invoice.,f,RJ
2018-05-15,3,positive,positive,"Everything went smoothly. Merchandise arrived on time, well packaged, without any issues.",f,RJ
2018-05-15,1,wrong_or_missing_item,negative,Received an inferior product of the same brand without any prior notice.,f,RS
2018-05-15,1,damaged_or_defective,negative,"Defective product, does not work, poor quality, third time complaining and nothing done.",f,SP
2018-05-15,1,poor_quality,negative,The product is disproportionate and of terrible quality. I am not returning it to avoid hassle.,t,ES
2018-05-15,1,late_delivery,negative,I am very upset due to the delay.,t,BA
2018-05-15,3,poor_quality,neutral,"I found the material very weak, they need to improve it.",f,SP
2018-05-15,1,damaged_or_defective,negative,"Micro SD card didn't match description, came corrupted and doesn't work.",f,SP
2018-05-16,2,damaged_or_defective,negative,The product came crooked at the tip where I measured.,f,SP
2018-05-16,1,late_delivery,negative,"Have not received the product yet, deadline was 06/04/2018, but nothing so far.",t,SP
2018-05-16,3,positive,positive,Everything is okay.,f,PR
2018-05-16,1,wrong_or_missing_item,negative,Chose the golden safari set and it came in white; wants to exchange.,f,SP
2018-05-16,1,not_received,negative,I want to receive my purchase.,t,ES
2018-05-16,4,positive,positive,I recommend it to everyone.,f,SP
2018-05-16,3,seller_or_service,negative,"Had to pick up at the post office despite paying delivery, support unhelpful.",f,SP
2018-05-16,2,wrong_or_missing_item,negative,The product I received was incorrect.,t,SP
2018-05-16,1,not_received,negative,Forced to review a product that hasn't arrived yet.,t,SP
2018-05-16,3,wrong_or_missing_item,neutral,The charger came without the power cord. Delivery was okay.,f,RJ
2018-05-17,1,not_received,negative,I have not received anything yet and need a response from the seller.,t,MG
2018-05-17,1,late_delivery,negative,The product is delayed at the carrier and has not been delivered yet.,t,SP
2018-05-17,3,late_delivery,neutral,Still waiting for delivery at my home.,t,SP
2018-05-17,1,wrong_or_missing_item,negative,I bought three lamps and only one arrived.,t,PR
2018-05-17,1,late_delivery,negative,"Expected delivery was 2 weeks, it has been over 30 days and nothing.",t,PI
2018-05-17,5,positive,positive,Simply awesome.,t,RJ
2018-05-17,1,not_received,negative,"This message arrived, but the product did not.",t,MG
2018-05-17,1,wrong_or_missing_item,negative,Ordered large dog pads (90x100) and received smaller ones (50x60).,f,SP
2018-05-18,1,poor_quality,negative,"The product is good, but has an unbearable glue smell.",f,MG
2018-05-18,3,positive,positive,"Even with the truckers' strike, it arrived on time.",f,SP
2018-05-18,1,wrong_or_missing_item,negative,"Only one product was delivered, the other I did not receive.",f,SP
2018-05-18,1,poor_quality,negative,The glue sent does not work at all. I hate it.,f,MG
2018-05-18,3,wrong_or_missing_item,negative,I received the wrong product.,f,SP
2018-05-18,3,positive,positive,"Very satisfied with the purchase, although I thought it was fabric.",f,RJ
2018-05-18,4,wrong_or_missing_item,negative,"Received lenses but not cartridges, and cannot track the order in the app.",f,SP
2018-05-18,2,not_received,neutral,"I have not received it yet, but I believe it is due to the strike.",f,SP
2018-05-18,5,positive,positive,"Started using yesterday, cannot evaluate efficacy yet. Fast delivery and well packaged.",f,SP
2018-05-19,1,damaged_or_defective,negative,The product arrived and broke on its own.,f,MG
2018-05-19,1,positive,positive,"Great material quality, clear font for reading, and everything arrived correctly.",f,RS
2018-05-19,3,other,neutral,Could improve.,t,SP
2018-05-19,1,seller_or_service,negative,Poor stock control; products should be marked unavailable to avoid cancellation issues.,,SP
2018-05-20,1,wrong_or_missing_item,negative,"Received only the office chair, the mattress covers haven't arrived yet.",f,SC
2018-05-20,5,positive,positive,All good.,f,MG
2018-05-20,5,seller_or_service,negative,"Installment plan error by the store, would not buy again.",f,SP
2018-05-20,5,positive,positive,Excellent product. Met expectations.,f,SP
2018-05-21,1,wrong_or_missing_item,negative,Bought one product and received a completely different one.,f,SP
2018-05-21,5,positive,positive,Keeps liquid at a great temperature and has a nice finish.,f,SP
2018-05-21,2,not_received,negative,I did not receive it.,f,SP
2018-05-21,3,late_delivery,neutral,"Product works well, but delivery was delayed again.",f,PR
2018-05-21,3,poor_quality,neutral,"The screen protector is smaller than the phone screen, but the case is very good.",f,SP
2018-05-22,1,wrong_or_missing_item,negative,I bought a Class 10 Micro SD and received an inferior UHS-I card. The ad is misleading.,f,DF
2018-05-22,1,seller_or_service,negative,"Bought a men's watch, got a kid's watch. Can't reach anyone by phone to return it.",f,SP
2018-05-22,2,poor_quality,neutral,Product arrived as ordered but was much smaller than standard sizes. Need an exchange.,f,SC
2018-05-22,2,damaged_or_defective,negative,"Product came defective with a corrupted media, and I discarded the packaging.",f,SP
2018-05-22,1,seller_or_service,negative,Item was out of stock despite being listed. No response to cancellation request.,,RJ
2018-05-22,1,seller_or_service,negative,Bought two units and only received one. Cannot get customer support.,f,MG
2018-05-23,1,wrong_or_missing_item,negative,"Email says order was delivered, but I only received the ceiling fixture and missing the pendants.",f,MT
2018-05-23,1,poor_quality,negative,"Nothing to complain about the store, but the product looks different from mine.",f,SP
2018-05-23,5,positive,positive,"Perfect, everything is okay.",f,ES
2018-05-23,1,wrong_or_missing_item,negative,"The requested product was delivered halfway. The latch was missing, only the intercom arrived.",f,SP
2018-05-24,5,positive,positive,"Long time customer, always efficient in sales and delivery. Very satisfied.",f,SP
2018-05-24,3,poor_quality,neutral,The case does not fit the device properly.,f,SP
2018-05-24,2,other,neutral,Waiting to evaluate.,f,SP
2018-05-24,3,seller_or_service,neutral,Need you to solve my problem regarding product exchange.,f,SP
2018-05-25,5,positive,positive,I recommend.,f,SP
2018-05-25,4,positive,positive,Very good books.,f,MT
2018-05-25,3,positive,positive,"Haven't used it yet, but I recommend it.",f,SP
2018-05-25,1,not_received,negative,I am still waiting to receive it.,f,SP
2018-05-26,3,wrong_or_missing_item,neutral,"Liked the product and it arrived early, but I ordered 4 and only 2 arrived. Missing 2.",f,SP
2018-05-26,2,poor_quality,negative,"Good quality product, but volume buttons didn't align and had to be cut.",f,SP
2018-05-26,1,late_delivery,negative,Where is my product? Tracking says it was sent to the South region while I live in Salvador!,t,BA
2018-05-27,3,not_received,negative,I did not receive the cutlery set.,f,SP
2018-05-27,1,damaged_or_defective,negative,"The frame arrived broken, damaging the canvas and hard to fix.",f,SP
2018-05-27,1,seller_or_service,negative,"A different product was sent. I requested a return and refund, but have received no response yet.",f,SE
2018-05-27,1,seller_or_service,negative,Offered a product that they did not have in stock.,f,SP
2018-05-27,1,wrong_or_missing_item,negative,"Ordered two 60cm swords, received only one 45cm sword.",f,SP
2018-05-28,1,wrong_or_missing_item,negative,Bought two products and only one arrived.,f,BA
2018-05-28,5,positive,positive,"Perfect, ten out of ten.",f,SP
2018-05-29,1,damaged_or_defective,negative,My product arrived damaged and poor.,f,RJ
2018-05-30,3,late_delivery,negative,"Delivery not made to home, but shipping fee was charged. It should be free.",f,RJ
2018-05-31,5,positive,positive,"It is just like the description, I am satisfied, great product and value. Highly recommend.",f,SP
2018-06-01,5,positive,positive,Quality product!,f,RJ
2018-06-01,3,late_delivery,neutral,Your logistics take too long. Some stores deliver in two days. Just a tip.,f,RS
2018-06-01,1,seller_or_service,negative,Product arrived broken and support was unhelpful due to the 7-day limit.,f,RJ
2018-06-01,3,late_delivery,neutral,Had to pick up the product at a distant post office branch.,f,SP
2018-06-01,1,seller_or_service,negative,"Chairs came missing parts, website and phone support failed, email got no reply.",f,SP
2018-06-01,2,poor_quality,negative,"Liked the watch design, but it arrived without a box, just tossed into the mail box.",f,SP
2018-06-02,1,wrong_or_missing_item,negative,"Only one of two purchased vases was delivered, despite the invoice listing two.",f,RJ
2018-06-02,1,wrong_or_missing_item,negative,I only received one blanket. I hope to receive the other one.,f,RJ
2018-06-02,1,not_received,negative,The product has not arrived yet. Please check with the post office.,f,SP
2018-06-02,1,wrong_or_missing_item,negative,"I received only 1 item despite paying for 2, and I disliked the quality. I want to return it.",f,RJ
2018-06-03,3,wrong_or_missing_item,negative,"Haven't received whey protein yet, only naara. Shipping is too expensive.",f,SP
2018-06-03,2,seller_or_service,negative,"I requested a return and refused the product days ago, but the site is untrustworthy.",f,RJ
2018-06-03,1,not_received,negative,My product was not delivered.,f,SP
2018-06-03,1,seller_or_service,negative,"Lack of respect, misinformation, and total omission by the seller. Shameful.",,RS
2018-06-04,1,wrong_or_missing_item,negative,I bought Original brand bucket and received Antarctica brand.,f,SP
2018-06-04,1,seller_or_service,negative,"Disliked the product, and the store offers no options for exchange or contact.",f,SP
2018-06-04,1,not_received,neutral,Product has not arrived yet. I am waiting.,,PE
2018-06-04,5,positive,positive,Super fast delivery!,f,SP
2018-06-04,5,positive,positive,Everything came perfect as advertised and arrived before the date! Very satisfied.,f,RJ
2018-06-04,1,not_received,negative,I have not received the mattress protector yet and got no response since June 18th.,f,BA
2018-06-04,1,not_received,negative,"I did not receive the sofa throw, but calling customer service claims it was already delivered.",f,SP
2018-06-04,5,positive,positive,Good price and delivered on time.,f,SP
2018-06-05,1,not_received,negative,No product at all!,,SP
2018-06-05,5,positive,positive,One of the best online stores.,f,SP
2018-06-05,1,wrong_or_missing_item,negative,"Ordered 4 items, only 2 arrived. Want to know when the rest and the blanket arrive.",f,SP
2018-06-05,2,not_received,negative,It has been almost a month and I have not received the product.,t,SP
2018-06-06,1,wrong_or_missing_item,negative,"Ordered two lens boxes, received only one. Emailed them and got no response.",f,SC
2018-06-06,2,poor_quality,negative,"Product is very different from the photo, color is too light.",f,SP
2018-06-06,2,wrong_or_missing_item,negative,Bought two ice cube trays and received only one.,f,SP
2018-06-06,3,wrong_or_missing_item,negative,Bought two identical products and received only one.,f,SP
2018-06-06,2,other,negative,Invoice amount is extremely lower than the price paid.,f,SP
2018-06-06,1,damaged_or_defective,negative,"Waiting for a response about the product exchange, it came dented with a small scratch on the glass.",f,RJ
2018-06-06,1,wrong_or_missing_item,negative,"Ordered 2 cases and 1 external HD, but received only 1 case as stated on invoice.",f,SC
2018-06-06,1,damaged_or_defective,negative,"Some BCAA tablets arrived broken, lowering the product quality.",f,SP
2018-06-06,5,positive,positive,"Seller delivered as promised, but prefers shipping via carrier instead of mail.",f,ES
2018-06-07,2,wrong_or_missing_item,negative,I bought two key covers and only one was delivered.,f,DF
2018-06-07,1,not_received,negative,"Product was not delivered, but the tracking site claims it was.",f,RJ
2018-06-07,5,positive,positive,Very good!,f,SP
2018-06-07,1,poor_quality,negative,"Very poor quality pans, teflon peels off easily and pans dent during washing.",f,SP
2018-06-07,1,wrong_or_missing_item,negative,"Charged for 3 mugs, but only one arrived and it was cracked and broken.",f,RJ
2018-06-07,1,poor_quality,negative,Fast delivery but the product is horrible.,f,RJ
2018-06-08,4,positive,positive,"I liked the massager, but it should have included an instruction manual.",f,MG
2018-06-08,1,damaged_or_defective,negative,Received defective product with signs of use and slow charging.,f,BA
2018-06-08,2,wrong_or_missing_item,neutral,I will need to exchange the product because the color of the bulb is wrong.,f,MG
2018-06-08,1,wrong_or_missing_item,negative,Sent a Batgirl instead of the Bumblebee doll my daughter was eagerly waiting for.,f,PR
2018-06-09,5,positive,positive,Very good.,f,MG
2018-06-09,1,wrong_or_missing_item,negative,"Bought two, received only one, and the quality is terrible.",f,SP
2018-06-10,1,wrong_or_missing_item,negative,Delivered in the wrong color and model. Could not process the exchange through the website.,f,SP
2018-06-10,2,wrong_or_missing_item,negative,I bought 2 but only received 1.,f,SP
2018-06-10,3,wrong_or_missing_item,negative,I ordered 2 and only 1 came.,f,RJ
2018-06-10,2,wrong_or_missing_item,negative,"I ordered 2 products, only one arrived!",f,SP
2018-06-10,1,seller_or_service,negative,"Received the wrong color, and now I get no response when trying to return it.",,SP
2018-06-10,1,wrong_or_missing_item,negative,"Bought two items charged to my credit card, but only one arrived.",f,RR
2018-06-10,1,wrong_or_missing_item,negative,Ordered three units and only one arrived. I want an explanation or refund.,f,SC
2018-06-10,2,poor_quality,negative,It is not like the photo!,f,GO
2018-06-10,1,wrong_or_missing_item,negative,I bought two devices and only one arrived.,f,BA
2018-06-10,1,wrong_or_missing_item,negative,I bought 2 perfumes and only one came! I want a refund!,f,SP
2018-06-10,3,poor_quality,neutral,"The product is hard plastic, let's see if it withstands lamp heat.",f,SP
2018-06-11,5,positive,positive,"Seller fulfilled everything agreed upon, super fast delivery.",f,SP
2018-06-11,3,wrong_or_missing_item,neutral,The delivered size does not match the website.,f,SP
2018-06-11,1,damaged_or_defective,negative,"Does not read DVDs/CDs. The website froze when I tried to exchange it, so I lost my money.",f,RJ
2018-06-11,1,wrong_or_missing_item,negative,The product arrived wrong.,f,SP
2018-06-11,5,positive,positive,"I highly recommend it, loved it, it even arrived early.",f,SP
2018-06-12,1,poor_quality,negative,"Product arrived faded, looking old and low quality. Do not recommend.",f,MG
2018-06-12,3,wrong_or_missing_item,neutral,There are two pieces and I only received one.,f,SP
2018-06-12,2,wrong_or_missing_item,negative,"Received fast, but ordered two and only got one.",f,SC
2018-06-12,1,not_received,negative,How can I recommend anyone if the product has not arrived yet?,t,BA
2018-06-12,1,seller_or_service,negative,"Requested cancellation before invoice issuance, but it was not processed and the product arrived.",f,RJ
2018-06-12,1,wrong_or_missing_item,negative,I bought 3 units and received only 1.,f,PR
2018-06-12,1,seller_or_service,negative,"More responsibility with customers regarding product origin, quality, and accurate orders.",f,RJ
2018-06-12,5,positive,positive,Loved it.,f,RS
2018-06-12,4,other,neutral,"The only issue was that it came simply wrapped in plastic, without a box.",f,ES
2018-06-12,1,wrong_or_missing_item,negative,Bought 240 tablets and received 120. Waiting for exchange response.,f,RJ
2018-06-12,3,poor_quality,neutral,"Product works correctly, but material quality is very low.",f,ES
2018-06-12,2,poor_quality,negative,"Arrived fast, but was dirty and stained, looking like old stock.",f,SP
2018-06-12,1,poor_quality,negative,"Do not buy this antenna, it does not work and picks up no channels.",f,RJ
2018-06-13,1,damaged_or_defective,negative,The product came in inappropriate packaging and the tea jar got damaged. Tea spilled everywhere.,f,SP
2018-06-13,1,not_received,negative,Customer has not received the product yet and wants to know status.,,SP
2018-06-13,1,wrong_or_missing_item,negative,Received a completely wrong product.,f,SP
2018-06-13,1,wrong_or_missing_item,negative,I received the wrong colored toothbrush and the partner store refused to help.,f,SP
2018-06-13,1,seller_or_service,negative,"Poor service, I received the notice on the very last day of the post office deadline.",f,RJ
2018-06-13,2,damaged_or_defective,negative,Received with a violated box and a defect in the height adjustment.,f,SP
2018-06-13,1,wrong_or_missing_item,negative,I bought a set of cans and received lunch boxes!,f,MT
2018-06-13,1,not_received,negative,I bought the lamps and they were not delivered.,f,RJ
2018-06-13,4,poor_quality,positive,"Very good product, great size, arrived early, but fabric quality was lower than expected.",f,PR
2018-06-13,2,damaged_or_defective,negative,"Split delivery, poorly packaged, crushed boxes, broken parts inside.",f,SC
2018-06-13,3,late_delivery,neutral,"I always liked shopping here, but lately I have had delivery issues due to risk areas.",f,RJ
2018-06-14,1,damaged_or_defective,negative,Product arrived defective and does not work. Not worth the hassle to exchange.,f,MG
2018-06-14,5,positive,positive,"Everything was in order, thank you!",f,SP
2018-06-14,1,late_delivery,negative,"Product has not been delivered yet, received message about delivery difficulties.",,SP
2018-06-14,5,positive,positive,I liked the product.,f,TO
2018-06-15,3,poor_quality,negative,Should have real photos with scale. The watch received is tiny like a toy.,f,PR
2018-06-15,1,wrong_or_missing_item,negative,"Bought a 3-piece bedding kit, only received the blanket in the wrong color.",f,SP
2018-06-15,1,seller_or_service,negative,"Someone is always home, yet delivery was falsely claimed failed and sent to post office.",,SP
2018-06-16,1,wrong_or_missing_item,negative,I bought a watch and they sent me a different one.,f,CE
2018-06-16,1,damaged_or_defective,negative,Keyboard missing a connector piece and mouse looked dirty and used. Requested a return.,f,RS
2018-06-16,5,positive,positive,"I really liked my towels, they are good.",f,MG
2018-06-17,3,not_received,negative,The stroller mobile was not delivered.,f,RJ
2018-06-17,5,positive,positive,"I recommend to everyone, very good product, and fast delivery!",f,SP
2018-06-17,5,positive,positive,"Loved the product, very well packaged and delivered ahead of schedule.",f,SP
2018-06-17,3,wrong_or_missing_item,negative,"I bought three products, paid individual shipping for each, but only received one at home and had to pick up the rest.",f,SP
2018-06-17,3,seller_or_service,negative,"Product not delivered due to stock issue, then relisted at a higher price. Very disappointing.",f,MG
2018-06-17,1,wrong_or_missing_item,negative,I wanted my order to match the illustration showing an electric faucet.,f,SP
2018-06-17,3,positive,positive,"Beautiful, arrived way ahead of schedule. Just lacks warranty certificate and waterproofing info.",f,RJ
2018-06-17,5,positive,positive,Product fully matches the advertisement.,f,ES
2018-06-18,1,poor_quality,negative,"Very poorly finished, do not recommend.",f,SC
2018-06-18,5,positive,positive,Congratulations. The correct product was delivered before the established deadline.,f,MT
2018-06-18,5,positive,positive,"Great product, very fast delivery, I recommend.",f,MG
2018-06-18,3,poor_quality,neutral,"The cover was too huge for a standard crib mattress, I did not like it.",f,SP
2018-06-18,3,poor_quality,neutral,"The description said official size, but the chess set received was smaller than expected.",f,CE
2018-06-18,3,wrong_or_missing_item,negative,"Out of seven paintings in the order, one did not arrive. Waiting for resolution.",f,RS
2018-06-18,2,damaged_or_defective,negative,Product arrived with a small defect.,f,MG
2018-06-18,1,wrong_or_missing_item,negative,Order arrived on time but missing items and defective. Will never buy again.,f,SP
2018-06-19,2,late_delivery,negative,"Post office claims delivery attempt was made, but nobody came.",f,SP
2018-06-19,1,not_received,negative,"I paid for my product and want it delivered, as I have not received it.",f,SP
2018-06-19,2,poor_quality,negative,Lacked substantial information regarding the need for other devices for installation.,f,SP
2018-06-20,5,positive,positive,"Product very good and beautiful, satisfied!",f,SP
2018-06-20,1,poor_quality,negative,Printer identified the two cartridges as non-original and printing performance is poor.,f,PR
2018-06-20,2,other,neutral,"Just the word product, neutral review.",f,SP
2018-06-20,1,late_delivery,negative,Product not delivered and deadline passed. No information provided via email or phone.,,SP
2018-06-21,2,not_received,negative,"I picked it up at the post office, paid shipping and was not delivered. Disliked it.",t,RJ
2018-06-21,1,positive,positive,Loved shopping on this website.,f,PR
2018-06-21,2,other,neutral,The product has not been installed yet.,f,SP
2018-06-21,2,damaged_or_defective,negative,"My product came with a broken installation CD, will you send another?",f,SP
2018-06-21,1,damaged_or_defective,negative,Watch arrived with a damaged strap and stopped working within minutes.,f,SP
2018-06-21,1,damaged_or_defective,negative,"The cartridge is not original, does not work, and I'm waiting for a refund.",f,SP
2018-06-21,1,wrong_or_missing_item,negative,"The sent product was incorrect despite the correct description, causing return delays.",f,PB
2018-06-22,3,poor_quality,neutral,"The watch itself is good, but I expected real hands instead of a sticker.",f,SP
2018-06-22,3,poor_quality,neutral,"The trash can is very small, only useful for cotton swabs and dirty cotton.",f,RS
2018-06-22,3,seller_or_service,neutral,Did not receive because I was traveling. Contacted support but they haven't resent it yet.,t,RS
2018-06-23,1,poor_quality,negative,Listed as original but they sent a similar product. False advertising.,f,SC
2018-06-23,5,positive,positive,Delivered on time and product matches the advertisement.,f,ES
2018-06-23,2,poor_quality,negative,Did not like the product because the quality is bad.,f,RJ
2018-06-23,2,positive,positive,Good product.,f,MG
2018-06-23,4,positive,positive,"I liked the product, good appearance.",f,SP
2018-06-24,2,wrong_or_missing_item,negative,"Received the product partially, the bed sheet set is missing.",f,MG
2018-06-24,1,not_received,negative,"Product was not delivered, but the system states I received it.",f,GO
2018-06-24,5,positive,positive,Top-notch store.,f,DF
2018-06-24,5,positive,positive,Excellent product.,f,MG
2018-06-25,5,positive,positive,"Excellent quality table, very pretty, fast delivery and well packaged.",f,SC
2018-06-25,5,positive,positive,Very good product and great seller.,f,RS
2018-06-25,5,positive,positive,"Recommend this store, everything bought arrived in perfect condition and on time.",f,SP
2018-06-26,1,not_received,negative,The products have not been delivered yet.,f,BA
2018-06-26,4,wrong_or_missing_item,neutral,"Good quality, but bought white and received pink.",f,GO
2018-06-26,1,not_received,negative,"Terrible company, they do not deliver the products.",,MG
2018-06-26,3,seller_or_service,negative,Customer service is inefficient; difficult to exchange via site and phone.,f,MG
2018-06-26,1,damaged_or_defective,negative,"The pendant lights arrived peeling, dented, and with defective gold finishing.",f,SP
2018-06-26,1,not_received,negative,Did not receive the organizer boxes item.,f,GO
2018-06-26,1,seller_or_service,negative,I requested an exchange because the store is not reliable.,f,RS
2018-06-26,3,positive,neutral,"Product seemingly good, have not tested all batteries yet.",f,SP
2018-06-26,2,poor_quality,negative,"Product description seemed great, but I received MDF with a poorly glued, bubbly sticker.",f,SP
2018-06-26,5,positive,positive,"Top customer service, I trust them, bought several times without issues!",f,GO
2018-06-26,1,poor_quality,negative,"Received items on time, but they appeared to be counterfeit HP products; black cartridge failed.",f,SP
2018-06-27,5,positive,positive,Loved it.,,SP
2018-06-27,1,late_delivery,negative,Order has not arrived yet. Cannot recommend the store until delivery.,f,DF
2018-06-27,3,damaged_or_defective,neutral,"The table came with a scratch on top, discouraging me, but I kept it to avoid return hassle.",f,SP
2018-06-28,2,wrong_or_missing_item,negative,I bought one product and they sent me a similar one without asking if I wanted the exchange.,f,ES
2018-06-28,5,positive,positive,"Highly recommend, received before the deadline.",f,SP
2018-06-28,5,positive,positive,Great.,f,RS
2018-06-28,1,wrong_or_missing_item,negative,Bought 4 products and received only one. I want the remaining three.,f,RS
2018-06-28,1,poor_quality,negative,"Sold as a yoga mat, but it is too small. Refund my money!",f,BA
2018-06-28,1,other,neutral,Question: is the watch wound by hand?,f,MG
2018-06-28,1,late_delivery,negative,It has been a month and the product has still not been delivered.,,SP
2018-06-28,1,poor_quality,negative,"Fake inks and faded packaging, I am seeking compensation.",f,SP
2018-06-28,2,wrong_or_missing_item,negative,"Ordered 2 items, received 1 poor quality towel set, missing the other.",f,RJ
2018-06-29,1,not_received,negative,"I did not receive the product, but the website shows it as delivered.",f,SC
2018-06-29,5,positive,positive,Everything went well with the purchase and delivery.,f,PR
2018-06-29,2,seller_or_service,negative,"The store asked if I received the order shortly after shipping, showing they do not monitor deliveries.",f,RJ
2018-06-29,1,wrong_or_missing_item,negative,"Ordered 2 units, received 1. Had to complain to try to receive the rest.",f,RJ
2018-06-30,1,not_received,negative,My product still hasn't arrived.,f,SP
2018-06-30,1,damaged_or_defective,negative,"Received the product on time, but it was broken.",f,MG
2018-06-30,3,positive,positive,"Great, it arrived very fast!",f,PA
2018-06-30,5,positive,positive,Perfect.,f,SC
2018-06-30,1,poor_quality,negative,Product looks different from the photo drawing.,f,SP
2018-06-30,1,not_received,negative,I haven't received it yet.,f,SP
2018-06-30,1,poor_quality,negative,"Baby hammock is unsafe and too narrow, baby fell twice.",f,ES
2018-07-01,1,wrong_or_missing_item,negative,"Bought a 3.0 USB pendrive, but a 2.0 version arrived. Tried to exchange without success.",f,SP
2018-07-01,1,not_received,negative,Product not delivered so far.,,PB
2018-07-01,5,positive,positive,Great product! I recommend.,f,SP
2018-07-01,3,wrong_or_missing_item,negative,Missing one of the baking pans ordered.,f,TO
2018-07-02,3,wrong_or_missing_item,neutral,"I only received the clock on 09/07/2018, not the lamp.",f,RJ
2018-07-02,3,poor_quality,neutral,"Painting is great, but material lacks resistance and edge finishing.",f,SP
2018-07-02,1,wrong_or_missing_item,negative,I bought a product and a different one arrived. I returned it.,f,MG
2018-07-03,4,positive,positive,I recommend! Quality and delivery on time.,f,BA
2018-07-03,5,positive,positive,Good product prices and delivered on time.,f,MG
2018-07-03,1,wrong_or_missing_item,negative,"I bought two beer towers, but only one package with one tower inside arrived. Very dissatisfied!",f,BA
2018-07-04,3,positive,neutral,"Testing the product, hope it is good.",f,RJ
2018-07-04,1,wrong_or_missing_item,negative,Did not receive everything I bought and have received no response from customer service.,f,SP
2018-07-04,1,wrong_or_missing_item,negative,I did not receive the other product.,f,SP
2018-07-04,1,wrong_or_missing_item,negative,"I received only one unit of the product purchased, please check what happened.",f,SP
2018-07-04,1,wrong_or_missing_item,negative,"Product arrived different from ordered, paid shipping, and had to pick it up far away.",f,RJ
2018-07-05,3,wrong_or_missing_item,neutral,"Item was out of stock so they sent a similar one, but unavailable items shouldn't be listed.",f,ES
2018-07-05,1,wrong_or_missing_item,negative,Ordered volume 1 and received volume 2 of the Leila Fletcher music book.,f,PR
2018-07-05,1,damaged_or_defective,negative,My glass screen protector arrived completely cracked.,f,SP
2018-07-06,3,positive,neutral,"Delivered ahead of schedule, though I haven't used the product yet.",f,MG
2018-07-07,1,not_received,negative,I want to know if they will deliver or not. It has been over a month.,,SP
2018-07-07,3,late_delivery,negative,Horrible delivery timeframe.,,SP
2018-07-07,3,poor_quality,neutral,"Cheap, but product could be better.",f,SP
2018-07-08,1,not_received,negative,"My product has not been delivered yet, although the tracking system claims otherwise.",f,SC
2018-07-08,1,damaged_or_defective,negative,"Does not match the photo, missing batteries, and does not work on my TVs.",f,DF
2018-07-08,1,not_received,negative,I have not received the product yet.,,PR
2018-07-09,1,late_delivery,negative,Deadline passed and product has not been delivered or even shipped. Terrible!,t,SP
2018-07-09,2,late_delivery,negative,"Outrageous delivery delay, disrespectful service.",t,BA
2018-07-09,5,positive,positive,"Great seller in honesty and dignity, impeccable service, will buy again.",f,SP
2018-07-09,1,seller_or_service,negative,"Very disorganized, do not recommend.",t,SP
2018-07-10,3,late_delivery,neutral,"I would recommend with reservations, but the delivery time is too long.",f,RJ
2018-07-10,2,damaged_or_defective,negative,I recommend the store but not the product. It freezes and does not work properly.,f,SP
2018-07-10,1,wrong_or_missing_item,negative,I bought a cover for a 10.1kg washer-dryer and received one for a 7.5kg model.,f,SP
2018-07-10,2,wrong_or_missing_item,negative,"Sealed box was delivered, but only 1 product was inside.",f,SP
2018-07-10,2,wrong_or_missing_item,negative,"Watches arrived in different models than ordered, keeping them only due to a trip.",f,MS
2018-07-11,2,damaged_or_defective,negative,I was very upset because the product arrived broken! Such neglect.,f,BA
2018-07-11,1,not_received,negative,"I have not received my product yet, cannot evaluate.",f,ES
2018-07-12,1,seller_or_service,negative,They tried to cancel my purchase and only informed me because I reached out on the delivery due date.,,SP
2018-07-12,3,positive,positive,Customer service was satisfactory.,t,SP
2018-07-12,1,seller_or_service,negative,Store said they were out of stock after 3 weeks and simply cancelled the order!,,RS
2018-07-13,1,poor_quality,negative,"Watch is completely different from the image, found out online it is a replica. Very upset.",f,MG
2018-07-13,1,not_received,negative,"I did not receive the product, yet tracking says it was delivered, absurd.",f,SP
2018-07-13,3,positive,positive,I am satisfied.,f,PI
2018-07-13,2,wrong_or_missing_item,negative,"Products rarely arrive correct now; got lucky with the keyboard, but the monitor was wrong.",f,RJ
2018-07-13,1,wrong_or_missing_item,negative,Descriptions should be clearer. Ordered one model and received a different one.,f,CE
2018-07-13,1,wrong_or_missing_item,negative,"Received a fake watch that doesn't match the picture, and the store hasn't replied.",f,SP
2018-07-13,5,wrong_or_missing_item,neutral,"One item arrived fine, but paid for another item that was out of stock.",f,DF
2018-07-13,1,wrong_or_missing_item,negative,I received the wrong product.,f,GO
2018-07-14,1,poor_quality,negative,Transformer is too weak and cannot handle refrigerators.,f,SP
2018-07-14,2,wrong_or_missing_item,negative,"Received the wrong faucet, and the basin is painted instead of porcelain. I want a refund.",f,MG
2018-07-15,1,wrong_or_missing_item,negative,"The item received did not match what I chose, and nobody informed me of a substitution.",f,SE
2018-07-16,1,poor_quality,negative,The ink kit is not original as advertised; it looks tampered with and cheap.,f,SP
2018-07-16,1,wrong_or_missing_item,negative,The wrong packaging arrived.,t,RJ
2018-07-16,1,late_delivery,negative,No explanation regarding the delivery delay.,,SP
2018-07-16,5,positive,positive,"Arrived well before the deadline, the watch is beautiful!",f,RJ
2018-07-16,1,wrong_or_missing_item,negative,"Received the wrong product, want to return it and get my money back.",f,SP
2018-07-16,1,not_received,negative,"Product was not delivered, only the invoices. Waiting for a response.",f,RJ
2018-07-16,2,not_received,negative,It was not delivered!,f,SP
2018-07-16,1,seller_or_service,negative,"I requested cancellation immediately after buying, and I still haven't been refunded.",,AL
2018-07-16,1,wrong_or_missing_item,negative,"Ordered three items, received only one, no response from support or invoice.",f,MG
2018-07-16,4,positive,positive,"Product delivered on time, started using recently, hoping for good results.",f,MA
2018-07-17,5,positive,positive,Product arrived as described.,f,SC
2018-07-17,1,wrong_or_missing_item,negative,"I received the product, but the size was not appropriate.",f,MG
2018-07-17,1,wrong_or_missing_item,negative,Shameful to sell a book and deliver a useless one. Outraged.,f,RJ
2018-07-17,1,wrong_or_missing_item,negative,"Product does not match the photo, I want an exchange or refund.",f,SP
2018-07-17,5,positive,positive,Everything happened as promised and expected. Strongly recommend.,f,RJ
2018-07-17,5,positive,positive,"Appropriate packaging, delivered on time.",f,MG
2018-07-17,1,damaged_or_defective,negative,Included CD arrived cracked in a sealed package and exchange is impossible.,f,SP
2018-07-18,4,not_received,negative,I still haven't received the product.,f,RJ
2018-07-18,1,wrong_or_missing_item,negative,Ordered one case model and they delivered another. Totally dissatisfied.,f,RJ
2018-07-18,5,positive,positive,"Go ahead and buy, everything came out right.",f,SP
2018-07-18,1,seller_or_service,negative,"Damaged product, store rejecting return request. Very dissatisfied.",f,RS
2018-07-18,5,positive,positive,"Excellent product, even better price, on-time delivery. Perfect!",f,PA
2018-07-18,1,wrong_or_missing_item,negative,"Status says delivered, but I only received the invoice, not the product.",f,SP
2018-07-18,5,positive,positive,"My mother loved it, fit great. Good fabric, approved.",f,SP
2018-07-18,1,poor_quality,negative,"Received, but it is not original despite the website saying so.",f,RJ
2018-07-18,3,damaged_or_defective,neutral,"Good quality and fast delivery, but poorly packaged and arrived broken.",f,BA
2018-07-18,2,not_received,neutral,Would like information about the non-delivery of the product.,f,MG
2018-07-18,1,late_delivery,negative,"Order placed on 18/07, due 26/07. Today is 30/07 and invoice hasn't even been issued. Terrible.",,SP
2018-07-19,2,late_delivery,negative,"Absurdly slow delivery, although within their specified timeframe.",f,SP
2018-07-19,2,wrong_or_missing_item,negative,Received only half of the products.,f,SP
2018-07-19,1,poor_quality,negative,The actual dimensions of the bag are smaller than advertised.,f,MS
2018-07-19,1,poor_quality,negative,The product had an expiration date very close to the current date without prior notice.,f,MG
2018-07-19,1,not_received,negative,Still have not received it.,t,SP
2018-07-19,3,wrong_or_missing_item,neutral,"The product arrived very fast, but a generic control model was sent instead of the advertised one.",f,SP
2018-07-19,1,seller_or_service,negative,Already asked for an exchange and they haven't done it.,f,RJ
2018-07-19,1,not_received,negative,I did not receive the product.,,RJ
2018-07-19,1,wrong_or_missing_item,negative,Delivered the wrong book and cannot contact anyone for an exchange.,f,RJ
2018-07-19,5,positive,positive,Product of excellent quality.,f,SC
2018-07-19,2,late_delivery,negative,I had to pick it up at the post office even though I paid for home delivery!,f,RJ
2018-07-19,1,wrong_or_missing_item,negative,"I received a different product, how do I make an exchange?",f,RS
2018-07-19,1,wrong_or_missing_item,negative,"I bought a 3m curtain, they sent two 1.5m curtains instead. Ridiculous.",f,MG
2018-07-20,2,wrong_or_missing_item,negative,I bought beige and it came in black with a different design.,f,GO
2018-07-20,1,late_delivery,negative,Seller delayed shipping and the product has not arrived yet.,t,SP
2018-07-20,2,poor_quality,neutral,Cup differs from photo; lid is white instead of black as stated.,f,SP
2018-07-20,2,poor_quality,neutral,"Image quality is good, but the colors are weak and faded.",f,RS
2018-07-20,4,positive,positive,I have been buying from you and it has been good! I hope future purchases have the same results.,f,SP
2018-07-20,1,poor_quality,negative,"Canvas print is blurry, low quality, and terrible material. Requested a return.",t,BA
2018-07-20,1,wrong_or_missing_item,negative,Received an incomplete order; invoice listed two items but box only contained one.,f,PE
2018-07-20,1,not_received,negative,Did not deliver the merchandise!,,SP
2018-07-20,1,seller_or_service,negative,"Received wrong product, requested return and correct item, but no response yet.",f,MS
2018-07-21,2,damaged_or_defective,negative,Two of the spoons came cracked!,f,SP
2018-07-21,1,poor_quality,negative,"The watch is not original, it is false advertising.",f,MG
2018-07-21,1,wrong_or_missing_item,negative,I bought one brand and a much inferior one arrived. I already asked for a return.,f,MG
2018-07-21,2,wrong_or_missing_item,negative,I bought a PS3 game and received a completely different one.,f,SP
2018-07-21,3,positive,positive,Everything as agreed so far.,f,SC
2018-07-22,3,damaged_or_defective,negative,"Product arrived broken, how to make the exchange?",f,SP
2018-07-22,5,positive,positive,"Fast delivery, material with great finish.",f,MG
2018-07-22,2,wrong_or_missing_item,negative,"The ad did not specify the gas type, and the item received is incorrect. Returning it.",f,RS
2018-07-22,5,positive,positive,"Great product, great store overall.",f,SP
2018-07-23,2,late_delivery,negative,"Always liked buying here, but this delivery left much to be desired.",t,DF
2018-07-23,1,not_received,negative,Did not receive the product.,,SC
2018-07-23,1,other,neutral,No comments.,,MG
2018-07-23,1,damaged_or_defective,negative,The product never turned on or lit up despite charging.,f,CE
2018-07-23,1,wrong_or_missing_item,negative,"Received the wrong product, a pet waterer instead of a pet blower with someone else's invoice.",f,SP
2018-07-23,1,seller_or_service,negative,Still waiting for the product. Sent two emails and got no response. Lack of consideration.,,RJ
2018-07-23,1,damaged_or_defective,negative,"The product does not give the correct voltage, preventing it from working.",f,MG
2018-07-23,2,late_delivery,negative,Delivery was expected on August 1st. Today is August 3rd and we still haven't received it.,,SP
2018-07-23,3,poor_quality,negative,"One of the leaf stampers does not work at all, it fails to mold EVA.",f,SP
2018-07-24,5,positive,positive,Congratulations once again for the commitment made and fulfilled.,f,SP
2018-07-24,5,positive,positive,"Loved my purchase, everything arrived as imagined, perfect, definitely recommend.",f,RS
2018-07-24,3,wrong_or_missing_item,neutral,I requested 220 volts and they delivered 110 volts. I want the 220 volts resistors sent.,f,SP
2018-07-24,1,seller_or_service,negative,"The third-party company is unreliable, sells out-of-stock items, and makes it hard to get a refund.",,SP
2018-07-24,1,seller_or_service,negative,Need to make an exchange but cannot get support on the website.,f,SP
2018-07-24,4,positive,positive,"Haven't installed it yet, but great cost-benefit.",f,SP
2018-07-24,1,not_received,negative,I did not receive the product.,,RJ
2018-07-25,5,positive,positive,The product arrived home a little delayed.,f,SP
2018-07-25,1,wrong_or_missing_item,negative,"Wanted a contact phone, bought two safes, only one arrived and without an invoice.",f,PE
2018-07-25,2,wrong_or_missing_item,negative,Ordered one product and received another.,f,RJ
2018-07-25,5,positive,positive,This store is excellent for shopping.,f,SP
2018-07-25,5,positive,positive,Fantastic.,f,PR
2018-07-25,2,wrong_or_missing_item,negative,"Bought an original packaged product, but received an unboxed one wrapped in bubble wrap.",f,SP
2018-07-25,1,damaged_or_defective,negative,Product did not fit my car and came with a broken CD.,f,SP
2018-07-26,3,other,neutral,The invoice did not come with the product.,f,RJ
2018-07-26,2,poor_quality,negative,"Works as a rabbit hutch, but very simple, poorly finished, and no instructions.",f,RJ
2018-07-26,3,seller_or_service,negative,I paid for shipping but had to pick it up at the post office; service was unpleasant.,f,SP
2018-07-26,1,wrong_or_missing_item,negative,One of the items was missing.,f,RS
2018-07-26,5,positive,positive,Agile store and products delivered as agreed! I recommend.,f,SP
2018-07-27,2,poor_quality,negative,Glasses came with lenses from another brand causing visual distortion. Only frame seems original.,f,RJ
2018-07-27,1,damaged_or_defective,negative,"The mini scanner is not working, I need to exchange the product.",f,SP
2018-07-27,5,positive,positive,"Great website, fast delivery.",f,MG
2018-07-27,1,poor_quality,negative,"Purchased cartridges were recognized as fake by the printer, ruining print jobs.",f,RJ
2018-07-27,2,not_received,negative,"I haven't received my order yet, not sure if it is the partner's or shipping's fault.",t,PB
2018-07-27,1,seller_or_service,negative,"I requested cancellation right after ordering the wrong item, but it was not processed.",f,GO
2018-07-28,1,poor_quality,negative,"Charger arrived on time, but is fake and has a faulty cable. Returning it.",f,SP
2018-07-28,3,positive,positive,The watch was delivered ahead of schedule and in perfect condition.,f,RJ
2018-07-28,3,poor_quality,neutral,"Product works well, but the grinding mouth's finishing material is porous and hard to clean.",f,PR
2018-07-28,1,not_received,negative,Received nothing and cannot contact customer support. Please help.,f,SP
2018-07-28,1,wrong_or_missing_item,negative,Ordered chocolate flavor and received vanilla. Very upset.,f,RJ
2018-07-28,3,poor_quality,neutral,"The product is good and worth the price, but it is not 100% cotton.",f,SP
2018-07-28,5,positive,positive,Great.,f,MT
2018-07-28,5,positive,positive,Very good product. Delivery exceeded expectations.,f,SP
2018-07-29,1,wrong_or_missing_item,negative,"Ordered two products, received one, waiting for the second.",f,SP
2018-07-29,2,damaged_or_defective,negative,"Came without an eyelet causing the fabric to fray, hope the replacement is perfect.",f,SP
2018-07-29,1,late_delivery,negative,"Still haven't received the product, past the estimated deadline despite paying shipping.",,RJ
2018-07-29,2,poor_quality,negative,"I misunderstood the dimensions; I thought 16cm was the width, not the height.",f,RJ
2018-07-29,1,seller_or_service,negative,Still have not received a response regarding the reason for the delay.,t,SP
2018-07-29,1,other,neutral,Reasonable store.,,GO
2018-07-30,1,not_received,negative,Product not delivered and no explanation given to the customer.,,SP
2018-07-30,3,wrong_or_missing_item,neutral,The ink brand received was different from the one shown in the photo.,f,RN
2018-07-30,2,wrong_or_missing_item,negative,"The product did not fit my vehicle, which is why I am returning it.",f,RN
2018-07-30,1,not_received,negative,Product has not been delivered yet and no one contacted me.,t,SP
2018-07-30,5,positive,positive,"Product arrived on time, well packaged and without damage or defects.",f,PB
2018-07-30,1,wrong_or_missing_item,negative,"Late arrival, wrong and poorly packaged product, with another person's invoice. Terrible!",f,MG
2018-07-30,1,wrong_or_missing_item,negative,The product did not match the advertisement.,f,SP
2018-07-30,3,wrong_or_missing_item,negative,Only 1 of the products was delivered (the rope). I did not receive the hand paddle.,f,RJ
2018-07-30,5,positive,positive,The product is of high quality and lives up to its promise.,f,BA
2018-07-30,1,wrong_or_missing_item,negative,"Brought a bath cushion for 100, but invoice says 75; demanding refund from trash store.",f,SP
2018-07-31,3,other,neutral,Did not come in a nice box like champion watches usually do.,f,SP
2018-07-31,4,positive,positive,Loved it.,f,SP
2018-07-31,1,not_received,negative,"I am worried, the status says delivered on 06/08, but I have not received the order yet.",f,SP
2018-07-31,5,positive,positive,Product received correctly and on time.,t,SP
2018-07-31,1,not_received,negative,I have not yet received the pen and pencil holder desk organizer.,f,RJ
2018-07-31,5,positive,positive,"Fast delivery and great service, highly satisfied with the purchase.",f,SP
2018-07-31,1,not_received,negative,Need the products as they are birthday gifts for two children. First time buying and this happens.,f,MT
2018-07-31,1,not_received,negative,They simply did not deliver and did not give any explanation.,t,SP
2018-07-31,1,late_delivery,negative,"No delivery estimate, store should value loyal customers.",,SP
2018-08-01,2,wrong_or_missing_item,negative,I bought 2 ink cartridges but received only 1.,f,MG
2018-08-01,5,positive,positive,"Quality product, fast delivery.",f,SP
2018-08-01,1,wrong_or_missing_item,negative,Product different from what was advertised.,f,RJ
2018-08-01,1,damaged_or_defective,negative,Two of the four sensors do not work despite testing.,f,BA
2018-08-01,1,not_received,negative,Order has not been delivered to this day.,t,SP
2018-08-01,1,not_received,negative,Product has not been delivered yet. Still waiting.,t,SP
2018-08-01,1,seller_or_service,negative,"I paid for shipping and had to pick it up at the post office, disrespectful.",f,SP
2018-08-01,3,poor_quality,neutral,"Delivery on time, but the screen protector edges keep peeling off.",f,SP
2018-08-02,3,wrong_or_missing_item,negative,Bought two plush toys and only one arrived. The devil emoji plush is missing.,f,DF
2018-08-02,1,wrong_or_missing_item,negative,Only gloves and beanie arrived. Tactical vest is missing and tracking says it was delivered.,f,SP
2018-08-02,3,damaged_or_defective,negative,"One kit was delivered, but the other is missing and the black ink doesn't work.",f,RJ
2018-08-02,1,damaged_or_defective,negative,"The watch stopped working after 3 days, how do I exchange it?",f,PR
2018-08-02,1,seller_or_service,negative,"Received completely wrong item, opened return request and still waiting for a response.",f,SP
2018-08-02,4,wrong_or_missing_item,negative,The suction cup and heating element were missing.,f,RS
2018-08-02,1,not_received,negative,I received nothing!,,SP
2018-08-02,1,wrong_or_missing_item,negative,I bought 10 and received only 5.,f,SP
2018-08-02,1,damaged_or_defective,negative,The charger arrived defective and does not charge the phone. How do I exchange it?,f,DF
2018-08-02,3,seller_or_service,negative,There was a failure in the sales information.,f,SP
2018-08-02,1,late_delivery,negative,The product has not been shipped yet.,,SP
2018-08-02,1,not_received,negative,"The order shows as delivered, but I did not receive anything.",f,SP
2018-08-02,2,late_delivery,negative,"Needed it for Father's Day, but it didn't arrive on time and no reason was given.",,BA
2018-08-03,5,positive,positive,Good product.,f,SP
2018-08-03,1,wrong_or_missing_item,negative,"Received completely wrong and ugly wallpaper. Opened a complaint, terrible service.",f,SP
2018-08-03,2,seller_or_service,negative,I ordered a black product and received white. Waiting for a company response to exchange or refund.,f,PR
2018-08-03,5,positive,positive,Cool.,f,PR
2018-08-03,1,poor_quality,negative,I didn't like the product. The fabric is very bad.,f,SP
2018-08-03,1,damaged_or_defective,negative,Need a refund. The product arrived smelling burnt and does not work.,t,SP
2018-08-03,2,not_received,negative,I have not received the product yet.,t,SP
2018-08-03,1,not_received,negative,"Despite order history stating delivered, nothing was received.",f,MG
2018-08-04,1,poor_quality,negative,"Poor quality product, curtain patterns are washed out compared to vibrant photos.",f,MG
2018-08-04,3,wrong_or_missing_item,neutral,One lamp was missing. I am waiting for shipment.,f,RS
2018-08-04,2,wrong_or_missing_item,negative,Accessories were missing.,f,SP
2018-08-04,3,poor_quality,neutral,"The product is what I asked for and arrived fast, but it is not quite what I expected.",f,GO
2018-08-04,3,wrong_or_missing_item,negative,Did not receive the correct product.,f,SP
2018-08-04,1,wrong_or_missing_item,negative,"Misleading advertising, taking it to consumer protection. Described as natural green tea but received mint flavor.",f,SP
2018-08-05,3,positive,positive,I liked the purchase.,f,SP
2018-08-05,3,damaged_or_defective,negative,There is a problem with the cartridge; the black one does not work.,f,PR
2018-08-05,1,wrong_or_missing_item,negative,The color of the received product is completely different from the picture.,f,MA
2018-08-05,3,positive,neutral,"Delivery was on time. Haven't tested the product yet, but it arrived correct.",f,MG
2018-08-05,1,late_delivery,negative,Still waiting for the product delivery.,t,DF
2018-08-05,1,wrong_or_missing_item,negative,Bought a bed and received a mattress cover instead. Misleading advertisement.,f,SP
2018-08-05,3,positive,positive,"I liked the product, it will be very useful, I recommend the store.",f,PA
2018-08-05,1,seller_or_service,negative,I bought it and later they told me it was out of stock.,,PR
2018-08-06,1,not_received,negative,Did not deliver the product nor gave any satisfaction.,,RJ
2018-08-06,1,not_received,negative,I still haven't received the product.,t,SP
2018-08-06,1,wrong_or_missing_item,negative,I did not receive the complete order and it is marked as delivered.,t,SP
2018-08-06,1,seller_or_service,negative,Received a used product and attempts to exchange it have been unsuccessful.,f,DF
2018-08-06,3,damaged_or_defective,neutral,"Second product received; first was fine, but the second had the seal below the lid open.",f,CE
2018-08-06,1,wrong_or_missing_item,negative,"Ordered a kit with accessories, but received only a central unit and remote control.",f,CE
2018-08-06,3,late_delivery,negative,"Was told material would be delivered home, but had to pick it up at the post office.",f,RJ
2018-08-07,1,wrong_or_missing_item,negative,"Still waiting for the pair of frames, only the curtains were delivered.",f,PR
2018-08-07,1,not_received,negative,"Bought a fridge still in production, received a message saying it won't be delivered.",f,AL
2018-08-07,1,wrong_or_missing_item,negative,Ordered two products but received only one unit.,f,RJ
2018-08-07,5,positive,positive,"Serious and competent store, wonderful product, early delivery, my favorite store.",f,RJ
2018-08-07,5,positive,positive,"Delivered early, correct size, complete kit. Better than expected.",f,SC
2018-08-07,3,damaged_or_defective,neutral,"It has defects like bracelet scratches and black stains, but I have no time to exchange.",f,SP
2018-08-07,1,not_received,negative,I have been staying home for 3 days waiting for the product and no delivery.,t,SP
2018-08-07,1,wrong_or_missing_item,negative,"Product not delivered, invoice issued under another name with a different product, cancelled independently.",f,SC
2018-08-07,4,positive,positive,According to information.,f,SP
2018-08-08,3,wrong_or_missing_item,neutral,"Only one unit arrived, but two were on the invoice. When will the second arrive?",f,PR
2018-08-08,2,poor_quality,negative,Did not like it because it is too thin and overpriced for the quality.,f,MG
2018-08-08,5,positive,positive,Excellent,f,RJ
2018-08-08,5,positive,positive,Fast delivery and product in perfect condition. Exactly what I needed. Includes screws.,f,SP
2018-08-08,1,other,neutral,I can only evaluate after receiving my product! Currently all answers are negative.,t,DF
2018-08-08,3,wrong_or_missing_item,negative,The product received did not match the photo shown at the time of purchase.,f,SP
2018-08-08,5,positive,positive,"All 10, thank you very much.",f,PR
2018-08-09,1,not_received,negative,"Crap store, did not deliver my order.",t,RJ
2018-08-09,1,poor_quality,negative,"The received product is different, inferior, and does not match specifications.",f,RS
2018-08-09,1,seller_or_service,negative,Lack of respect for the customer.,,PR
2018-08-09,5,positive,positive,Very good support.,f,MG
2018-08-09,5,positive,positive,"Product meets expectations. Very good, great cost-benefit.",t,SP
2018-08-09,4,positive,positive,I liked it.,f,SP
2018-08-09,2,wrong_or_missing_item,negative,"Only one of the pendants came, I need the others according to the invoice.",f,PE
2018-08-09,3,late_delivery,positive,"Received with 1 day delay, but I was satisfied with the product.",t,PB
2018-08-09,4,wrong_or_missing_item,neutral,"The wallet case arrived correctly, but the glass screen protector was too small.",t,SP
2018-08-10,4,positive,positive,Wonderful product delivered ahead of schedule.,f,DF
2018-08-10,3,damaged_or_defective,neutral,"Fast delivery, but one table came with a shorter leg. Waiting for a fix.",f,SC
2018-08-10,1,seller_or_service,negative,Difficult communication with the seller after purchase. First order cancelled without explanation.,t,RS
2018-08-10,1,poor_quality,negative,Pillowcases are too small and narrow for standard pillows.,f,PR
2018-08-10,1,late_delivery,negative,Pay high shipping fees and they don't deliver to your house.,t,RJ
2018-08-10,5,positive,positive,"Good product, fast delivery.",f,RJ
2018-08-10,1,wrong_or_missing_item,negative,Paid for 2 units of perfume and received only 1.,f,PR
2018-08-10,1,poor_quality,negative,"Wrong color, arrived late, lacked original tag, and ears smell like softener.",t,RS
2018-08-10,3,positive,positive,Fast delivery.,f,RJ
2018-08-11,2,damaged_or_defective,negative,Having trouble activating and getting the product to work on my cell phone.,f,BA
2018-08-11,2,wrong_or_missing_item,negative,"Wrong product. Description promised Bluetooth features it doesn't have, but I won't bother returning.",f,RS
2018-08-11,1,wrong_or_missing_item,negative,"Bought two sewing kits but received only one, despite the invoice stating two.",f,RJ
2018-08-12,1,not_received,negative,I haven't received the product yet; tracking says my address changed and I am waiting for contact.,,SP
2018-08-12,5,positive,positive,Great product value and 100% quality.,f,SP
2018-08-12,1,wrong_or_missing_item,negative,"I did not receive the ball chandelier, the painting was delivered instead.",f,RS
2018-08-13,3,poor_quality,neutral,"Product arrived dirty and dusty, looking fake or previously opened.",f,SP
2018-08-13,2,poor_quality,negative,"Thought the fabric would be better, it is very thin.",f,ES
2018-08-13,1,wrong_or_missing_item,negative,I bought a 110v grinder and they sent a 220v one. No response yet.,,SP
2018-08-13,3,late_delivery,neutral,The delivery time was just a bit too long.,f,SP
2018-08-13,1,seller_or_service,negative,Received the wrong product and the seller refuses to perform the exchange.,f,RJ
2018-08-13,5,positive,positive,Delivered before date and working properly. Recommended!,f,SP
2018-08-13,2,wrong_or_missing_item,negative,I received only part of the order.,f,SP
2018-08-13,5,positive,positive,Product is top notch.,f,SP
2018-08-14,1,seller_or_service,negative,"Want to return product, filed request over 48 hours ago with no response. Height differs from ad.",f,SP
2018-08-14,1,seller_or_service,negative,Incomplete delivery and unable to reach customer service by phone. Deplorable.,f,SP
2018-08-14,1,damaged_or_defective,negative,"Product arrived damaged with a cracked body, though it is functional.",f,PE
2018-08-14,5,positive,positive,"Haven't used the product yet, but it arrived on time.",f,PE
2018-08-14,1,wrong_or_missing_item,negative,"Received a different, unknown brand instead of the Revlon brush ordered. Still waiting for a response.",f,SP
2018-08-14,2,wrong_or_missing_item,negative,The charger is different from the picture and is a knockoff!,t,SP
2018-08-14,5,positive,positive,"Excellent, I recommend it.",f,SP
2018-08-15,5,positive,positive,Everything is perfect.,f,RJ
2018-08-15,2,poor_quality,negative,The product did not match the illustrative photo. I was disappointed.,f,GO
2018-08-15,3,not_received,neutral,"I have not received the stool yet, but the blankets are all perfect.",f,SP
2018-08-15,1,wrong_or_missing_item,negative,"Hello good afternoon, series 2 doll did not come, series 3 came instead.",f,RJ
2018-08-16,3,wrong_or_missing_item,neutral,Excellent product! Only came in the wrong color.,f,RJ
2018-08-16,2,late_delivery,negative,"Don't know if I'll receive the product, but already upset they missed the deadline.",f,SP
2018-08-16,5,positive,positive,"Arrived very fast, correct product, highly recommend!",f,SP
2018-08-16,2,wrong_or_missing_item,negative,"I only received the pillowcase set, not the fitted sheet.",f,RJ
2018-08-16,1,damaged_or_defective,negative,"Product has rustic, poorly finished wood, detached from support, unvarnished, with a mismatched strainer rim.",f,RJ
2018-08-16,3,other,neutral,I just thought this wallet model was large.,f,MG
2018-08-16,5,positive,positive,My package arrived well before the delivery deadline. Loved it.,f,SP
2018-08-16,3,poor_quality,negative,Quality lower than expected.,f,RJ
2018-08-16,1,poor_quality,negative,"Very bad, do not recommend.",f,SP
2018-08-17,1,wrong_or_missing_item,negative,"Product arrived opened, though it works. Did not like that it was open.",f,RJ
2018-08-17,1,not_received,negative,I do not have the product in hand!,f,PI
2018-08-17,2,wrong_or_missing_item,negative,They only delivered one! Terrible.,f,SP
2018-08-17,3,wrong_or_missing_item,negative,"Bought 3 air conditioner deflectors, only 2 arrived. Seller hasn't sent the last one.",f,MG
2018-08-17,4,positive,positive,Very fast delivery.,f,DF
2018-08-17,1,seller_or_service,negative,Order was cancelled but store shipped anyway. Returned product and want a refund on my credit card.,,SP
2018-08-18,3,late_delivery,neutral,I had to go pick it up.,t,SP
2018-08-18,1,poor_quality,negative,"The doll is not like the image on the site, I am very disappointed.",f,SP
2018-08-18,5,positive,positive,Order arrived in perfect condition and well ahead of schedule!,f,RJ
2018-08-18,5,positive,positive,"Worth it, great prices.",f,SP
2018-08-18,1,not_received,negative,"Bought on site thinking it was safe, paid cash, but product never arrived.",,GO
2018-08-18,3,poor_quality,negative,"The listing lacked fabric info, making it look like 100% cotton percale, but it was only 80%.",f,SP
2018-08-19,1,wrong_or_missing_item,negative,"Ordered a bottle and towels, but only the bottle arrived. Want a response.",f,SP
2018-08-19,3,seller_or_service,neutral,Emailed the store but received no response yet; their two-day deadline ends today.,f,MG
2018-08-19,3,wrong_or_missing_item,neutral,"Bought a Moto Z2 case, but received a Moto Z case.",f,SP
2018-08-20,3,late_delivery,negative,Cannot evaluate yet as I haven't received the product due to post office failure.,,SP
2018-08-20,1,wrong_or_missing_item,negative,The delivered product was not the one ordered.,f,RJ
2018-08-20,1,late_delivery,negative,"Product was supposed to be delivered on August 23rd, but still not received by the 24th.",t,SP
2018-08-20,5,positive,positive,"I liked it a lot, delivered ahead of schedule, congratulations to the team.",f,MG
2018-08-20,2,wrong_or_missing_item,negative,"Bought all-black watch with black clasp and name, but received silver clasp and no name.",f,RJ
2018-08-20,1,seller_or_service,negative,I want a refund.,f,GO
2018-08-20,4,poor_quality,neutral,"Delivery on time and well packaged, but charger lacks certification and freezes the phone.",f,SP
2018-08-20,2,poor_quality,negative,"Found the finish very simple, just overlock. No hem or indicator for the middle.",f,SP
2018-08-21,1,not_received,negative,It was the only ordered product that was not delivered.,,SP
2018-08-21,1,seller_or_service,negative,I requested cancellation and they delivered the product anyway.,f,RJ
2018-08-21,2,other,neutral,"I received the product, haven't used it yet, so I cannot rate it.",f,SC
2018-08-21,5,positive,positive,Product arrived fast and in perfect condition.,f,SP
2018-08-22,1,late_delivery,negative,Still waiting to see if my order arrives on time.,f,MG
2018-08-22,2,poor_quality,negative,"I found the towels very weak; despite the low price, I thought it was a promotion rather than small, fragile towels.",f,SP
2018-08-22,5,positive,positive,Received before deadline! Well packaged!,f,MG
2018-08-22,3,poor_quality,negative,I did not like the product quality; it looked better in the picture.,f,SP
2018-08-23,3,wrong_or_missing_item,neutral,"Good quality product, but the cable was 1 meter instead of the advertised 3 meters.",f,SP
2018-08-23,1,seller_or_service,negative,Requested a cancellation without response; the product arrived and it's not what I wanted.,f,SP
2018-08-23,1,damaged_or_defective,negative,The product arrived defective.,f,MG
2018-08-24,5,positive,positive,Great product and fast delivery! Tracking feature was unavailable though.,f,SP
2018-08-24,5,positive,positive,Product delivered ahead of schedule in perfect condition. Loved it.,f,SP
2018-08-24,5,positive,positive,"Product delivered on time, very good.",f,PR
2018-08-25,5,positive,positive,Arrived ahead of schedule! Congratulations!,f,SP
2018-08-27,1,damaged_or_defective,negative,"Arrived on time and intact, but the car vacuum cleaner does not work.",f,SP
2018-08-28,3,positive,positive,Product meets expectations and super fast delivery.,f,SP
2018-08-28,1,wrong_or_missing_item,negative,Product did not arrive as purchased.,,DF
2018-08-28,2,wrong_or_missing_item,negative,The curtain size was incorrect. They offered discount coupons instead of an exchange. I do not recommend it.,f,SP
2018-08-30,1,not_received,negative,I did not receive my product.,,SP
